Date;Time;Severity;TID;This;Function;Message
2024/10/27;20:42:47.921;DEBUG;2996;0000000000000000;BaslerControl::openCamera@8;"正在连接Basler相机... ..."
2024/10/27;20:42:48.736;ERROR;2996;0000000000000000;BaslerControl::openCamera@14;"未找到Basler相机，请检查相机连接情况"
2024/10/27;20:44:01.956;DEBUG;23048;0000000000000000;BaslerControl::openCamera@8;"正在连接Basler相机... ..."
2024/10/27;20:44:02.330;ERROR;23048;0000000000000000;BaslerControl::openCamera@14;"未找到Basler相机，请检查相机连接情况"
2024/10/27;20:53:44.215;DEBUG;32196;0000000000000000;BaslerControl::openCamera@8;"正在连接Basler相机... ..."
2024/10/27;20:53:44.699;DEBUG;32196;0000000000000000;BaslerControl::openCamera@22;"尝试打开Basler相机..."
2024/10/27;20:53:44.780;DEBUG;32196;0000000000000000;BaslerControl::openCamera@24;"已经打开Basler相机"
2024/10/27;20:53:44.809;DEBUG;32196;0000000000000000;BaslerControl::openCamera@47;"Basler相机连接成功"
2024/10/27;20:58:07.148;DEBUG;31836;0000000000000000;BaslerControl::openCamera@8;"正在连接Basler相机... ..."
2024/10/27;20:58:07.617;DEBUG;31836;0000000000000000;BaslerControl::openCamera@22;"尝试打开Basler相机..."
2024/10/27;20:58:07.693;DEBUG;31836;0000000000000000;BaslerControl::openCamera@24;"已经打开Basler相机"
2024/10/27;20:58:07.717;DEBUG;31836;0000000000000000;BaslerControl::openCamera@47;"Basler相机连接成功"
2024/10/27;20:59:16.336;ERROR;31836;0000000000000000;BaslerControl::openCamera@71;"图片保存成功"
2024/10/27;21:01:37.483;DEBUG;31224;0000000000000000;BaslerControl::openCamera@8;"正在连接Basler相机... ..."
2024/10/27;21:01:37.998;DEBUG;31224;0000000000000000;BaslerControl::openCamera@22;"尝试打开Basler相机..."
2024/10/27;21:01:38.074;DEBUG;31224;0000000000000000;BaslerControl::openCamera@24;"已经打开Basler相机"
2024/10/27;21:01:38.092;DEBUG;31224;0000000000000000;BaslerControl::openCamera@47;"Basler相机连接成功"
2024/10/27;21:01:38.185;DEBUG;32300;0000000000000000;Yolo11SegInference::inferSegAndCalcTime@47;"cost 3.997 ms"
2024/10/27;21:01:38.207;DEBUG;32300;0000000000000000;Yolo11SegInference::inferSegAndCalcTime@47;"cost 3.837 ms"
2024/10/27;21:01:38.229;DEBUG;32300;0000000000000000;Yolo11SegInference::inferSegAndCalcTime@47;"cost 3.648 ms"
2024/10/27;21:01:38.251;DEBUG;32300;0000000000000000;Yolo11SegInference::inferSegAndCalcTime@47;"cost 3.772 ms"
2024/10/27;21:01:38.273;DEBUG;32300;0000000000000000;Yolo11SegInference::inferSegAndCalcTime@47;"cost 4.297 ms"
2024/10/27;21:01:38.298;DEBUG;32300;0000000000000000;Yolo11SegInference::inferSegAndCalcTime@47;"cost 4.699 ms"
2024/10/27;21:01:38.319;DEBUG;32300;0000000000000000;Yolo11SegInference::inferSegAndCalcTime@47;"cost 4.193 ms"
2024/10/27;21:01:38.342;DEBUG;32300;0000000000000000;Yolo11SegInference::inferSegAndCalcTime@47;"cost 4.265 ms"
2024/10/27;21:01:38.367;DEBUG;32300;0000000000000000;Yolo11SegInference::inferSegAndCalcTime@47;"cost 4.014 ms"
2024/10/27;21:01:38.390;DEBUG;32300;0000000000000000;Yolo11SegInference::inferSegAndCalcTime@47;"cost 4.48 ms"
2024/10/27;21:01:38.414;DEBUG;32300;0000000000000000;Yolo11SegInference::inferSegAndCalcTime@47;"cost 4.003 ms"
2024/10/27;21:01:38.435;DEBUG;32300;0000000000000000;Yolo11SegInference::inferSegAndCalcTime@47;"cost 4.021 ms"
2024/10/27;21:01:38.457;DEBUG;32300;0000000000000000;Yolo11SegInference::inferSegAndCalcTime@47;"cost 4.286 ms"
2024/10/27;21:01:38.480;DEBUG;32300;0000000000000000;Yolo11SegInference::inferSegAndCalcTime@47;"cost 4.497 ms"
2024/10/27;21:01:38.501;DEBUG;32300;0000000000000000;Yolo11SegInference::inferSegAndCalcTime@47;"cost 3.734 ms"
2024/10/27;21:01:38.522;DEBUG;32300;0000000000000000;Yolo11SegInference::inferSegAndCalcTime@47;"cost 4.558 ms"
2024/10/27;21:01:38.545;DEBUG;32300;0000000000000000;Yolo11SegInference::inferSegAndCalcTime@47;"cost 3.741 ms"
2024/10/27;21:01:38.565;DEBUG;32300;0000000000000000;Yolo11SegInference::inferSegAndCalcTime@47;"cost 3.865 ms"
2024/10/27;21:01:38.586;DEBUG;32300;0000000000000000;Yolo11SegInference::inferSegAndCalcTime@47;"cost 4.003 ms"
2024/10/27;21:01:38.609;DEBUG;32300;0000000000000000;Yolo11SegInference::inferSegAndCalcTime@47;"cost 3.761 ms"
2024/10/27;21:01:38.633;DEBUG;32300;0000000000000000;Yolo11SegInference::inferSegAndCalcTime@47;"cost 4.509 ms"
2024/10/27;21:01:38.657;DEBUG;32300;0000000000000000;Yolo11SegInference::inferSegAndCalcTime@47;"cost 5.114 ms"
2024/10/27;21:01:38.681;DEBUG;32300;0000000000000000;Yolo11SegInference::inferSegAndCalcTime@47;"cost 4.509 ms"
2024/10/27;21:01:38.706;DEBUG;32300;0000000000000000;Yolo11SegInference::inferSegAndCalcTime@47;"cost 5.219 ms"
2024/10/27;21:01:38.731;DEBUG;32300;0000000000000000;Yolo11SegInference::inferSegAndCalcTime@47;"cost 3.996 ms"
2024/10/27;21:01:38.752;DEBUG;32300;0000000000000000;Yolo11SegInference::inferSegAndCalcTime@47;"cost 3.819 ms"
2024/10/27;21:01:38.779;DEBUG;32300;0000000000000000;Yolo11SegInference::inferSegAndCalcTime@47;"cost 4.481 ms"
2024/10/27;21:01:38.802;DEBUG;32300;0000000000000000;Yolo11SegInference::inferSegAndCalcTime@47;"cost 4.503 ms"
2024/10/27;21:01:38.823;DEBUG;32300;0000000000000000;Yolo11SegInference::inferSegAndCalcTime@47;"cost 3.658 ms"
2024/10/27;21:01:38.849;DEBUG;32300;0000000000000000;Yolo11SegInference::inferSegAndCalcTime@47;"cost 4.308 ms"
2024/10/27;21:01:38.877;DEBUG;32300;0000000000000000;Yolo11SegInference::inferSegAndCalcTime@47;"cost 5.447 ms"
2024/10/27;21:01:38.900;DEBUG;32300;0000000000000000;Yolo11SegInference::inferSegAndCalcTime@47;"cost 3.858 ms"
2024/10/27;21:01:38.923;DEBUG;32300;0000000000000000;Yolo11SegInference::inferSegAndCalcTime@47;"cost 4.202 ms"
2024/10/27;21:01:38.947;DEBUG;32300;0000000000000000;Yolo11SegInference::inferSegAndCalcTime@47;"cost 4.301 ms"
2024/10/27;21:01:38.971;DEBUG;32300;0000000000000000;Yolo11SegInference::inferSegAndCalcTime@47;"cost 3.959 ms"
2024/10/27;21:01:38.994;DEBUG;32300;0000000000000000;Yolo11SegInference::inferSegAndCalcTime@47;"cost 3.946 ms"
2024/10/27;21:01:39.017;DEBUG;32300;0000000000000000;Yolo11SegInference::inferSegAndCalcTime@47;"cost 4.543 ms"
2024/10/27;21:01:39.040;DEBUG;32300;0000000000000000;Yolo11SegInference::inferSegAndCalcTime@47;"cost 4.236 ms"
2024/10/27;21:01:39.061;DEBUG;32300;0000000000000000;Yolo11SegInference::inferSegAndCalcTime@47;"cost 3.729 ms"
2024/10/27;21:01:39.088;DEBUG;32300;0000000000000000;Yolo11SegInference::inferSegAndCalcTime@47;"cost 4.635 ms"
2024/10/27;21:01:39.112;DEBUG;32300;0000000000000000;Yolo11SegInference::inferSegAndCalcTime@47;"cost 4.188 ms"
2024/10/27;21:01:39.136;DEBUG;32300;0000000000000000;Yolo11SegInference::inferSegAndCalcTime@47;"cost 3.633 ms"
2024/10/27;21:01:39.161;DEBUG;32300;0000000000000000;Yolo11SegInference::inferSegAndCalcTime@47;"cost 4.444 ms"
2024/10/27;21:01:39.185;DEBUG;32300;0000000000000000;Yolo11SegInference::inferSegAndCalcTime@47;"cost 3.566 ms"
2024/10/27;21:01:39.208;DEBUG;32300;0000000000000000;Yolo11SegInference::inferSegAndCalcTime@47;"cost 4.353 ms"
2024/10/27;21:01:39.235;DEBUG;32300;0000000000000000;Yolo11SegInference::inferSegAndCalcTime@47;"cost 4.108 ms"
2024/10/27;21:01:39.259;DEBUG;32300;0000000000000000;Yolo11SegInference::inferSegAndCalcTime@47;"cost 4.281 ms"
2024/10/27;21:01:39.282;DEBUG;32300;0000000000000000;Yolo11SegInference::inferSegAndCalcTime@47;"cost 3.737 ms"
2024/10/27;21:01:39.304;DEBUG;32300;0000000000000000;Yolo11SegInference::inferSegAndCalcTime@47;"cost 3.876 ms"
2024/10/27;21:01:39.327;DEBUG;32300;0000000000000000;Yolo11SegInference::inferSegAndCalcTime@47;"cost 4.539 ms"
2024/10/27;21:01:39.354;DEBUG;32300;0000000000000000;Yolo11SegInference::inferSegAndCalcTime@47;"cost 3.964 ms"
2024/10/27;21:01:39.377;DEBUG;32300;0000000000000000;Yolo11SegInference::inferSegAndCalcTime@47;"cost 4.097 ms"
2024/10/27;21:01:39.401;DEBUG;32300;0000000000000000;Yolo11SegInference::inferSegAndCalcTime@47;"cost 4.056 ms"
2024/10/27;21:01:39.425;DEBUG;32300;0000000000000000;Yolo11SegInference::inferSegAndCalcTime@47;"cost 4.416 ms"
2024/10/27;21:01:39.447;DEBUG;32300;0000000000000000;Yolo11SegInference::inferSegAndCalcTime@47;"cost 3.781 ms"
2024/10/27;21:01:39.470;DEBUG;32300;0000000000000000;Yolo11SegInference::inferSegAndCalcTime@47;"cost 4.007 ms"
2024/10/27;21:01:39.494;DEBUG;32300;0000000000000000;Yolo11SegInference::inferSegAndCalcTime@47;"cost 4.359 ms"
2024/10/27;21:01:39.518;DEBUG;32300;0000000000000000;Yolo11SegInference::inferSegAndCalcTime@47;"cost 3.887 ms"
2024/10/27;21:01:39.543;DEBUG;32300;0000000000000000;Yolo11SegInference::inferSegAndCalcTime@47;"cost 5.452 ms"
2024/10/27;21:01:39.566;DEBUG;32300;0000000000000000;Yolo11SegInference::inferSegAndCalcTime@47;"cost 3.884 ms"
2024/10/27;21:01:39.591;DEBUG;32300;0000000000000000;Yolo11SegInference::inferSegAndCalcTime@47;"cost 5.199 ms"
2024/10/27;21:01:39.614;DEBUG;32300;0000000000000000;Yolo11SegInference::inferSegAndCalcTime@47;"cost 4.074 ms"
2024/10/27;21:01:39.638;DEBUG;32300;0000000000000000;Yolo11SegInference::inferSegAndCalcTime@47;"cost 4.272 ms"
2024/10/27;21:01:39.661;DEBUG;32300;0000000000000000;Yolo11SegInference::inferSegAndCalcTime@47;"cost 4.057 ms"
2024/10/27;21:01:39.685;DEBUG;32300;0000000000000000;Yolo11SegInference::inferSegAndCalcTime@47;"cost 4.307 ms"
2024/10/27;21:01:39.708;DEBUG;32300;0000000000000000;Yolo11SegInference::inferSegAndCalcTime@47;"cost 4.204 ms"
2024/10/27;21:01:39.731;DEBUG;32300;0000000000000000;Yolo11SegInference::inferSegAndCalcTime@47;"cost 3.813 ms"
2024/10/27;21:01:39.755;DEBUG;32300;0000000000000000;Yolo11SegInference::inferSegAndCalcTime@47;"cost 3.739 ms"
2024/10/27;21:01:39.776;DEBUG;32300;0000000000000000;Yolo11SegInference::inferSegAndCalcTime@47;"cost 3.751 ms"
2024/10/27;21:01:39.805;DEBUG;32300;0000000000000000;Yolo11SegInference::inferSegAndCalcTime@47;"cost 4.735 ms"
2024/10/27;21:01:39.826;DEBUG;32300;0000000000000000;Yolo11SegInference::inferSegAndCalcTime@47;"cost 3.7 ms"
2024/10/27;21:01:39.848;DEBUG;32300;0000000000000000;Yolo11SegInference::inferSegAndCalcTime@47;"cost 3.723 ms"
2024/10/27;21:01:39.877;DEBUG;32300;0000000000000000;Yolo11SegInference::inferSegAndCalcTime@47;"cost 5.314 ms"
2024/10/27;21:01:39.900;DEBUG;32300;0000000000000000;Yolo11SegInference::inferSegAndCalcTime@47;"cost 3.757 ms"
2024/10/27;21:01:39.921;DEBUG;32300;0000000000000000;Yolo11SegInference::inferSegAndCalcTime@47;"cost 4.349 ms"
2024/10/27;21:01:39.942;DEBUG;32300;0000000000000000;Yolo11SegInference::inferSegAndCalcTime@47;"cost 3.703 ms"
2024/10/27;21:01:39.967;DEBUG;32300;0000000000000000;Yolo11SegInference::inferSegAndCalcTime@47;"cost 4.62 ms"
2024/10/27;21:01:39.991;DEBUG;32300;0000000000000000;Yolo11SegInference::inferSegAndCalcTime@47;"cost 4.686 ms"
2024/10/27;21:01:40.014;DEBUG;32300;0000000000000000;Yolo11SegInference::inferSegAndCalcTime@47;"cost 3.95 ms"
2024/10/27;21:01:40.038;DEBUG;32300;0000000000000000;Yolo11SegInference::inferSegAndCalcTime@47;"cost 4.919 ms"
2024/10/27;21:01:40.066;DEBUG;32300;0000000000000000;Yolo11SegInference::inferSegAndCalcTime@47;"cost 4.511 ms"
2024/10/27;21:01:40.086;DEBUG;32300;0000000000000000;Yolo11SegInference::inferSegAndCalcTime@47;"cost 3.8 ms"
2024/10/27;21:01:40.113;DEBUG;32300;0000000000000000;Yolo11SegInference::inferSegAndCalcTime@47;"cost 4.737 ms"
2024/10/27;21:01:40.133;DEBUG;32300;0000000000000000;Yolo11SegInference::inferSegAndCalcTime@47;"cost 3.741 ms"
2024/10/27;21:01:40.157;DEBUG;32300;0000000000000000;Yolo11SegInference::inferSegAndCalcTime@47;"cost 4.945 ms"
2024/10/27;21:01:40.183;DEBUG;32300;0000000000000000;Yolo11SegInference::inferSegAndCalcTime@47;"cost 3.625 ms"
2024/10/27;21:01:40.207;DEBUG;32300;0000000000000000;Yolo11SegInference::inferSegAndCalcTime@47;"cost 4.119 ms"
2024/10/27;21:01:40.229;DEBUG;32300;0000000000000000;Yolo11SegInference::inferSegAndCalcTime@47;"cost 3.759 ms"
2024/10/27;21:01:40.254;DEBUG;32300;0000000000000000;Yolo11SegInference::inferSegAndCalcTime@47;"cost 5.016 ms"
2024/10/27;21:01:40.278;DEBUG;32300;0000000000000000;Yolo11SegInference::inferSegAndCalcTime@47;"cost 3.694 ms"
2024/10/27;21:01:40.302;DEBUG;32300;0000000000000000;Yolo11SegInference::inferSegAndCalcTime@47;"cost 3.622 ms"
2024/10/27;21:01:40.323;DEBUG;32300;0000000000000000;Yolo11SegInference::inferSegAndCalcTime@47;"cost 3.77 ms"
2024/10/27;21:01:40.348;DEBUG;32300;0000000000000000;Yolo11SegInference::inferSegAndCalcTime@47;"cost 4.592 ms"
2024/10/27;21:01:40.372;DEBUG;32300;0000000000000000;Yolo11SegInference::inferSegAndCalcTime@47;"cost 5.097 ms"
2024/10/27;21:01:40.396;DEBUG;32300;0000000000000000;Yolo11SegInference::inferSegAndCalcTime@47;"cost 3.773 ms"
2024/10/27;21:01:40.420;DEBUG;32300;0000000000000000;Yolo11SegInference::inferSegAndCalcTime@47;"cost 4.554 ms"
2024/10/27;21:01:40.444;DEBUG;32300;0000000000000000;Yolo11SegInference::inferSegAndCalcTime@47;"cost 5.034 ms"
2024/10/27;21:01:40.467;DEBUG;32300;0000000000000000;Yolo11SegInference::inferSegAndCalcTime@47;"cost 4.088 ms"
2024/10/27;21:01:40.492;DEBUG;32300;0000000000000000;Yolo11SegInference::inferSegAndCalcTime@47;"cost 4.477 ms"
2024/10/27;21:01:40.515;DEBUG;32300;0000000000000000;Yolo11SegInference::inferSegAndCalcTime@47;"cost 3.669 ms"
2024/10/27;21:01:40.539;DEBUG;32300;0000000000000000;Yolo11SegInference::inferSegAndCalcTime@47;"cost 4.92 ms"
2024/10/27;21:01:40.562;DEBUG;32300;0000000000000000;Yolo11SegInference::inferSegAndCalcTime@47;"cost 3.915 ms"
2024/10/27;21:01:40.589;DEBUG;32300;0000000000000000;Yolo11SegInference::inferSegAndCalcTime@47;"cost 4.957 ms"
2024/10/27;21:01:40.611;DEBUG;32300;0000000000000000;Yolo11SegInference::inferSegAndCalcTime@47;"cost 3.741 ms"
2024/10/27;21:01:40.634;DEBUG;32300;0000000000000000;Yolo11SegInference::inferSegAndCalcTime@47;"cost 3.647 ms"
2024/10/27;21:01:40.659;DEBUG;32300;0000000000000000;Yolo11SegInference::inferSegAndCalcTime@47;"cost 4.604 ms"
2024/10/27;21:01:40.681;DEBUG;32300;0000000000000000;Yolo11SegInference::inferSegAndCalcTime@47;"cost 3.575 ms"
2024/10/27;21:01:40.707;DEBUG;32300;0000000000000000;Yolo11SegInference::inferSegAndCalcTime@47;"cost 4.098 ms"
2024/10/27;21:01:40.730;DEBUG;32300;0000000000000000;Yolo11SegInference::inferSegAndCalcTime@47;"cost 3.819 ms"
2024/10/27;21:01:40.756;DEBUG;32300;0000000000000000;Yolo11SegInference::inferSegAndCalcTime@47;"cost 3.748 ms"
2024/10/27;21:01:40.778;DEBUG;32300;0000000000000000;Yolo11SegInference::inferSegAndCalcTime@47;"cost 3.759 ms"
2024/10/27;21:01:40.800;DEBUG;32300;0000000000000000;Yolo11SegInference::inferSegAndCalcTime@47;"cost 3.82 ms"
2024/10/27;21:01:40.825;DEBUG;32300;0000000000000000;Yolo11SegInference::inferSegAndCalcTime@47;"cost 4.367 ms"
2024/10/27;21:01:40.849;DEBUG;32300;0000000000000000;Yolo11SegInference::inferSegAndCalcTime@47;"cost 4.673 ms"
2024/10/27;21:01:40.872;DEBUG;32300;0000000000000000;Yolo11SegInference::inferSegAndCalcTime@47;"cost 4.136 ms"
2024/10/27;21:01:40.895;DEBUG;32300;0000000000000000;Yolo11SegInference::inferSegAndCalcTime@47;"cost 3.791 ms"
2024/10/27;21:01:40.919;DEBUG;32300;0000000000000000;Yolo11SegInference::inferSegAndCalcTime@47;"cost 3.693 ms"
2024/10/27;21:01:40.944;DEBUG;32300;0000000000000000;Yolo11SegInference::inferSegAndCalcTime@47;"cost 4.599 ms"
2024/10/27;21:01:40.967;DEBUG;32300;0000000000000000;Yolo11SegInference::inferSegAndCalcTime@47;"cost 3.921 ms"
2024/10/27;21:01:40.992;DEBUG;32300;0000000000000000;Yolo11SegInference::inferSegAndCalcTime@47;"cost 5.433 ms"
2024/10/27;21:01:41.015;DEBUG;32300;0000000000000000;Yolo11SegInference::inferSegAndCalcTime@47;"cost 4.488 ms"
2024/10/27;21:01:41.042;DEBUG;32300;0000000000000000;Yolo11SegInference::inferSegAndCalcTime@47;"cost 6.309 ms"
2024/10/27;21:01:41.064;DEBUG;32300;0000000000000000;Yolo11SegInference::inferSegAndCalcTime@47;"cost 4.789 ms"
2024/10/27;21:01:41.087;DEBUG;32300;0000000000000000;Yolo11SegInference::inferSegAndCalcTime@47;"cost 4.961 ms"
2024/10/27;21:01:41.113;DEBUG;32300;0000000000000000;Yolo11SegInference::inferSegAndCalcTime@47;"cost 5.27 ms"
2024/10/27;21:01:41.135;DEBUG;32300;0000000000000000;Yolo11SegInference::inferSegAndCalcTime@47;"cost 4.68 ms"
2024/10/27;21:01:41.158;DEBUG;32300;0000000000000000;Yolo11SegInference::inferSegAndCalcTime@47;"cost 4.572 ms"
2024/10/27;21:01:41.181;DEBUG;32300;0000000000000000;Yolo11SegInference::inferSegAndCalcTime@47;"cost 4.61 ms"
2024/10/27;21:01:41.210;DEBUG;32300;0000000000000000;Yolo11SegInference::inferSegAndCalcTime@47;"cost 5.879 ms"
2024/10/27;21:01:41.232;DEBUG;32300;0000000000000000;Yolo11SegInference::inferSegAndCalcTime@47;"cost 4.588 ms"
2024/10/27;21:01:41.254;DEBUG;32300;0000000000000000;Yolo11SegInference::inferSegAndCalcTime@47;"cost 5.07 ms"
2024/10/27;21:01:41.278;DEBUG;32300;0000000000000000;Yolo11SegInference::inferSegAndCalcTime@47;"cost 4.615 ms"
2024/10/27;21:01:41.304;DEBUG;32300;0000000000000000;Yolo11SegInference::inferSegAndCalcTime@47;"cost 4.585 ms"
2024/10/27;21:01:41.328;DEBUG;32300;0000000000000000;Yolo11SegInference::inferSegAndCalcTime@47;"cost 5.2 ms"
2024/10/27;21:01:41.351;DEBUG;32300;0000000000000000;Yolo11SegInference::inferSegAndCalcTime@47;"cost 4.98 ms"
2024/10/27;21:01:41.374;DEBUG;32300;0000000000000000;Yolo11SegInference::inferSegAndCalcTime@47;"cost 5.838 ms"
2024/10/27;21:01:41.396;DEBUG;32300;0000000000000000;Yolo11SegInference::inferSegAndCalcTime@47;"cost 4.639 ms"
2024/10/27;21:01:41.422;DEBUG;32300;0000000000000000;Yolo11SegInference::inferSegAndCalcTime@47;"cost 6.053 ms"
2024/10/27;21:01:41.447;DEBUG;32300;0000000000000000;Yolo11SegInference::inferSegAndCalcTime@47;"cost 4.61 ms"
2024/10/27;21:01:41.469;DEBUG;32300;0000000000000000;Yolo11SegInference::inferSegAndCalcTime@47;"cost 4.8 ms"
2024/10/27;21:01:41.493;DEBUG;32300;0000000000000000;Yolo11SegInference::inferSegAndCalcTime@47;"cost 4.754 ms"
2024/10/27;21:01:41.516;DEBUG;32300;0000000000000000;Yolo11SegInference::inferSegAndCalcTime@47;"cost 5.448 ms"
2024/10/27;21:01:41.541;DEBUG;32300;0000000000000000;Yolo11SegInference::inferSegAndCalcTime@47;"cost 6.285 ms"
2024/10/27;21:01:41.563;DEBUG;32300;0000000000000000;Yolo11SegInference::inferSegAndCalcTime@47;"cost 4.806 ms"
2024/10/27;21:01:41.588;DEBUG;32300;0000000000000000;Yolo11SegInference::inferSegAndCalcTime@47;"cost 5.204 ms"
2024/10/27;21:01:41.612;DEBUG;32300;0000000000000000;Yolo11SegInference::inferSegAndCalcTime@47;"cost 4.792 ms"
2024/10/27;21:01:41.634;DEBUG;32300;0000000000000000;Yolo11SegInference::inferSegAndCalcTime@47;"cost 4.756 ms"
2024/10/27;21:01:41.662;DEBUG;32300;0000000000000000;Yolo11SegInference::inferSegAndCalcTime@47;"cost 5.665 ms"
2024/10/27;21:01:41.684;DEBUG;32300;0000000000000000;Yolo11SegInference::inferSegAndCalcTime@47;"cost 4.67 ms"
2024/10/27;21:01:41.707;DEBUG;32300;0000000000000000;Yolo11SegInference::inferSegAndCalcTime@47;"cost 5.34 ms"
2024/10/27;21:01:41.731;DEBUG;32300;0000000000000000;Yolo11SegInference::inferSegAndCalcTime@47;"cost 4.806 ms"
2024/10/27;21:01:41.753;DEBUG;32300;0000000000000000;Yolo11SegInference::inferSegAndCalcTime@47;"cost 5.298 ms"
2024/10/27;21:01:41.780;DEBUG;32300;0000000000000000;Yolo11SegInference::inferSegAndCalcTime@47;"cost 5.862 ms"
2024/10/27;21:01:41.801;DEBUG;32300;0000000000000000;Yolo11SegInference::inferSegAndCalcTime@47;"cost 5.078 ms"
2024/10/27;21:01:41.826;DEBUG;32300;0000000000000000;Yolo11SegInference::inferSegAndCalcTime@47;"cost 4.885 ms"
2024/10/27;21:01:41.849;DEBUG;32300;0000000000000000;Yolo11SegInference::inferSegAndCalcTime@47;"cost 4.91 ms"
2024/10/27;21:01:41.877;DEBUG;32300;0000000000000000;Yolo11SegInference::inferSegAndCalcTime@47;"cost 6.311 ms"
2024/10/27;21:01:41.900;DEBUG;32300;0000000000000000;Yolo11SegInference::inferSegAndCalcTime@47;"cost 4.844 ms"
2024/10/27;21:01:41.925;DEBUG;32300;0000000000000000;Yolo11SegInference::inferSegAndCalcTime@47;"cost 5.807 ms"
2024/10/27;21:01:41.948;DEBUG;32300;0000000000000000;Yolo11SegInference::inferSegAndCalcTime@47;"cost 5.002 ms"
2024/10/27;21:01:41.970;DEBUG;32300;0000000000000000;Yolo11SegInference::inferSegAndCalcTime@47;"cost 5.001 ms"
2024/10/27;21:01:41.992;DEBUG;32300;0000000000000000;Yolo11SegInference::inferSegAndCalcTime@47;"cost 5.126 ms"
2024/10/27;21:01:42.015;DEBUG;32300;0000000000000000;Yolo11SegInference::inferSegAndCalcTime@47;"cost 4.873 ms"
2024/10/27;21:01:42.041;DEBUG;32300;0000000000000000;Yolo11SegInference::inferSegAndCalcTime@47;"cost 6.634 ms"
2024/10/27;21:01:42.064;DEBUG;32300;0000000000000000;Yolo11SegInference::inferSegAndCalcTime@47;"cost 4.957 ms"
2024/10/27;21:01:42.087;DEBUG;32300;0000000000000000;Yolo11SegInference::inferSegAndCalcTime@47;"cost 5.441 ms"
2024/10/27;21:01:42.111;DEBUG;32300;0000000000000000;Yolo11SegInference::inferSegAndCalcTime@47;"cost 4.977 ms"
2024/10/27;21:01:42.136;DEBUG;32300;0000000000000000;Yolo11SegInference::inferSegAndCalcTime@47;"cost 6.377 ms"
2024/10/27;21:01:42.159;DEBUG;32300;0000000000000000;Yolo11SegInference::inferSegAndCalcTime@47;"cost 5.404 ms"
2024/10/27;21:01:42.183;DEBUG;32300;0000000000000000;Yolo11SegInference::inferSegAndCalcTime@47;"cost 6.165 ms"
2024/10/27;21:01:42.210;DEBUG;32300;0000000000000000;Yolo11SegInference::inferSegAndCalcTime@47;"cost 6.417 ms"
2024/10/27;21:01:42.235;DEBUG;32300;0000000000000000;Yolo11SegInference::inferSegAndCalcTime@47;"cost 5.364 ms"
2024/10/27;21:01:42.258;DEBUG;32300;0000000000000000;Yolo11SegInference::inferSegAndCalcTime@47;"cost 5.626 ms"
2024/10/27;21:01:42.283;DEBUG;32300;0000000000000000;Yolo11SegInference::inferSegAndCalcTime@47;"cost 5.006 ms"
2024/10/27;21:01:42.306;DEBUG;32300;0000000000000000;Yolo11SegInference::inferSegAndCalcTime@47;"cost 5.856 ms"
2024/10/27;21:01:42.329;DEBUG;32300;0000000000000000;Yolo11SegInference::inferSegAndCalcTime@47;"cost 5.356 ms"
2024/10/27;21:01:42.349;DEBUG;32300;0000000000000000;Yolo11SegInference::inferSegAndCalcTime@47;"cost 5.169 ms"
2024/10/27;21:01:42.373;DEBUG;32300;0000000000000000;Yolo11SegInference::inferSegAndCalcTime@47;"cost 5.844 ms"
2024/10/27;21:01:42.395;DEBUG;32300;0000000000000000;Yolo11SegInference::inferSegAndCalcTime@47;"cost 5.135 ms"
2024/10/27;21:01:42.419;DEBUG;32300;0000000000000000;Yolo11SegInference::inferSegAndCalcTime@47;"cost 5.11 ms"
2024/10/27;21:01:42.446;DEBUG;32300;0000000000000000;Yolo11SegInference::inferSegAndCalcTime@47;"cost 5.23 ms"
2024/10/27;21:01:42.470;DEBUG;32300;0000000000000000;Yolo11SegInference::inferSegAndCalcTime@47;"cost 5.081 ms"
2024/10/27;21:01:42.496;DEBUG;32300;0000000000000000;Yolo11SegInference::inferSegAndCalcTime@47;"cost 5.091 ms"
2024/10/27;21:02:12.426;DEBUG;31772;0000000000000000;BaslerControl::openCamera@8;"正在连接Basler相机... ..."
2024/10/27;21:02:12.902;DEBUG;31772;0000000000000000;BaslerControl::openCamera@22;"尝试打开Basler相机..."
2024/10/27;21:02:12.978;DEBUG;31772;0000000000000000;BaslerControl::openCamera@24;"已经打开Basler相机"
2024/10/27;21:02:13.000;DEBUG;31772;0000000000000000;BaslerControl::openCamera@47;"Basler相机连接成功"
2024/10/27;21:02:41.152;DEBUG;16840;0000000000000000;BaslerControl::openCamera@8;"正在连接Basler相机... ..."
2024/10/27;21:02:41.633;DEBUG;16840;0000000000000000;BaslerControl::openCamera@22;"尝试打开Basler相机..."
2024/10/27;21:02:41.710;DEBUG;16840;0000000000000000;BaslerControl::openCamera@24;"已经打开Basler相机"
2024/10/27;21:02:41.732;DEBUG;16840;0000000000000000;BaslerControl::openCamera@47;"Basler相机连接成功"
2024/10/27;21:28:01.900;DEBUG;5632;0000000000000000;BaslerControl::openCamera@8;"正在连接Basler相机... ..."
2024/10/27;21:28:02.380;DEBUG;5632;0000000000000000;BaslerControl::openCamera@22;"尝试打开Basler相机..."
2024/10/27;21:28:02.457;DEBUG;5632;0000000000000000;BaslerControl::openCamera@24;"已经打开Basler相机"
2024/10/27;21:28:02.477;DEBUG;5632;0000000000000000;BaslerControl::openCamera@47;"Basler相机连接成功"
2024/10/28;09:23:15.629;DEBUG;33092;0000000000000000;BaslerControl::openCamera@8;"正在连接Basler相机... ..."
2024/10/28;09:23:16.002;ERROR;33092;0000000000000000;BaslerControl::openCamera@14;"未找到Basler相机，请检查相机连接情况"
2024/10/28;09:23:17.316;DEBUG;33092;0000000000000000;BaslerControl::openCamera@8;"正在连接Basler相机... ..."
2024/10/28;09:23:17.567;ERROR;33092;0000000000000000;BaslerControl::openCamera@14;"未找到Basler相机，请检查相机连接情况"
2024/10/28;09:23:38.445;DEBUG;33092;0000000000000000;BaslerControl::openCamera@8;"正在连接Basler相机... ..."
2024/10/28;09:23:38.696;ERROR;33092;0000000000000000;BaslerControl::openCamera@14;"未找到Basler相机，请检查相机连接情况"
2024/10/28;09:23:39.592;DEBUG;33092;0000000000000000;BaslerControl::openCamera@8;"正在连接Basler相机... ..."
2024/10/28;09:23:39.842;ERROR;33092;0000000000000000;BaslerControl::openCamera@14;"未找到Basler相机，请检查相机连接情况"
2024/10/28;09:23:40.590;DEBUG;33092;0000000000000000;BaslerControl::openCamera@8;"正在连接Basler相机... ..."
2024/10/28;09:23:40.841;ERROR;33092;0000000000000000;BaslerControl::openCamera@14;"未找到Basler相机，请检查相机连接情况"
2024/10/28;09:24:24.015;DEBUG;33092;0000000000000000;BaslerControl::openCamera@8;"正在连接Basler相机... ..."
2024/10/28;09:24:24.388;DEBUG;33092;0000000000000000;BaslerControl::openCamera@22;"尝试打开Basler相机..."
2024/10/28;09:24:24.466;DEBUG;33092;0000000000000000;BaslerControl::openCamera@24;"已经打开Basler相机"
2024/10/28;09:24:24.491;DEBUG;33092;0000000000000000;BaslerControl::openCamera@47;"Basler相机连接成功"
2024/10/28;09:28:52.611;DEBUG;35116;0000000000000000;BaslerControl::openCamera@8;"正在连接Basler相机... ..."
2024/10/28;09:28:53.082;DEBUG;35116;0000000000000000;BaslerControl::openCamera@22;"尝试打开Basler相机..."
2024/10/28;09:28:53.156;DEBUG;35116;0000000000000000;BaslerControl::openCamera@24;"已经打开Basler相机"
2024/10/28;09:28:53.177;DEBUG;35116;0000000000000000;BaslerControl::openCamera@47;"Basler相机连接成功"
2025/03/09;19:58:18.616;DEBUG;67720;0000000000000000;BaslerControl::openCamera@8;"正在连接Basler相机... ..."
2025/03/09;19:58:18.918;ERROR;67720;0000000000000000;BaslerControl::openCamera@14;"未找到Basler相机，请检查相机连接情况"
2025/03/12;14:45:40.724;DEBUG;83612;0000000000000000;BaslerControl::openCamera@8;"正在连接Basler相机... ..."
2025/03/12;14:45:41.375;DEBUG;83612;0000000000000000;BaslerControl::openCamera@22;"尝试打开Basler相机..."
2025/03/12;14:45:41.491;DEBUG;83612;0000000000000000;BaslerControl::openCamera@24;"已经打开Basler相机"
2025/03/12;14:45:41.518;DEBUG;83612;0000000000000000;BaslerControl::openCamera@47;"Basler相机连接成功"
2025/03/12;14:47:55.360;DEBUG;100396;0000000000000000;BaslerControl::openCamera@8;"正在连接Basler相机... ..."
2025/03/12;14:47:56.009;DEBUG;100396;0000000000000000;BaslerControl::openCamera@22;"尝试打开Basler相机..."
2025/03/12;14:47:56.652;DEBUG;100396;0000000000000000;BaslerControl::openCamera@24;"已经打开Basler相机"
2025/03/12;14:47:56.676;DEBUG;100396;0000000000000000;BaslerControl::openCamera@47;"Basler相机连接成功"
2025/03/12;14:48:47.258;ERROR;100396;0000000000000000;BaslerControl::openCamera@88;"图片保存成功"
2025/03/12;14:48:47.334;ERROR;100396;0000000000000000;BaslerControl::openCamera@88;"图片保存成功"
2025/03/12;14:48:47.416;ERROR;100396;0000000000000000;BaslerControl::openCamera@88;"图片保存成功"
2025/03/12;14:48:47.492;ERROR;100396;0000000000000000;BaslerControl::openCamera@88;"图片保存成功"
2025/03/12;14:48:47.576;ERROR;100396;0000000000000000;BaslerControl::openCamera@88;"图片保存成功"
2025/03/12;14:48:47.658;ERROR;100396;0000000000000000;BaslerControl::openCamera@88;"图片保存成功"
2025/03/12;14:48:47.736;ERROR;100396;0000000000000000;BaslerControl::openCamera@88;"图片保存成功"
2025/03/12;14:48:47.818;ERROR;100396;0000000000000000;BaslerControl::openCamera@88;"图片保存成功"
2025/03/12;14:48:47.897;ERROR;100396;0000000000000000;BaslerControl::openCamera@88;"图片保存成功"
2025/03/12;14:48:47.974;ERROR;100396;0000000000000000;BaslerControl::openCamera@88;"图片保存成功"
2025/03/12;14:48:48.057;ERROR;100396;0000000000000000;BaslerControl::openCamera@88;"图片保存成功"
2025/03/12;14:48:48.138;ERROR;100396;0000000000000000;BaslerControl::openCamera@88;"图片保存成功"
2025/03/12;14:48:48.217;ERROR;100396;0000000000000000;BaslerControl::openCamera@88;"图片保存成功"
2025/03/12;14:48:48.295;ERROR;100396;0000000000000000;BaslerControl::openCamera@88;"图片保存成功"
2025/03/12;14:48:48.378;ERROR;100396;0000000000000000;BaslerControl::openCamera@88;"图片保存成功"
2025/03/12;14:48:48.457;ERROR;100396;0000000000000000;BaslerControl::openCamera@88;"图片保存成功"
2025/03/12;14:48:48.535;ERROR;100396;0000000000000000;BaslerControl::openCamera@88;"图片保存成功"
2025/03/12;14:48:48.616;ERROR;100396;0000000000000000;BaslerControl::openCamera@88;"图片保存成功"
2025/03/12;14:48:48.698;ERROR;100396;0000000000000000;BaslerControl::openCamera@88;"图片保存成功"
2025/03/12;14:48:48.776;ERROR;100396;0000000000000000;BaslerControl::openCamera@88;"图片保存成功"
2025/03/12;14:48:48.857;ERROR;100396;0000000000000000;BaslerControl::openCamera@88;"图片保存成功"
2025/03/12;14:48:48.937;ERROR;100396;0000000000000000;BaslerControl::openCamera@88;"图片保存成功"
2025/03/12;14:48:49.018;ERROR;100396;0000000000000000;BaslerControl::openCamera@88;"图片保存成功"
2025/03/12;14:48:49.098;ERROR;100396;0000000000000000;BaslerControl::openCamera@88;"图片保存成功"
2025/03/12;14:48:49.178;ERROR;100396;0000000000000000;BaslerControl::openCamera@88;"图片保存成功"
2025/03/12;14:48:49.257;ERROR;100396;0000000000000000;BaslerControl::openCamera@88;"图片保存成功"
2025/03/12;14:48:49.339;ERROR;100396;0000000000000000;BaslerControl::openCamera@88;"图片保存成功"
2025/03/12;14:48:49.419;ERROR;100396;0000000000000000;BaslerControl::openCamera@88;"图片保存成功"
2025/03/12;14:48:49.497;ERROR;100396;0000000000000000;BaslerControl::openCamera@88;"图片保存成功"
2025/03/12;14:48:49.579;ERROR;100396;0000000000000000;BaslerControl::openCamera@88;"图片保存成功"
2025/03/12;14:48:49.658;ERROR;100396;0000000000000000;BaslerControl::openCamera@88;"图片保存成功"
2025/03/12;14:48:49.737;ERROR;100396;0000000000000000;BaslerControl::openCamera@88;"图片保存成功"
2025/03/12;14:48:49.817;ERROR;100396;0000000000000000;BaslerControl::openCamera@88;"图片保存成功"
2025/03/12;14:48:49.908;ERROR;100396;0000000000000000;BaslerControl::openCamera@88;"图片保存成功"
2025/03/12;14:48:49.993;ERROR;100396;0000000000000000;BaslerControl::openCamera@88;"图片保存成功"
2025/03/12;14:48:50.068;ERROR;100396;0000000000000000;BaslerControl::openCamera@88;"图片保存成功"
2025/03/12;14:48:50.138;ERROR;100396;0000000000000000;BaslerControl::openCamera@88;"图片保存成功"
2025/03/12;14:48:50.232;ERROR;100396;0000000000000000;BaslerControl::openCamera@88;"图片保存成功"
2025/03/12;14:48:50.311;ERROR;100396;0000000000000000;BaslerControl::openCamera@88;"图片保存成功"
2025/03/12;14:48:50.400;ERROR;100396;0000000000000000;BaslerControl::openCamera@88;"图片保存成功"
2025/03/12;14:48:50.457;ERROR;100396;0000000000000000;BaslerControl::openCamera@88;"图片保存成功"
2025/03/12;14:48:50.554;ERROR;100396;0000000000000000;BaslerControl::openCamera@88;"图片保存成功"
2025/03/12;14:48:50.614;ERROR;100396;0000000000000000;BaslerControl::openCamera@88;"图片保存成功"
2025/03/12;14:48:50.698;ERROR;100396;0000000000000000;BaslerControl::openCamera@88;"图片保存成功"
2025/03/12;14:48:50.779;ERROR;100396;0000000000000000;BaslerControl::openCamera@88;"图片保存成功"
2025/03/12;14:48:50.860;ERROR;100396;0000000000000000;BaslerControl::openCamera@88;"图片保存成功"
2025/03/12;14:48:50.939;ERROR;100396;0000000000000000;BaslerControl::openCamera@88;"图片保存成功"
2025/03/12;14:48:51.021;ERROR;100396;0000000000000000;BaslerControl::openCamera@88;"图片保存成功"
2025/03/12;14:48:51.099;ERROR;100396;0000000000000000;BaslerControl::openCamera@88;"图片保存成功"
2025/03/12;14:48:51.175;ERROR;100396;0000000000000000;BaslerControl::openCamera@88;"图片保存成功"
2025/03/12;14:48:51.261;ERROR;100396;0000000000000000;BaslerControl::openCamera@88;"图片保存成功"
2025/03/12;14:48:51.338;ERROR;100396;0000000000000000;BaslerControl::openCamera@88;"图片保存成功"
2025/03/12;14:48:51.420;ERROR;100396;0000000000000000;BaslerControl::openCamera@88;"图片保存成功"
2025/03/12;14:48:51.500;ERROR;100396;0000000000000000;BaslerControl::openCamera@88;"图片保存成功"
2025/03/12;14:48:51.575;ERROR;100396;0000000000000000;BaslerControl::openCamera@88;"图片保存成功"
2025/03/12;14:48:51.662;ERROR;100396;0000000000000000;BaslerControl::openCamera@88;"图片保存成功"
2025/03/12;14:48:51.739;ERROR;100396;0000000000000000;BaslerControl::openCamera@88;"图片保存成功"
2025/03/12;14:48:51.821;ERROR;100396;0000000000000000;BaslerControl::openCamera@88;"图片保存成功"
2025/03/12;14:48:51.899;ERROR;100396;0000000000000000;BaslerControl::openCamera@88;"图片保存成功"
2025/03/12;14:48:51.982;ERROR;100396;0000000000000000;BaslerControl::openCamera@88;"图片保存成功"
2025/03/12;14:48:52.062;ERROR;100396;0000000000000000;BaslerControl::openCamera@88;"图片保存成功"
2025/03/12;14:48:52.142;ERROR;100396;0000000000000000;BaslerControl::openCamera@88;"图片保存成功"
2025/03/12;14:48:52.222;ERROR;100396;0000000000000000;BaslerControl::openCamera@88;"图片保存成功"
2025/03/12;14:48:52.304;ERROR;100396;0000000000000000;BaslerControl::openCamera@88;"图片保存成功"
2025/03/12;14:48:52.381;ERROR;100396;0000000000000000;BaslerControl::openCamera@88;"图片保存成功"
2025/03/12;14:48:52.462;ERROR;100396;0000000000000000;BaslerControl::openCamera@88;"图片保存成功"
2025/03/12;14:48:52.540;ERROR;100396;0000000000000000;BaslerControl::openCamera@88;"图片保存成功"
2025/03/12;14:48:52.619;ERROR;100396;0000000000000000;BaslerControl::openCamera@88;"图片保存成功"
2025/03/12;14:48:52.699;ERROR;100396;0000000000000000;BaslerControl::openCamera@88;"图片保存成功"
2025/03/12;14:48:52.782;ERROR;100396;0000000000000000;BaslerControl::openCamera@88;"图片保存成功"
2025/03/12;14:48:52.860;ERROR;100396;0000000000000000;BaslerControl::openCamera@88;"图片保存成功"
2025/03/12;14:48:52.941;ERROR;100396;0000000000000000;BaslerControl::openCamera@88;"图片保存成功"
2025/03/12;14:48:53.022;ERROR;100396;0000000000000000;BaslerControl::openCamera@88;"图片保存成功"
2025/03/12;14:48:53.101;ERROR;100396;0000000000000000;BaslerControl::openCamera@88;"图片保存成功"
2025/03/12;14:48:53.182;ERROR;100396;0000000000000000;BaslerControl::openCamera@88;"图片保存成功"
2025/03/12;14:48:53.263;ERROR;100396;0000000000000000;BaslerControl::openCamera@88;"图片保存成功"
2025/03/12;14:48:53.342;ERROR;100396;0000000000000000;BaslerControl::openCamera@88;"图片保存成功"
2025/03/12;14:48:53.422;ERROR;100396;0000000000000000;BaslerControl::openCamera@88;"图片保存成功"
2025/03/12;14:48:53.500;ERROR;100396;0000000000000000;BaslerControl::openCamera@88;"图片保存成功"
2025/03/12;14:48:53.580;ERROR;100396;0000000000000000;BaslerControl::openCamera@88;"图片保存成功"
2025/03/12;14:48:53.663;ERROR;100396;0000000000000000;BaslerControl::openCamera@88;"图片保存成功"
2025/03/12;14:48:53.744;ERROR;100396;0000000000000000;BaslerControl::openCamera@88;"图片保存成功"
2025/03/12;14:48:53.821;ERROR;100396;0000000000000000;BaslerControl::openCamera@88;"图片保存成功"
2025/03/12;14:48:53.901;ERROR;100396;0000000000000000;BaslerControl::openCamera@88;"图片保存成功"
2025/03/12;14:48:53.982;ERROR;100396;0000000000000000;BaslerControl::openCamera@88;"图片保存成功"
2025/03/12;14:48:54.060;ERROR;100396;0000000000000000;BaslerControl::openCamera@88;"图片保存成功"
2025/03/12;14:48:54.142;ERROR;100396;0000000000000000;BaslerControl::openCamera@88;"图片保存成功"
2025/03/12;14:48:54.219;ERROR;100396;0000000000000000;BaslerControl::openCamera@88;"图片保存成功"
2025/03/12;14:48:54.304;ERROR;100396;0000000000000000;BaslerControl::openCamera@88;"图片保存成功"
2025/03/12;14:48:54.383;ERROR;100396;0000000000000000;BaslerControl::openCamera@88;"图片保存成功"
2025/03/12;14:48:54.463;ERROR;100396;0000000000000000;BaslerControl::openCamera@88;"图片保存成功"
2025/03/12;14:48:54.542;ERROR;100396;0000000000000000;BaslerControl::openCamera@88;"图片保存成功"
2025/03/12;14:48:54.622;ERROR;100396;0000000000000000;BaslerControl::openCamera@88;"图片保存成功"
2025/03/12;14:48:54.701;ERROR;100396;0000000000000000;BaslerControl::openCamera@88;"图片保存成功"
2025/03/12;14:48:54.781;ERROR;100396;0000000000000000;BaslerControl::openCamera@88;"图片保存成功"
2025/03/12;14:48:54.865;ERROR;100396;0000000000000000;BaslerControl::openCamera@88;"图片保存成功"
2025/03/12;14:48:54.942;ERROR;100396;0000000000000000;BaslerControl::openCamera@88;"图片保存成功"
2025/03/12;14:48:55.023;ERROR;100396;0000000000000000;BaslerControl::openCamera@88;"图片保存成功"
2025/03/12;14:48:55.102;ERROR;100396;0000000000000000;BaslerControl::openCamera@88;"图片保存成功"
2025/03/12;14:48:55.182;ERROR;100396;0000000000000000;BaslerControl::openCamera@88;"图片保存成功"
2025/03/12;14:48:55.266;ERROR;100396;0000000000000000;BaslerControl::openCamera@88;"图片保存成功"
2025/03/12;14:48:55.351;ERROR;100396;0000000000000000;BaslerControl::openCamera@88;"图片保存成功"
2025/03/12;14:48:55.423;ERROR;100396;0000000000000000;BaslerControl::openCamera@88;"图片保存成功"
2025/03/12;14:48:55.513;ERROR;100396;0000000000000000;BaslerControl::openCamera@88;"图片保存成功"
2025/03/12;14:48:55.584;ERROR;100396;0000000000000000;BaslerControl::openCamera@88;"图片保存成功"
2025/03/12;14:48:55.663;ERROR;100396;0000000000000000;BaslerControl::openCamera@88;"图片保存成功"
2025/03/12;14:48:55.745;ERROR;100396;0000000000000000;BaslerControl::openCamera@88;"图片保存成功"
2025/03/12;14:48:55.825;ERROR;100396;0000000000000000;BaslerControl::openCamera@88;"图片保存成功"
2025/03/12;14:48:55.902;ERROR;100396;0000000000000000;BaslerControl::openCamera@88;"图片保存成功"
2025/03/12;14:48:55.983;ERROR;100396;0000000000000000;BaslerControl::openCamera@88;"图片保存成功"
2025/03/12;14:48:56.065;ERROR;100396;0000000000000000;BaslerControl::openCamera@88;"图片保存成功"
2025/03/12;14:48:56.145;ERROR;100396;0000000000000000;BaslerControl::openCamera@88;"图片保存成功"
2025/03/12;14:48:56.232;ERROR;100396;0000000000000000;BaslerControl::openCamera@88;"图片保存成功"
2025/03/12;14:48:56.307;ERROR;100396;0000000000000000;BaslerControl::openCamera@88;"图片保存成功"
2025/03/12;14:48:56.390;ERROR;100396;0000000000000000;BaslerControl::openCamera@88;"图片保存成功"
2025/03/12;14:48:56.470;ERROR;100396;0000000000000000;BaslerControl::openCamera@88;"图片保存成功"
2025/03/12;14:48:56.547;ERROR;100396;0000000000000000;BaslerControl::openCamera@88;"图片保存成功"
2025/03/12;14:48:56.625;ERROR;100396;0000000000000000;BaslerControl::openCamera@88;"图片保存成功"
2025/03/12;14:48:56.706;ERROR;100396;0000000000000000;BaslerControl::openCamera@88;"图片保存成功"
2025/03/12;14:48:56.786;ERROR;100396;0000000000000000;BaslerControl::openCamera@88;"图片保存成功"
2025/03/12;14:48:56.864;ERROR;100396;0000000000000000;BaslerControl::openCamera@88;"图片保存成功"
2025/03/12;14:48:57.038;ERROR;100396;0000000000000000;BaslerControl::openCamera@88;"图片保存成功"
2025/03/12;14:48:57.070;ERROR;100396;0000000000000000;BaslerControl::openCamera@88;"图片保存成功"
2025/03/12;14:48:57.109;ERROR;100396;0000000000000000;BaslerControl::openCamera@88;"图片保存成功"
2025/03/12;14:48:57.191;ERROR;100396;0000000000000000;BaslerControl::openCamera@88;"图片保存成功"
2025/03/12;14:48:57.279;ERROR;100396;0000000000000000;BaslerControl::openCamera@88;"图片保存成功"
2025/03/12;14:48:57.351;ERROR;100396;0000000000000000;BaslerControl::openCamera@88;"图片保存成功"
2025/03/12;14:48:57.491;ERROR;100396;0000000000000000;BaslerControl::openCamera@88;"图片保存成功"
2025/03/12;14:48:57.603;ERROR;100396;0000000000000000;BaslerControl::openCamera@88;"图片保存成功"
2025/03/12;14:48:57.626;ERROR;100396;0000000000000000;BaslerControl::openCamera@88;"图片保存成功"
2025/03/12;14:48:57.670;ERROR;100396;0000000000000000;BaslerControl::openCamera@88;"图片保存成功"
2025/03/12;14:48:57.754;ERROR;100396;0000000000000000;BaslerControl::openCamera@88;"图片保存成功"
2025/03/12;14:48:57.827;ERROR;100396;0000000000000000;BaslerControl::openCamera@88;"图片保存成功"
2025/03/12;14:48:57.907;ERROR;100396;0000000000000000;BaslerControl::openCamera@88;"图片保存成功"
2025/03/12;14:48:57.999;ERROR;100396;0000000000000000;BaslerControl::openCamera@88;"图片保存成功"
2025/03/12;14:48:58.065;ERROR;100396;0000000000000000;BaslerControl::openCamera@88;"图片保存成功"
2025/03/12;14:48:58.144;ERROR;100396;0000000000000000;BaslerControl::openCamera@88;"图片保存成功"
2025/03/12;14:50:09.041;DEBUG;89588;0000000000000000;BaslerControl::openCamera@8;"正在连接Basler相机... ..."
2025/03/12;14:50:09.649;DEBUG;89588;0000000000000000;BaslerControl::openCamera@22;"尝试打开Basler相机..."
2025/03/12;14:50:09.802;DEBUG;89588;0000000000000000;BaslerControl::openCamera@24;"已经打开Basler相机"
2025/03/12;14:50:09.840;DEBUG;89588;0000000000000000;BaslerControl::openCamera@47;"Basler相机连接成功"
2025/03/12;14:50:26.231;ERROR;89588;0000000000000000;BaslerControl::openCamera@88;"图片保存成功"
2025/03/12;14:50:53.774;ERROR;89588;0000000000000000;BaslerControl::openCamera@88;"图片保存成功"
2025/03/12;14:51:17.471;ERROR;89588;0000000000000000;BaslerControl::openCamera@88;"图片保存成功"
2025/03/12;14:51:36.928;ERROR;89588;0000000000000000;BaslerControl::openCamera@88;"图片保存成功"
2025/03/12;14:51:54.463;ERROR;89588;0000000000000000;BaslerControl::openCamera@88;"图片保存成功"
2025/03/12;14:52:12.240;ERROR;89588;0000000000000000;BaslerControl::openCamera@88;"图片保存成功"
2025/03/12;14:52:34.819;ERROR;89588;0000000000000000;BaslerControl::openCamera@88;"图片保存成功"
2025/03/12;14:52:50.990;ERROR;89588;0000000000000000;BaslerControl::openCamera@88;"图片保存成功"
2025/03/12;14:53:06.365;ERROR;89588;0000000000000000;BaslerControl::openCamera@88;"图片保存成功"
2025/03/12;14:53:24.061;ERROR;89588;0000000000000000;BaslerControl::openCamera@88;"图片保存成功"
2025/03/12;15:37:15.081;DEBUG;2292;0000000000000000;BaslerControl::openCamera@8;"正在连接Basler相机... ..."
2025/03/12;15:37:15.732;DEBUG;2292;0000000000000000;BaslerControl::openCamera@22;"尝试打开Basler相机..."
2025/03/12;15:37:15.873;DEBUG;2292;0000000000000000;BaslerControl::openCamera@24;"已经打开Basler相机"
2025/03/12;15:37:15.900;DEBUG;2292;0000000000000000;BaslerControl::openCamera@47;"Basler相机连接成功"
2025/03/12;15:37:45.902;ERROR;2292;0000000000000000;BaslerControl::openCamera@88;"图片保存成功"
2025/03/12;15:38:14.808;ERROR;2292;0000000000000000;BaslerControl::openCamera@88;"图片保存成功"
2025/03/12;15:38:30.580;ERROR;2292;0000000000000000;BaslerControl::openCamera@88;"图片保存成功"
2025/03/12;15:38:59.002;ERROR;2292;0000000000000000;BaslerControl::openCamera@88;"图片保存成功"
2025/03/12;15:39:16.138;ERROR;2292;0000000000000000;BaslerControl::openCamera@88;"图片保存成功"
2025/03/12;15:39:42.000;ERROR;2292;0000000000000000;BaslerControl::openCamera@88;"图片保存成功"
2025/03/12;15:40:09.385;ERROR;2292;0000000000000000;BaslerControl::openCamera@88;"图片保存成功"
2025/03/12;15:40:41.732;ERROR;2292;0000000000000000;BaslerControl::openCamera@88;"图片保存成功"
2025/03/12;15:40:59.103;ERROR;2292;0000000000000000;BaslerControl::openCamera@88;"图片保存成功"
2025/03/26;15:17:23.787;DEBUG;49096;0000000000000000;BaslerControl::openCamera@8;"正在连接Basler相机... ..."
2025/03/26;15:17:24.088;ERROR;49096;0000000000000000;BaslerControl::openCamera@14;"未找到Basler相机，请检查相机连接情况"
2025/03/26;16:01:38.452;DEBUG;52460;0000000000000000;BaslerControl::openCamera@8;"正在连接Basler相机... ..."
2025/03/26;16:01:38.743;ERROR;52460;0000000000000000;BaslerControl::openCamera@14;"未找到Basler相机，请检查相机连接情况"
2025/03/26;16:03:10.716;DEBUG;52460;0000000000000000;BaslerControl::openCamera@8;"正在连接Basler相机... ..."
2025/03/26;16:03:10.968;ERROR;52460;0000000000000000;BaslerControl::openCamera@14;"未找到Basler相机，请检查相机连接情况"
2025/03/26;16:03:12.028;DEBUG;52460;0000000000000000;BaslerControl::openCamera@8;"正在连接Basler相机... ..."
2025/03/26;16:03:12.279;ERROR;52460;0000000000000000;BaslerControl::openCamera@14;"未找到Basler相机，请检查相机连接情况"
2025/03/26;16:04:58.126;DEBUG;52460;0000000000000000;BaslerControl::openCamera@8;"正在连接Basler相机... ..."
2025/03/26;16:04:58.385;DEBUG;52460;0000000000000000;BaslerControl::openCamera@17;"Basler相机连接成功"
2025/03/26;16:04:58.385;DEBUG;52460;0000000000000000;BaslerControl::openCamera@20;"尝试连接第1台相机..."
2025/03/26;16:05:17.576;DEBUG;51020;0000000000000000;BaslerControl::openCamera@8;"正在连接Basler相机... ..."
2025/03/26;16:05:17.865;DEBUG;51020;0000000000000000;BaslerControl::openCamera@17;"Basler相机连接成功"
2025/03/26;16:05:17.865;DEBUG;51020;0000000000000000;BaslerControl::openCamera@20;"尝试连接第1台相机..."
2025/03/26;16:17:41.214;DEBUG;40196;0000000000000000;BaslerControl::openCamera@8;"正在连接Basler相机... ..."
2025/03/26;16:17:41.498;DEBUG;40196;0000000000000000;BaslerControl::openCamera@17;"Basler相机连接成功"
2025/03/26;16:17:41.498;DEBUG;40196;0000000000000000;BaslerControl::openCamera@20;"尝试连接第1台相机..."
2025/03/26;16:18:01.543;DEBUG;24464;0000000000000000;BaslerControl::openCamera@8;"正在连接Basler相机... ..."
2025/03/26;16:18:01.881;DEBUG;24464;0000000000000000;BaslerControl::openCamera@17;"Basler相机连接成功"
2025/03/26;16:18:01.881;DEBUG;24464;0000000000000000;BaslerControl::openCamera@20;"尝试连接第1台相机..."
2025/03/26;16:20:17.682;DEBUG;51640;0000000000000000;BaslerControl::openCamera@8;"正在连接Basler相机... ..."
2025/03/26;16:20:17.967;DEBUG;51640;0000000000000000;BaslerControl::openCamera@17;"Basler相机连接成功"
2025/03/26;16:20:17.967;DEBUG;51640;0000000000000000;BaslerControl::openCamera@20;"尝试连接第1台相机..."
2025/03/26;16:20:36.851;DEBUG;47820;0000000000000000;BaslerControl::openCamera@8;"正在连接Basler相机... ..."
2025/03/26;16:20:37.192;DEBUG;47820;0000000000000000;BaslerControl::openCamera@17;"Basler相机连接成功"
2025/03/26;16:20:37.192;DEBUG;47820;0000000000000000;BaslerControl::openCamera@20;"尝试连接第1台相机..."
2025/03/26;16:24:12.771;DEBUG;22860;0000000000000000;BaslerControl::openCamera@8;"正在连接Basler相机... ..."
2025/03/26;16:24:13.119;DEBUG;22860;0000000000000000;BaslerControl::openCamera@19;"尝试连接第1台相机..."
2025/03/26;16:24:13.573;DEBUG;22860;0000000000000000;BaslerControl::openCamera@24;"尝试打开第1台Basler相机..."
2025/03/26;16:24:13.771;DEBUG;22860;0000000000000000;BaslerControl::openCamera@26;"已经打开第1台Basler相机"
2025/03/26;16:25:31.602;DEBUG;12172;0000000000000000;BaslerControl::openCamera@8;"正在连接Basler相机... ..."
2025/03/26;16:25:31.887;DEBUG;12172;0000000000000000;BaslerControl::openCamera@19;"尝试连接第1台相机..."
2025/03/26;16:25:32.095;DEBUG;12172;0000000000000000;BaslerControl::openCamera@24;"尝试打开第1台Basler相机..."
2025/03/26;16:25:32.200;DEBUG;12172;0000000000000000;BaslerControl::openCamera@26;"已经打开第1台Basler相机"
2025/03/26;16:25:32.201;DEBUG;12172;0000000000000000;BaslerControl::openCamera@34;"第1台Basler相机连接成功"
2025/03/26;16:25:32.226;DEBUG;12172;0000000000000000;BaslerControl::openCamera@42;"第1台Basler相机连接成功"
2025/03/26;16:28:45.387;DEBUG;36080;0000000000000000;BaslerControl::openCamera@8;"正在连接Basler相机... ..."
2025/03/26;16:28:45.724;DEBUG;36080;0000000000000000;BaslerControl::openCamera@19;"尝试连接第1台相机..."
2025/03/26;16:28:46.204;DEBUG;36080;0000000000000000;BaslerControl::openCamera@24;"尝试打开第1台Basler相机..."
2025/03/26;16:28:46.325;DEBUG;36080;0000000000000000;BaslerControl::openCamera@26;"已经打开第1台Basler相机"
2025/03/26;16:28:46.398;DEBUG;36080;0000000000000000;BaslerControl::openCamera@41;"第1台Basler相机连接成功"
2025/03/26;16:30:52.969;DEBUG;48184;0000000000000000;BaslerControl::openCamera@8;"正在连接Basler相机... ..."
2025/03/26;16:30:53.311;DEBUG;48184;0000000000000000;BaslerControl::openCamera@19;"尝试连接第1台相机..."
2025/03/26;16:30:53.790;DEBUG;48184;0000000000000000;BaslerControl::openCamera@24;"尝试打开第1台Basler相机..."
2025/03/26;16:30:53.891;DEBUG;48184;0000000000000000;BaslerControl::openCamera@26;"已经打开第1台Basler相机"
2025/03/26;16:30:53.982;DEBUG;48184;0000000000000000;BaslerControl::openCamera@41;"第1台Basler相机连接成功"
2025/03/26;17:01:20.388;DEBUG;3792;0000000000000000;BaslerControl::openCamera@8;"正在连接Basler相机... ..."
2025/03/26;17:01:20.672;DEBUG;3792;0000000000000000;BaslerControl::openCamera@19;"尝试连接第1台相机..."
2025/03/26;17:01:20.971;DEBUG;3792;0000000000000000;BaslerControl::openCamera@24;"尝试打开第1台Basler相机..."
2025/03/26;17:01:21.079;DEBUG;3792;0000000000000000;BaslerControl::openCamera@26;"已经打开第1台Basler相机"
2025/03/26;17:01:21.099;DEBUG;3792;0000000000000000;BaslerControl::openCamera@40;"第1台Basler相机连接成功"
2025/03/26;17:01:49.162;DEBUG;47928;0000000000000000;BaslerControl::openCamera@8;"正在连接Basler相机... ..."
2025/03/26;17:01:49.570;DEBUG;47928;0000000000000000;BaslerControl::openCamera@19;"尝试连接第1台相机..."
2025/03/26;17:01:50.321;DEBUG;47928;0000000000000000;BaslerControl::openCamera@24;"尝试打开第1台Basler相机..."
2025/03/26;17:01:50.473;DEBUG;47928;0000000000000000;BaslerControl::openCamera@26;"已经打开第1台Basler相机"
2025/03/26;17:01:50.538;DEBUG;47928;0000000000000000;BaslerControl::openCamera@40;"第1台Basler相机连接成功"
2025/03/26;17:03:57.479;DEBUG;28876;0000000000000000;BaslerControl::openCamera@8;"正在连接Basler相机... ..."
2025/03/26;17:03:57.752;DEBUG;28876;0000000000000000;BaslerControl::openCamera@19;"尝试连接第1台相机..."
2025/03/26;17:03:57.934;DEBUG;28876;0000000000000000;BaslerControl::openCamera@24;"尝试打开第1台Basler相机..."
2025/03/26;17:03:58.021;DEBUG;28876;0000000000000000;BaslerControl::openCamera@26;"已经打开第1台Basler相机"
2025/03/26;17:03:58.038;DEBUG;28876;0000000000000000;BaslerControl::openCamera@40;"第1台Basler相机连接成功"
2025/03/26;17:03:58.081;DEBUG;28876;0000000000000000;BaslerControl::openCamera@19;"尝试连接第2台相机..."
2025/03/26;17:04:18.739;DEBUG;25776;0000000000000000;BaslerControl::openCamera@8;"正在连接Basler相机... ..."
2025/03/26;17:04:19.006;DEBUG;25776;0000000000000000;BaslerControl::openCamera@19;"尝试连接第1台相机..."
2025/03/26;17:04:19.255;DEBUG;25776;0000000000000000;BaslerControl::openCamera@24;"尝试打开第1台Basler相机..."
2025/03/26;17:04:19.340;DEBUG;25776;0000000000000000;BaslerControl::openCamera@26;"已经打开第1台Basler相机"
2025/03/26;17:04:19.358;DEBUG;25776;0000000000000000;BaslerControl::openCamera@40;"第1台Basler相机连接成功"
2025/03/26;17:05:34.134;DEBUG;2532;0000000000000000;BaslerControl::openCamera@8;"正在连接Basler相机... ..."
2025/03/26;17:05:34.404;DEBUG;2532;0000000000000000;BaslerControl::openCamera@19;"尝试连接第1台相机..."
2025/03/26;17:05:34.710;DEBUG;2532;0000000000000000;BaslerControl::openCamera@24;"尝试打开第1台Basler相机..."
2025/03/26;17:05:34.846;DEBUG;2532;0000000000000000;BaslerControl::openCamera@26;"已经打开第1台Basler相机"
2025/03/26;17:05:34.867;DEBUG;2532;0000000000000000;BaslerControl::openCamera@40;"第1台Basler相机连接成功"
2025/03/26;17:06:16.396;DEBUG;40300;0000000000000000;BaslerControl::openCamera@8;"正在连接Basler相机... ..."
2025/03/26;17:06:16.680;DEBUG;40300;0000000000000000;BaslerControl::openCamera@19;"尝试连接第1台相机..."
2025/03/26;17:06:16.893;DEBUG;40300;0000000000000000;BaslerControl::openCamera@24;"尝试打开第1台Basler相机..."
2025/03/26;17:06:17.002;DEBUG;40300;0000000000000000;BaslerControl::openCamera@26;"已经打开第1台Basler相机"
2025/03/26;17:06:17.024;DEBUG;40300;0000000000000000;BaslerControl::openCamera@40;"第1台Basler相机连接成功"
2025/03/26;17:08:29.825;DEBUG;54092;0000000000000000;BaslerControl::openCamera@8;"正在连接Basler相机... ..."
2025/03/26;17:08:30.108;DEBUG;54092;0000000000000000;BaslerControl::openCamera@19;"尝试连接第1台相机..."
2025/03/26;17:08:30.366;DEBUG;54092;0000000000000000;BaslerControl::openCamera@24;"尝试打开第1台Basler相机..."
2025/03/26;17:08:30.459;DEBUG;54092;0000000000000000;BaslerControl::openCamera@26;"已经打开第1台Basler相机"
2025/03/26;17:08:30.477;DEBUG;54092;0000000000000000;BaslerControl::openCamera@40;"第1台Basler相机连接成功"
2025/03/26;17:08:41.565;DEBUG;54092;0000000000000000;BaslerControl::openCamera@8;"正在连接Basler相机... ..."
2025/03/26;17:08:41.816;ERROR;54092;0000000000000000;BaslerControl::openCamera@14;"未找到Basler相机，请检查相机连接情况"
2025/03/26;17:09:55.431;DEBUG;38668;0000000000000000;BaslerControl::openCamera@8;"正在连接Basler相机... ..."
2025/03/26;17:09:55.713;DEBUG;38668;0000000000000000;BaslerControl::openCamera@19;"尝试连接第1台相机..."
2025/03/26;17:09:56.066;DEBUG;38668;0000000000000000;BaslerControl::openCamera@24;"尝试打开第1台Basler相机..."
2025/03/26;17:09:56.208;DEBUG;38668;0000000000000000;BaslerControl::openCamera@26;"已经打开第1台Basler相机"
2025/03/26;17:09:56.230;DEBUG;38668;0000000000000000;BaslerControl::openCamera@40;"第1台Basler相机连接成功"
2025/03/26;17:11:24.732;DEBUG;54828;0000000000000000;BaslerControl::openCamera@8;"正在连接Basler相机... ..."
2025/03/26;17:11:25.022;DEBUG;54828;0000000000000000;BaslerControl::openCamera@19;"尝试连接第1台相机..."
2025/03/26;17:11:25.274;DEBUG;54828;0000000000000000;BaslerControl::openCamera@24;"尝试打开第1台Basler相机..."
2025/03/26;17:11:25.445;DEBUG;54828;0000000000000000;BaslerControl::openCamera@26;"已经打开第1台Basler相机"
2025/03/26;17:11:25.489;DEBUG;54828;0000000000000000;BaslerControl::openCamera@40;"第1台Basler相机连接成功"
2025/03/26;17:11:48.350;DEBUG;54820;0000000000000000;BaslerControl::openCamera@8;"正在连接Basler相机... ..."
2025/03/26;17:11:48.633;DEBUG;54820;0000000000000000;BaslerControl::openCamera@19;"尝试连接第1台相机..."
2025/03/26;17:11:48.929;DEBUG;54820;0000000000000000;BaslerControl::openCamera@24;"尝试打开第1台Basler相机..."
2025/03/26;17:11:49.031;DEBUG;54820;0000000000000000;BaslerControl::openCamera@26;"已经打开第1台Basler相机"
2025/03/26;17:11:49.055;DEBUG;54820;0000000000000000;BaslerControl::openCamera@40;"第1台Basler相机连接成功"
2025/03/26;17:18:26.714;DEBUG;27712;0000000000000000;BaslerControl::openCamera@8;"正在连接Basler相机... ..."
2025/03/26;17:18:26.983;ERROR;27712;0000000000000000;BaslerControl::openCamera@14;"未找到Basler相机，请检查相机连接情况"
2025/03/26;17:18:34.754;DEBUG;27712;0000000000000000;BaslerControl::openCamera@8;"正在连接Basler相机... ..."
2025/03/26;17:18:35.005;ERROR;27712;0000000000000000;BaslerControl::openCamera@14;"未找到Basler相机，请检查相机连接情况"
2025/03/26;17:18:38.931;DEBUG;27712;0000000000000000;BaslerControl::openCamera@8;"正在连接Basler相机... ..."
2025/03/26;17:18:39.183;ERROR;27712;0000000000000000;BaslerControl::openCamera@14;"未找到Basler相机，请检查相机连接情况"
2025/03/26;17:18:39.736;DEBUG;27712;0000000000000000;BaslerControl::openCamera@8;"正在连接Basler相机... ..."
2025/03/26;17:18:39.987;DEBUG;27712;0000000000000000;BaslerControl::openCamera@19;"尝试连接第1台相机..."
2025/03/26;17:18:40.316;DEBUG;27712;0000000000000000;BaslerControl::openCamera@24;"尝试打开第1台Basler相机..."
2025/03/26;17:18:40.445;DEBUG;27712;0000000000000000;BaslerControl::openCamera@26;"已经打开第1台Basler相机"
2025/03/26;17:18:40.471;DEBUG;27712;0000000000000000;BaslerControl::openCamera@40;"第1台Basler相机连接成功"
2025/03/26;17:23:12.013;ERROR;27712;0000000000000000;BaslerControl::openCamera@89;"采图失败，退出采图程序。"
2025/03/26;17:24:30.801;DEBUG;39648;0000000000000000;BaslerControl::openCamera@8;"正在连接Basler相机... ..."
2025/03/26;17:24:31.080;DEBUG;39648;0000000000000000;BaslerControl::openCamera@19;"尝试连接第1台相机..."
2025/03/26;17:24:31.293;DEBUG;39648;0000000000000000;BaslerControl::openCamera@24;"尝试打开第1台Basler相机..."
2025/03/26;17:24:31.399;DEBUG;39648;0000000000000000;BaslerControl::openCamera@26;"已经打开第1台Basler相机"
2025/03/26;17:24:31.424;DEBUG;39648;0000000000000000;BaslerControl::openCamera@40;"第1台Basler相机连接成功"
2025/03/26;17:24:31.424;DEBUG;39648;0000000000000000;BaslerControl::openCamera@19;"尝试连接第2台相机..."
2025/03/26;17:24:31.710;DEBUG;39648;0000000000000000;BaslerControl::openCamera@24;"尝试打开第2台Basler相机..."
2025/03/26;17:24:31.871;DEBUG;39648;0000000000000000;BaslerControl::openCamera@26;"已经打开第2台Basler相机"
2025/03/26;17:24:31.903;DEBUG;39648;0000000000000000;BaslerControl::openCamera@40;"第2台Basler相机连接成功"
2025/03/26;17:24:59.408;DEBUG;56812;0000000000000000;BaslerControl::openCamera@8;"正在连接Basler相机... ..."
2025/03/26;17:24:59.698;DEBUG;56812;0000000000000000;BaslerControl::openCamera@19;"尝试连接第1台相机..."
2025/03/26;17:24:59.968;DEBUG;56812;0000000000000000;BaslerControl::openCamera@24;"尝试打开第1台Basler相机..."
2025/03/26;17:25:00.083;DEBUG;56812;0000000000000000;BaslerControl::openCamera@26;"已经打开第1台Basler相机"
2025/03/26;17:25:00.105;DEBUG;56812;0000000000000000;BaslerControl::openCamera@40;"第1台Basler相机连接成功"
2025/03/26;17:25:00.106;DEBUG;56812;0000000000000000;BaslerControl::openCamera@19;"尝试连接第2台相机..."
2025/03/26;17:25:00.390;DEBUG;56812;0000000000000000;BaslerControl::openCamera@24;"尝试打开第2台Basler相机..."
2025/03/26;17:25:00.557;DEBUG;56812;0000000000000000;BaslerControl::openCamera@26;"已经打开第2台Basler相机"
2025/03/26;17:25:00.592;DEBUG;56812;0000000000000000;BaslerControl::openCamera@40;"第2台Basler相机连接成功"
2025/03/26;17:25:28.139;ERROR;56812;0000000000000000;BaslerControl::openCamera@89;"采图失败，退出采图程序。"
2025/03/26;21:11:34.054;DEBUG;5020;0000000000000000;BaslerControl::openCamera@8;"正在连接Basler相机... ..."
2025/03/26;21:11:34.324;DEBUG;5020;0000000000000000;BaslerControl::openCamera@19;"尝试连接第1台相机..."
2025/03/26;21:11:34.548;DEBUG;5020;0000000000000000;BaslerControl::openCamera@24;"尝试打开第1台Basler相机..."
2025/03/26;21:11:35.175;DEBUG;5020;0000000000000000;BaslerControl::openCamera@26;"已经打开第1台Basler相机"
2025/03/26;21:11:35.202;DEBUG;5020;0000000000000000;BaslerControl::openCamera@40;"第1台Basler相机连接成功"
2025/03/26;21:30:55.329;DEBUG;56020;0000000000000000;BaslerControl::openCamera@8;"正在连接Basler相机... ..."
2025/03/26;21:30:55.598;DEBUG;56020;0000000000000000;BaslerControl::openCamera@19;"尝试连接第1台相机..."
2025/03/26;21:30:55.821;DEBUG;56020;0000000000000000;BaslerControl::openCamera@24;"尝试打开第1台Basler相机..."
2025/03/26;21:30:55.954;DEBUG;56020;0000000000000000;BaslerControl::openCamera@26;"已经打开第1台Basler相机"
2025/03/26;21:30:55.978;DEBUG;56020;0000000000000000;BaslerControl::openCamera@40;"第1台Basler相机连接成功"
2025/03/26;21:31:21.448;DEBUG;31072;0000000000000000;BaslerControl::openCamera@8;"正在连接Basler相机... ..."
2025/03/26;21:31:21.717;DEBUG;31072;0000000000000000;BaslerControl::openCamera@19;"尝试连接第1台相机..."
2025/03/26;21:31:22.047;DEBUG;31072;0000000000000000;BaslerControl::openCamera@24;"尝试打开第1台Basler相机..."
2025/03/26;21:31:22.229;DEBUG;31072;0000000000000000;BaslerControl::openCamera@26;"已经打开第1台Basler相机"
2025/03/26;21:31:22.253;DEBUG;31072;0000000000000000;BaslerControl::openCamera@40;"第1台Basler相机连接成功"
2025/03/27;15:51:53.701;DEBUG;44620;0000000000000000;BaslerControl::openCamera@10;"正在连接Basler相机... ..."
2025/03/27;15:51:54.005;DEBUG;44620;0000000000000000;BaslerControl::openCamera@21;"尝试连接第1台相机..."
2025/03/27;15:51:54.359;DEBUG;44620;0000000000000000;BaslerControl::openCamera@26;"尝试打开第1台Basler相机..."
2025/03/27;15:51:55.067;DEBUG;44620;0000000000000000;BaslerControl::openCamera@28;"已经打开第1台Basler相机"
2025/03/27;15:51:55.097;DEBUG;44620;0000000000000000;BaslerControl::openCamera@42;"第1台Basler相机连接成功"
2025/03/27;15:56:27.746;DEBUG;56544;0000000000000000;BaslerControl::openCamera@10;"正在连接Basler相机... ..."
2025/03/27;15:56:28.015;DEBUG;56544;0000000000000000;BaslerControl::openCamera@21;"尝试连接第1台相机..."
2025/03/27;15:56:28.329;DEBUG;56544;0000000000000000;BaslerControl::openCamera@26;"尝试打开第1台Basler相机..."
2025/03/27;15:56:28.969;DEBUG;56544;0000000000000000;BaslerControl::openCamera@28;"已经打开第1台Basler相机"
2025/03/27;15:56:28.994;DEBUG;56544;0000000000000000;BaslerControl::openCamera@42;"第1台Basler相机连接成功"
2025/03/27;15:56:29.252;ERROR;56544;0000000000000000;BaslerControl::openCamera@105;"采图失败，退出采图程序。"
2025/03/27;15:56:33.728;DEBUG;56544;0000000000000000;BaslerControl::openCamera@10;"正在连接Basler相机... ..."
2025/03/27;15:56:33.980;DEBUG;56544;0000000000000000;BaslerControl::openCamera@21;"尝试连接第1台相机..."
2025/03/27;15:56:34.277;DEBUG;56544;0000000000000000;BaslerControl::openCamera@26;"尝试打开第1台Basler相机..."
2025/03/27;15:56:34.927;DEBUG;56544;0000000000000000;BaslerControl::openCamera@28;"已经打开第1台Basler相机"
2025/03/27;15:56:34.951;DEBUG;56544;0000000000000000;BaslerControl::openCamera@42;"第1台Basler相机连接成功"
2025/03/27;15:56:35.207;ERROR;56544;0000000000000000;BaslerControl::openCamera@105;"采图失败，退出采图程序。"
2025/03/27;15:57:52.425;DEBUG;39836;0000000000000000;BaslerControl::openCamera@10;"正在连接Basler相机... ..."
2025/03/27;15:57:52.694;DEBUG;39836;0000000000000000;BaslerControl::openCamera@21;"尝试连接第1台相机..."
2025/03/27;15:57:53.005;DEBUG;39836;0000000000000000;BaslerControl::openCamera@26;"尝试打开第1台Basler相机..."
2025/03/27;15:57:53.640;DEBUG;39836;0000000000000000;BaslerControl::openCamera@28;"已经打开第1台Basler相机"
2025/03/27;15:57:53.665;DEBUG;39836;0000000000000000;BaslerControl::openCamera@42;"第1台Basler相机连接成功"
2025/03/27;15:58:17.224;DEBUG;5468;0000000000000000;BaslerControl::openCamera@10;"正在连接Basler相机... ..."
2025/03/27;15:58:17.547;DEBUG;5468;0000000000000000;BaslerControl::openCamera@21;"尝试连接第1台相机..."
2025/03/27;15:58:18.009;DEBUG;5468;0000000000000000;BaslerControl::openCamera@26;"尝试打开第1台Basler相机..."
2025/03/27;15:58:18.680;DEBUG;5468;0000000000000000;BaslerControl::openCamera@28;"已经打开第1台Basler相机"
2025/03/27;15:58:18.722;DEBUG;5468;0000000000000000;BaslerControl::openCamera@42;"第1台Basler相机连接成功"
2025/03/27;15:58:57.154;DEBUG;12580;0000000000000000;BaslerControl::openCamera@10;"正在连接Basler相机... ..."
2025/03/27;15:58:57.424;DEBUG;12580;0000000000000000;BaslerControl::openCamera@21;"尝试连接第1台相机..."
2025/03/27;15:58:57.579;DEBUG;12580;0000000000000000;BaslerControl::openCamera@26;"尝试打开第1台Basler相机..."
2025/03/27;15:58:57.581;ERROR;12580;0000000000000000;BaslerControl::openCamera@31;"Basler相机连接失败，可能存在其它程序正在使用相机"
2025/03/27;16:02:07.857;DEBUG;56036;0000000000000000;BaslerControl::openCamera@10;"正在连接Basler相机... ..."
2025/03/27;16:02:08.156;DEBUG;56036;0000000000000000;BaslerControl::openCamera@21;"尝试连接第1台相机..."
2025/03/27;16:02:09.016;DEBUG;56036;0000000000000000;BaslerControl::openCamera@26;"尝试打开第1台Basler相机..."
2025/03/27;16:02:09.172;DEBUG;56036;0000000000000000;BaslerControl::openCamera@28;"已经打开第1台Basler相机"
2025/03/27;16:02:09.215;DEBUG;56036;0000000000000000;BaslerControl::openCamera@42;"第1台Basler相机连接成功"
2025/03/27;16:03:12.126;DEBUG;23084;0000000000000000;BaslerControl::openCamera@10;"正在连接Basler相机... ..."
2025/03/27;16:03:12.395;DEBUG;23084;0000000000000000;BaslerControl::openCamera@21;"尝试连接第1台相机..."
2025/03/27;16:03:12.565;DEBUG;23084;0000000000000000;BaslerControl::openCamera@26;"尝试打开第1台Basler相机..."
2025/03/27;16:03:12.566;ERROR;23084;0000000000000000;BaslerControl::openCamera@31;"Basler相机连接失败，可能存在其它程序正在使用相机"
2025/03/27;16:08:19.141;DEBUG;42096;0000000000000000;BaslerControl::openCamera@10;"正在连接Basler相机... ..."
2025/03/27;16:08:19.434;DEBUG;42096;0000000000000000;BaslerControl::openCamera@21;"尝试连接第1台相机..."
2025/03/27;16:08:19.701;DEBUG;42096;0000000000000000;BaslerControl::openCamera@26;"尝试打开第1台Basler相机..."
2025/03/27;16:08:20.302;DEBUG;42096;0000000000000000;BaslerControl::openCamera@28;"已经打开第1台Basler相机"
2025/03/27;16:08:20.328;DEBUG;42096;0000000000000000;BaslerControl::openCamera@42;"第1台Basler相机连接成功"
2025/03/27;16:08:20.328;DEBUG;42096;0000000000000000;BaslerControl::openCamera@21;"尝试连接第2台相机..."
2025/03/27;16:08:20.586;DEBUG;42096;0000000000000000;BaslerControl::openCamera@26;"尝试打开第2台Basler相机..."
2025/03/27;16:08:21.227;DEBUG;42096;0000000000000000;BaslerControl::openCamera@28;"已经打开第2台Basler相机"
2025/03/27;16:08:21.257;DEBUG;42096;0000000000000000;BaslerControl::openCamera@42;"第2台Basler相机连接成功"
2025/03/27;16:08:21.257;DEBUG;42096;0000000000000000;BaslerControl::openCamera@21;"尝试连接第3台相机..."
2025/03/27;16:08:21.561;DEBUG;42096;0000000000000000;BaslerControl::openCamera@26;"尝试打开第3台Basler相机..."
2025/03/27;16:08:21.697;DEBUG;42096;0000000000000000;BaslerControl::openCamera@28;"已经打开第3台Basler相机"
2025/03/27;16:08:21.724;DEBUG;42096;0000000000000000;BaslerControl::openCamera@42;"第3台Basler相机连接成功"
2025/03/27;16:09:27.550;DEBUG;47436;0000000000000000;BaslerControl::openCamera@10;"正在连接Basler相机... ..."
2025/03/27;16:09:27.836;ERROR;47436;0000000000000000;BaslerControl::openCamera@16;"未找到Basler相机，请检查相机连接情况"
2025/03/27;16:09:48.675;DEBUG;47436;0000000000000000;BaslerControl::openCamera@10;"正在连接Basler相机... ..."
2025/03/27;16:09:48.926;DEBUG;47436;0000000000000000;BaslerControl::openCamera@21;"尝试连接第1台相机..."
2025/03/27;16:09:49.214;DEBUG;47436;0000000000000000;BaslerControl::openCamera@26;"尝试打开第1台Basler相机..."
2025/03/27;16:09:49.327;DEBUG;47436;0000000000000000;BaslerControl::openCamera@28;"已经打开第1台Basler相机"
2025/03/27;16:09:49.348;DEBUG;47436;0000000000000000;BaslerControl::openCamera@42;"第1台Basler相机连接成功"
2025/03/27;16:09:53.963;DEBUG;47436;0000000000000000;BaslerControl::openCamera@10;"正在连接Basler相机... ..."
2025/03/27;16:09:54.215;DEBUG;47436;0000000000000000;BaslerControl::openCamera@21;"尝试连接第1台相机..."
2025/03/27;16:09:54.506;DEBUG;47436;0000000000000000;BaslerControl::openCamera@26;"尝试打开第1台Basler相机..."
2025/03/27;16:09:54.618;DEBUG;47436;0000000000000000;BaslerControl::openCamera@28;"已经打开第1台Basler相机"
2025/03/27;16:09:54.640;DEBUG;47436;0000000000000000;BaslerControl::openCamera@42;"第1台Basler相机连接成功"
2025/03/27;16:09:54.640;DEBUG;47436;0000000000000000;BaslerControl::openCamera@21;"尝试连接第2台相机..."
2025/03/27;16:09:54.923;DEBUG;47436;0000000000000000;BaslerControl::openCamera@26;"尝试打开第2台Basler相机..."
2025/03/27;16:09:55.072;DEBUG;47436;0000000000000000;BaslerControl::openCamera@28;"已经打开第2台Basler相机"
2025/03/27;16:09:55.104;DEBUG;47436;0000000000000000;BaslerControl::openCamera@42;"第2台Basler相机连接成功"
2025/03/27;16:10:21.866;DEBUG;47436;0000000000000000;BaslerControl::openCamera@10;"正在连接Basler相机... ..."
2025/03/27;16:10:22.118;DEBUG;47436;0000000000000000;BaslerControl::openCamera@21;"尝试连接第1台相机..."
2025/03/27;16:10:22.478;DEBUG;47436;0000000000000000;BaslerControl::openCamera@26;"尝试打开第1台Basler相机..."
2025/03/27;16:10:22.621;DEBUG;47436;0000000000000000;BaslerControl::openCamera@28;"已经打开第1台Basler相机"
2025/03/27;16:10:22.649;DEBUG;47436;0000000000000000;BaslerControl::openCamera@42;"第1台Basler相机连接成功"
2025/03/27;16:10:50.424;ERROR;47436;0000000000000000;BaslerControl::openCamera@105;"采图失败，退出采图程序。"
2025/03/27;16:10:55.428;ERROR;47436;0000000000000000;BaslerControl::openCamera@105;"采图失败，退出采图程序。"
2025/03/27;16:11:00.435;ERROR;47436;0000000000000000;BaslerControl::openCamera@105;"采图失败，退出采图程序。"
2025/03/27;16:13:00.150;DEBUG;57560;0000000000000000;BaslerControl::openCamera@10;"正在连接Basler相机... ..."
2025/03/27;16:13:00.417;DEBUG;57560;0000000000000000;BaslerControl::openCamera@21;"尝试连接第1台相机..."
2025/03/27;16:13:00.721;DEBUG;57560;0000000000000000;BaslerControl::openCamera@26;"尝试打开第1台Basler相机..."
2025/03/27;16:13:00.821;DEBUG;57560;0000000000000000;BaslerControl::openCamera@28;"已经打开第1台Basler相机"
2025/03/27;16:13:00.855;DEBUG;57560;0000000000000000;BaslerControl::openCamera@42;"第1台Basler相机连接成功"
2025/03/27;16:13:21.701;DEBUG;55412;0000000000000000;BaslerControl::openCamera@10;"正在连接Basler相机... ..."
2025/03/27;16:13:21.988;DEBUG;55412;0000000000000000;BaslerControl::openCamera@21;"尝试连接第1台相机..."
2025/03/27;16:13:22.285;DEBUG;55412;0000000000000000;BaslerControl::openCamera@26;"尝试打开第1台Basler相机..."
2025/03/27;16:13:22.904;DEBUG;55412;0000000000000000;BaslerControl::openCamera@28;"已经打开第1台Basler相机"
2025/03/27;16:13:22.929;DEBUG;55412;0000000000000000;BaslerControl::openCamera@42;"第1台Basler相机连接成功"
2025/03/27;16:13:24.981;DEBUG;55412;0000000000000000;BaslerControl::openCamera@10;"正在连接Basler相机... ..."
2025/03/27;16:13:25.233;DEBUG;55412;0000000000000000;BaslerControl::openCamera@21;"尝试连接第1台相机..."
2025/03/27;16:13:25.524;DEBUG;55412;0000000000000000;BaslerControl::openCamera@26;"尝试打开第1台Basler相机..."
2025/03/27;16:13:25.633;DEBUG;55412;0000000000000000;BaslerControl::openCamera@28;"已经打开第1台Basler相机"
2025/03/27;16:13:25.655;DEBUG;55412;0000000000000000;BaslerControl::openCamera@42;"第1台Basler相机连接成功"
2025/03/27;16:13:25.655;DEBUG;55412;0000000000000000;BaslerControl::openCamera@21;"尝试连接第2台相机..."
2025/03/27;16:13:25.941;DEBUG;55412;0000000000000000;BaslerControl::openCamera@26;"尝试打开第2台Basler相机..."
2025/03/27;16:13:26.103;DEBUG;55412;0000000000000000;BaslerControl::openCamera@28;"已经打开第2台Basler相机"
2025/03/27;16:13:26.136;DEBUG;55412;0000000000000000;BaslerControl::openCamera@42;"第2台Basler相机连接成功"
2025/03/27;16:15:50.478;DEBUG;39288;0000000000000000;BaslerControl::openCamera@10;"正在连接Basler相机... ..."
2025/03/27;16:15:50.761;DEBUG;39288;0000000000000000;BaslerControl::openCamera@21;"尝试连接第1台相机..."
2025/03/27;16:15:51.055;DEBUG;39288;0000000000000000;BaslerControl::openCamera@26;"尝试打开第1台Basler相机..."
2025/03/27;16:15:51.157;DEBUG;39288;0000000000000000;BaslerControl::openCamera@28;"已经打开第1台Basler相机"
2025/03/27;16:15:51.177;DEBUG;39288;0000000000000000;BaslerControl::openCamera@42;"第1台Basler相机连接成功"
2025/03/27;16:16:06.601;DEBUG;39288;0000000000000000;BaslerControl::openCamera@10;"正在连接Basler相机... ..."
2025/03/27;16:16:06.854;DEBUG;39288;0000000000000000;BaslerControl::openCamera@21;"尝试连接第1台相机..."
2025/03/27;16:16:07.151;DEBUG;39288;0000000000000000;BaslerControl::openCamera@26;"尝试打开第1台Basler相机..."
2025/03/27;16:16:07.265;DEBUG;39288;0000000000000000;BaslerControl::openCamera@28;"已经打开第1台Basler相机"
2025/03/27;16:16:07.289;DEBUG;39288;0000000000000000;BaslerControl::openCamera@42;"第1台Basler相机连接成功"
2025/03/27;16:16:08.541;DEBUG;39288;0000000000000000;BaslerControl::openCamera@10;"正在连接Basler相机... ..."
2025/03/27;16:16:08.792;DEBUG;39288;0000000000000000;BaslerControl::openCamera@21;"尝试连接第1台相机..."
2025/03/27;16:16:09.095;DEBUG;39288;0000000000000000;BaslerControl::openCamera@26;"尝试打开第1台Basler相机..."
2025/03/27;16:16:09.209;DEBUG;39288;0000000000000000;BaslerControl::openCamera@28;"已经打开第1台Basler相机"
2025/03/27;16:16:09.233;DEBUG;39288;0000000000000000;BaslerControl::openCamera@42;"第1台Basler相机连接成功"
2025/03/27;16:16:10.246;DEBUG;39288;0000000000000000;BaslerControl::openCamera@10;"正在连接Basler相机... ..."
2025/03/27;16:16:10.498;DEBUG;39288;0000000000000000;BaslerControl::openCamera@21;"尝试连接第1台相机..."
2025/03/27;16:16:10.800;DEBUG;39288;0000000000000000;BaslerControl::openCamera@26;"尝试打开第1台Basler相机..."
2025/03/27;16:16:11.424;DEBUG;39288;0000000000000000;BaslerControl::openCamera@28;"已经打开第1台Basler相机"
2025/03/27;16:16:11.449;DEBUG;39288;0000000000000000;BaslerControl::openCamera@42;"第1台Basler相机连接成功"
2025/03/27;16:16:11.449;DEBUG;39288;0000000000000000;BaslerControl::openCamera@21;"尝试连接第2台相机..."
2025/03/27;16:16:11.730;DEBUG;39288;0000000000000000;BaslerControl::openCamera@26;"尝试打开第2台Basler相机..."
2025/03/27;16:16:11.882;DEBUG;39288;0000000000000000;BaslerControl::openCamera@28;"已经打开第2台Basler相机"
2025/03/27;16:16:11.914;DEBUG;39288;0000000000000000;BaslerControl::openCamera@42;"第2台Basler相机连接成功"
2025/03/27;16:17:08.195;DEBUG;43168;0000000000000000;BaslerControl::openCamera@10;"正在连接Basler相机... ..."
2025/03/27;16:17:08.486;DEBUG;43168;0000000000000000;BaslerControl::openCamera@21;"尝试连接第1台相机..."
2025/03/27;16:17:08.768;DEBUG;43168;0000000000000000;BaslerControl::openCamera@26;"尝试打开第1台Basler相机..."
2025/03/27;16:17:08.863;DEBUG;43168;0000000000000000;BaslerControl::openCamera@28;"已经打开第1台Basler相机"
2025/03/27;16:17:08.883;DEBUG;43168;0000000000000000;BaslerControl::openCamera@42;"第1台Basler相机连接成功"
2025/03/27;16:17:08.883;DEBUG;43168;0000000000000000;BaslerControl::openCamera@21;"尝试连接第2台相机..."
2025/03/27;16:17:09.167;DEBUG;43168;0000000000000000;BaslerControl::openCamera@26;"尝试打开第2台Basler相机..."
2025/03/27;16:17:09.316;DEBUG;43168;0000000000000000;BaslerControl::openCamera@28;"已经打开第2台Basler相机"
2025/03/27;16:17:09.351;DEBUG;43168;0000000000000000;BaslerControl::openCamera@42;"第2台Basler相机连接成功"
2025/03/27;16:17:37.441;DEBUG;18952;0000000000000000;BaslerControl::openCamera@10;"正在连接Basler相机... ..."
2025/03/27;16:17:37.730;DEBUG;18952;0000000000000000;BaslerControl::openCamera@21;"尝试连接第1台相机..."
2025/03/27;16:17:37.940;DEBUG;18952;0000000000000000;BaslerControl::openCamera@26;"尝试打开第1台Basler相机..."
2025/03/27;16:17:38.040;DEBUG;18952;0000000000000000;BaslerControl::openCamera@28;"已经打开第1台Basler相机"
2025/03/27;16:17:38.059;DEBUG;18952;0000000000000000;BaslerControl::openCamera@42;"第1台Basler相机连接成功"
2025/03/27;16:17:38.059;DEBUG;18952;0000000000000000;BaslerControl::openCamera@21;"尝试连接第2台相机..."
2025/03/27;16:17:38.346;DEBUG;18952;0000000000000000;BaslerControl::openCamera@26;"尝试打开第2台Basler相机..."
2025/03/27;16:17:38.508;DEBUG;18952;0000000000000000;BaslerControl::openCamera@28;"已经打开第2台Basler相机"
2025/03/27;16:17:38.537;DEBUG;18952;0000000000000000;BaslerControl::openCamera@42;"第2台Basler相机连接成功"
2025/03/27;16:18:57.540;DEBUG;51272;0000000000000000;BaslerControl::openCamera@10;"正在连接Basler相机... ..."
2025/03/27;16:18:57.826;DEBUG;51272;0000000000000000;BaslerControl::openCamera@21;"尝试连接第1台相机..."
2025/03/27;16:18:58.063;DEBUG;51272;0000000000000000;BaslerControl::openCamera@26;"尝试打开第1台Basler相机..."
2025/03/27;16:18:58.158;DEBUG;51272;0000000000000000;BaslerControl::openCamera@28;"已经打开第1台Basler相机"
2025/03/27;16:18:58.183;DEBUG;51272;0000000000000000;BaslerControl::openCamera@42;"第1台Basler相机连接成功"
2025/03/27;16:18:58.184;DEBUG;51272;0000000000000000;BaslerControl::openCamera@21;"尝试连接第2台相机..."
2025/03/27;16:18:58.464;DEBUG;51272;0000000000000000;BaslerControl::openCamera@26;"尝试打开第2台Basler相机..."
2025/03/27;16:18:58.612;DEBUG;51272;0000000000000000;BaslerControl::openCamera@28;"已经打开第2台Basler相机"
2025/03/27;16:18:58.644;DEBUG;51272;0000000000000000;BaslerControl::openCamera@42;"第2台Basler相机连接成功"
2025/03/27;16:19:46.589;DEBUG;49036;0000000000000000;BaslerControl::openCamera@10;"正在连接Basler相机... ..."
2025/03/27;16:19:46.871;DEBUG;49036;0000000000000000;BaslerControl::openCamera@21;"尝试连接第1台相机..."
2025/03/27;16:19:47.114;DEBUG;49036;0000000000000000;BaslerControl::openCamera@26;"尝试打开第1台Basler相机..."
2025/03/27;16:19:47.211;DEBUG;49036;0000000000000000;BaslerControl::openCamera@28;"已经打开第1台Basler相机"
2025/03/27;16:19:47.234;DEBUG;49036;0000000000000000;BaslerControl::openCamera@42;"第1台Basler相机连接成功"
2025/03/27;16:19:47.234;DEBUG;49036;0000000000000000;BaslerControl::openCamera@21;"尝试连接第2台相机..."
2025/03/27;16:19:47.521;DEBUG;49036;0000000000000000;BaslerControl::openCamera@26;"尝试打开第2台Basler相机..."
2025/03/27;16:19:47.685;DEBUG;49036;0000000000000000;BaslerControl::openCamera@28;"已经打开第2台Basler相机"
2025/03/27;16:19:47.715;DEBUG;49036;0000000000000000;BaslerControl::openCamera@42;"第2台Basler相机连接成功"
2025/03/27;16:20:07.227;DEBUG;13740;0000000000000000;BaslerControl::openCamera@10;"正在连接Basler相机... ..."
2025/03/27;16:20:07.513;DEBUG;13740;0000000000000000;BaslerControl::openCamera@21;"尝试连接第1台相机..."
2025/03/27;16:20:07.831;DEBUG;13740;0000000000000000;BaslerControl::openCamera@26;"尝试打开第1台Basler相机..."
2025/03/27;16:20:07.972;DEBUG;13740;0000000000000000;BaslerControl::openCamera@28;"已经打开第1台Basler相机"
2025/03/27;16:20:07.997;DEBUG;13740;0000000000000000;BaslerControl::openCamera@42;"第1台Basler相机连接成功"
2025/03/27;16:20:07.998;DEBUG;13740;0000000000000000;BaslerControl::openCamera@21;"尝试连接第2台相机..."
2025/03/27;16:20:08.277;DEBUG;13740;0000000000000000;BaslerControl::openCamera@26;"尝试打开第2台Basler相机..."
2025/03/27;16:20:08.426;DEBUG;13740;0000000000000000;BaslerControl::openCamera@28;"已经打开第2台Basler相机"
2025/03/27;16:20:08.454;DEBUG;13740;0000000000000000;BaslerControl::openCamera@42;"第2台Basler相机连接成功"
2025/03/27;16:22:49.690;DEBUG;14376;0000000000000000;BaslerControl::openCamera@10;"正在连接Basler相机... ..."
2025/03/27;16:22:49.969;DEBUG;14376;0000000000000000;BaslerControl::openCamera@21;"尝试连接第1台相机..."
2025/03/27;16:22:50.301;DEBUG;14376;0000000000000000;BaslerControl::openCamera@26;"尝试打开第1台Basler相机..."
2025/03/27;16:22:50.406;DEBUG;14376;0000000000000000;BaslerControl::openCamera@28;"已经打开第1台Basler相机"
2025/03/27;16:22:50.427;DEBUG;14376;0000000000000000;BaslerControl::openCamera@42;"第1台Basler相机连接成功"
2025/03/27;16:22:50.428;DEBUG;14376;0000000000000000;BaslerControl::openCamera@21;"尝试连接第2台相机..."
2025/03/27;16:22:50.698;DEBUG;14376;0000000000000000;BaslerControl::openCamera@26;"尝试打开第2台Basler相机..."
2025/03/27;16:22:50.829;DEBUG;14376;0000000000000000;BaslerControl::openCamera@28;"已经打开第2台Basler相机"
2025/03/27;16:22:50.860;DEBUG;14376;0000000000000000;BaslerControl::openCamera@42;"第2台Basler相机连接成功"
2025/03/27;16:23:56.962;DEBUG;38592;0000000000000000;BaslerControl::openCamera@10;"正在连接Basler相机... ..."
2025/03/27;16:23:57.246;DEBUG;38592;0000000000000000;BaslerControl::openCamera@21;"尝试连接第1台相机..."
2025/03/27;16:23:57.584;DEBUG;38592;0000000000000000;BaslerControl::openCamera@26;"尝试打开第1台Basler相机..."
2025/03/27;16:23:57.741;DEBUG;38592;0000000000000000;BaslerControl::openCamera@28;"已经打开第1台Basler相机"
2025/03/27;16:23:57.771;DEBUG;38592;0000000000000000;BaslerControl::openCamera@42;"第1台Basler相机连接成功"
2025/03/27;16:23:57.772;DEBUG;38592;0000000000000000;BaslerControl::openCamera@21;"尝试连接第2台相机..."
2025/03/27;16:23:58.043;DEBUG;38592;0000000000000000;BaslerControl::openCamera@26;"尝试打开第2台Basler相机..."
2025/03/27;16:23:58.193;DEBUG;38592;0000000000000000;BaslerControl::openCamera@28;"已经打开第2台Basler相机"
2025/03/27;16:23:58.224;DEBUG;38592;0000000000000000;BaslerControl::openCamera@42;"第2台Basler相机连接成功"
2025/03/27;16:32:33.761;DEBUG;51072;0000000000000000;BaslerControl::openCamera@10;"正在连接Basler相机... ..."
2025/03/27;16:32:34.048;DEBUG;51072;0000000000000000;BaslerControl::openCamera@21;"尝试连接第1台相机..."
2025/03/27;16:32:34.382;DEBUG;51072;0000000000000000;BaslerControl::openCamera@26;"尝试打开第1台Basler相机..."
2025/03/27;16:32:34.552;DEBUG;51072;0000000000000000;BaslerControl::openCamera@28;"已经打开第1台Basler相机"
2025/03/27;16:32:34.577;DEBUG;51072;0000000000000000;BaslerControl::openCamera@42;"第1台Basler相机连接成功"
2025/03/27;16:32:34.577;DEBUG;51072;0000000000000000;BaslerControl::openCamera@21;"尝试连接第2台相机..."
2025/03/27;16:32:34.858;DEBUG;51072;0000000000000000;BaslerControl::openCamera@26;"尝试打开第2台Basler相机..."
2025/03/27;16:32:35.005;DEBUG;51072;0000000000000000;BaslerControl::openCamera@28;"已经打开第2台Basler相机"
2025/03/27;16:32:35.037;DEBUG;51072;0000000000000000;BaslerControl::openCamera@42;"第2台Basler相机连接成功"
2025/03/27;16:32:35.037;DEBUG;51072;0000000000000000;BaslerControl::openCamera@21;"尝试连接第3台相机..."
2025/03/27;16:32:35.364;DEBUG;51072;0000000000000000;BaslerControl::openCamera@26;"尝试打开第3台Basler相机..."
2025/03/27;16:32:35.529;DEBUG;51072;0000000000000000;BaslerControl::openCamera@28;"已经打开第3台Basler相机"
2025/03/27;16:32:35.564;DEBUG;51072;0000000000000000;BaslerControl::openCamera@42;"第3台Basler相机连接成功"
2025/03/27;16:32:59.761;DEBUG;51072;0000000000000000;BaslerControl::openCamera@10;"正在连接Basler相机... ..."
2025/03/27;16:33:00.013;DEBUG;51072;0000000000000000;BaslerControl::openCamera@21;"尝试连接第1台相机..."
2025/03/27;16:33:00.390;DEBUG;51072;0000000000000000;BaslerControl::openCamera@26;"尝试打开第1台Basler相机..."
2025/03/27;16:33:00.552;DEBUG;51072;0000000000000000;BaslerControl::openCamera@28;"已经打开第1台Basler相机"
2025/03/27;16:33:00.587;DEBUG;51072;0000000000000000;BaslerControl::openCamera@42;"第1台Basler相机连接成功"
2025/03/27;16:58:07.468;DEBUG;42280;0000000000000000;BaslerControl::openCamera@10;"正在连接Basler相机... ..."
2025/03/27;16:58:07.753;DEBUG;42280;0000000000000000;BaslerControl::openCamera@21;"尝试连接第1台相机..."
2025/03/27;16:58:08.255;DEBUG;42280;0000000000000000;BaslerControl::openCamera@27;"尝试打开第1台Basler相机..."
2025/03/27;16:58:08.388;DEBUG;42280;0000000000000000;BaslerControl::openCamera@30;"已经打开第1台Basler相机"
2025/03/27;17:00:02.140;DEBUG;26792;0000000000000000;BaslerControl::openCamera@10;"正在连接Basler相机... ..."
2025/03/27;17:00:02.431;DEBUG;26792;0000000000000000;BaslerControl::openCamera@21;"尝试连接第1台相机..."
2025/03/27;17:00:02.752;DEBUG;26792;0000000000000000;BaslerControl::openCamera@25;"尝试打开第1台Basler相机..."
2025/03/27;17:00:02.913;DEBUG;26792;0000000000000000;BaslerControl::openCamera@27;"已经打开第1台Basler相机"
2025/03/27;17:00:02.944;DEBUG;26792;0000000000000000;BaslerControl::openCamera@41;"第1台Basler相机连接成功"
2025/03/27;17:03:15.259;DEBUG;36132;0000000000000000;BaslerControl::openCamera@10;"正在连接Basler相机... ..."
2025/03/27;17:03:15.526;DEBUG;36132;0000000000000000;BaslerControl::openCamera@21;"尝试连接第1台相机..."
2025/03/27;17:03:15.866;DEBUG;36132;0000000000000000;BaslerControl::openCamera@26;"尝试打开第1台Basler相机..."
2025/03/27;17:03:16.039;DEBUG;36132;0000000000000000;BaslerControl::openCamera@28;"已经打开第1台Basler相机"
2025/03/27;17:03:45.425;DEBUG;30268;0000000000000000;BaslerControl::openCamera@10;"正在连接Basler相机... ..."
2025/03/27;17:03:45.716;DEBUG;30268;0000000000000000;BaslerControl::openCamera@21;"尝试连接第1台相机..."
2025/03/27;17:03:46.034;DEBUG;30268;0000000000000000;BaslerControl::openCamera@26;"尝试打开第1台Basler相机..."
2025/03/27;17:03:46.036;ERROR;30268;0000000000000000;BaslerControl::openCamera@31;"Basler相机连接失败，可能存在其它程序正在使用相机"
2025/03/27;17:03:57.307;DEBUG;30268;0000000000000000;BaslerControl::openCamera@10;"正在连接Basler相机... ..."
2025/03/27;17:03:57.559;ERROR;30268;0000000000000000;BaslerControl::openCamera@16;"未找到Basler相机，请检查相机连接情况"
2025/03/27;17:03:59.815;DEBUG;30268;0000000000000000;BaslerControl::openCamera@10;"正在连接Basler相机... ..."
2025/03/27;17:04:00.067;DEBUG;30268;0000000000000000;BaslerControl::openCamera@21;"尝试连接第1台相机..."
2025/03/27;17:04:00.287;DEBUG;30268;0000000000000000;BaslerControl::openCamera@26;"尝试打开第1台Basler相机..."
2025/03/27;17:04:00.287;ERROR;30268;0000000000000000;BaslerControl::openCamera@31;"Basler相机连接失败，可能存在其它程序正在使用相机"
2025/03/27;17:04:01.790;DEBUG;30268;0000000000000000;BaslerControl::openCamera@10;"正在连接Basler相机... ..."
2025/03/27;17:04:02.042;DEBUG;30268;0000000000000000;BaslerControl::openCamera@21;"尝试连接第1台相机..."
2025/03/27;17:04:02.255;DEBUG;30268;0000000000000000;BaslerControl::openCamera@26;"尝试打开第1台Basler相机..."
2025/03/27;17:04:02.255;ERROR;30268;0000000000000000;BaslerControl::openCamera@31;"Basler相机连接失败，可能存在其它程序正在使用相机"
2025/03/27;17:04:03.380;DEBUG;30268;0000000000000000;BaslerControl::openCamera@10;"正在连接Basler相机... ..."
2025/03/27;17:04:03.630;DEBUG;30268;0000000000000000;BaslerControl::openCamera@21;"尝试连接第1台相机..."
2025/03/27;17:04:03.883;DEBUG;30268;0000000000000000;BaslerControl::openCamera@26;"尝试打开第1台Basler相机..."
2025/03/27;17:04:03.883;ERROR;30268;0000000000000000;BaslerControl::openCamera@31;"Basler相机连接失败，可能存在其它程序正在使用相机"
2025/03/27;17:04:04.478;DEBUG;30268;0000000000000000;BaslerControl::openCamera@10;"正在连接Basler相机... ..."
2025/03/27;17:04:04.730;DEBUG;30268;0000000000000000;BaslerControl::openCamera@21;"尝试连接第1台相机..."
2025/03/27;17:04:04.985;DEBUG;30268;0000000000000000;BaslerControl::openCamera@26;"尝试打开第1台Basler相机..."
2025/03/27;17:04:04.985;ERROR;30268;0000000000000000;BaslerControl::openCamera@31;"Basler相机连接失败，可能存在其它程序正在使用相机"
2025/03/27;17:04:05.531;DEBUG;30268;0000000000000000;BaslerControl::openCamera@10;"正在连接Basler相机... ..."
2025/03/27;17:04:05.784;DEBUG;30268;0000000000000000;BaslerControl::openCamera@21;"尝试连接第1台相机..."
2025/03/27;17:08:34.034;DEBUG;48220;0000000000000000;BaslerControl::openCamera@10;"正在连接Basler相机... ..."
2025/03/27;17:08:34.375;DEBUG;48220;0000000000000000;BaslerControl::openCamera@21;"尝试连接第1台相机..."
2025/03/27;17:08:34.995;DEBUG;48220;0000000000000000;BaslerControl::openCamera@26;"尝试打开第1台Basler相机..."
2025/03/27;17:08:35.164;DEBUG;48220;0000000000000000;BaslerControl::openCamera@28;"已经打开第1台Basler相机"
2025/03/27;17:08:35.261;DEBUG;48220;0000000000000000;BaslerControl::openCamera@42;"第1台Basler相机连接成功"
2025/03/27;17:09:06.283;DEBUG;53276;0000000000000000;BaslerControl::openCamera@10;"正在连接Basler相机... ..."
2025/03/27;17:09:06.586;DEBUG;53276;0000000000000000;BaslerControl::openCamera@21;"尝试连接第1台相机..."
2025/03/27;17:09:06.882;DEBUG;53276;0000000000000000;BaslerControl::openCamera@26;"尝试打开第1台Basler相机..."
2025/03/27;17:09:07.047;DEBUG;53276;0000000000000000;BaslerControl::openCamera@28;"已经打开第1台Basler相机"
2025/03/27;17:09:07.087;DEBUG;53276;0000000000000000;BaslerControl::openCamera@42;"第1台Basler相机连接成功"
2025/03/27;17:15:22.864;DEBUG;53708;0000000000000000;BaslerControl::openCamera@10;"正在连接Basler相机... ..."
2025/03/27;17:15:23.150;DEBUG;53708;0000000000000000;BaslerControl::openCamera@21;"尝试连接第1台相机..."
2025/03/27;17:15:23.528;DEBUG;53708;0000000000000000;BaslerControl::openCamera@26;"尝试打开第1台Basler相机..."
2025/03/27;17:15:23.686;DEBUG;53708;0000000000000000;BaslerControl::openCamera@28;"已经打开第1台Basler相机"
2025/03/27;17:15:23.715;DEBUG;53708;0000000000000000;BaslerControl::openCamera@42;"第1台Basler相机连接成功"
2025/03/27;17:17:24.991;DEBUG;30260;0000000000000000;BaslerControl::openCamera@10;"正在连接Basler相机... ..."
2025/03/27;17:17:25.279;DEBUG;30260;0000000000000000;BaslerControl::openCamera@21;"尝试连接第1台相机..."
2025/03/27;17:17:25.514;DEBUG;30260;0000000000000000;BaslerControl::openCamera@26;"尝试打开第1台Basler相机..."
2025/03/27;17:17:26.169;DEBUG;30260;0000000000000000;BaslerControl::openCamera@28;"已经打开第1台Basler相机"
2025/03/27;17:17:26.199;DEBUG;30260;0000000000000000;BaslerControl::openCamera@42;"第1台Basler相机连接成功"
2025/03/27;17:22:51.181;DEBUG;532;0000000000000000;BaslerControl::openCamera@9;"正在连接Basler相机... ..."
2025/03/27;17:22:51.456;DEBUG;532;0000000000000000;BaslerControl::openCamera@20;"尝试连接第1台相机..."
2025/03/27;17:22:51.839;DEBUG;532;0000000000000000;BaslerControl::openCamera@24;"尝试打开第1台Basler相机..."
2025/03/27;17:22:51.996;DEBUG;532;0000000000000000;BaslerControl::openCamera@26;"已经打开第1台Basler相机"
2025/03/27;17:22:52.027;DEBUG;532;0000000000000000;BaslerControl::openCamera@39;"第1台Basler相机连接成功"
2025/03/27;17:22:52.284;ERROR;532;0000000000000000;BaslerControl::openCamera@103;"采图失败，退出采图程序。"
2025/03/27;17:22:55.799;DEBUG;532;0000000000000000;BaslerControl::openCamera@9;"正在连接Basler相机... ..."
2025/03/27;17:22:56.051;DEBUG;532;0000000000000000;BaslerControl::openCamera@20;"尝试连接第1台相机..."
2025/03/27;17:22:56.358;DEBUG;532;0000000000000000;BaslerControl::openCamera@24;"尝试打开第1台Basler相机..."
2025/03/27;17:22:56.470;DEBUG;532;0000000000000000;BaslerControl::openCamera@26;"已经打开第1台Basler相机"
2025/03/27;17:22:56.493;DEBUG;532;0000000000000000;BaslerControl::openCamera@39;"第1台Basler相机连接成功"
2025/03/27;17:22:56.493;DEBUG;532;0000000000000000;BaslerControl::openCamera@20;"尝试连接第2台相机..."
2025/03/27;17:22:56.690;DEBUG;532;0000000000000000;BaslerControl::openCamera@24;"尝试打开第2台Basler相机..."
2025/03/27;17:22:56.830;DEBUG;532;0000000000000000;BaslerControl::openCamera@26;"已经打开第2台Basler相机"
2025/03/27;17:22:56.857;DEBUG;532;0000000000000000;BaslerControl::openCamera@39;"第2台Basler相机连接成功"
2025/03/27;17:22:57.116;ERROR;532;0000000000000000;BaslerControl::openCamera@103;"采图失败，退出采图程序。"
2025/03/27;17:26:16.115;DEBUG;54508;0000000000000000;BaslerControl::openCamera@9;"正在连接Basler相机... ..."
2025/03/27;17:26:16.403;DEBUG;54508;0000000000000000;BaslerControl::openCamera@20;"尝试连接第1台相机..."
2025/03/27;17:26:16.747;DEBUG;54508;0000000000000000;BaslerControl::openCamera@24;"尝试打开第1台Basler相机..."
2025/03/27;17:26:16.912;DEBUG;54508;0000000000000000;BaslerControl::openCamera@26;"已经打开第1台Basler相机"
2025/03/27;17:26:16.943;DEBUG;54508;0000000000000000;BaslerControl::openCamera@39;"第1台Basler相机连接成功"
2025/03/27;17:26:16.945;DEBUG;54508;0000000000000000;BaslerControl::openCamera@20;"尝试连接第2台相机..."
2025/03/27;17:26:17.181;DEBUG;54508;0000000000000000;BaslerControl::openCamera@24;"尝试打开第2台Basler相机..."
2025/03/27;17:26:17.328;DEBUG;54508;0000000000000000;BaslerControl::openCamera@26;"已经打开第2台Basler相机"
2025/03/27;17:26:17.356;DEBUG;54508;0000000000000000;BaslerControl::openCamera@39;"第2台Basler相机连接成功"
2025/03/27;17:26:17.619;ERROR;54508;0000000000000000;BaslerControl::openCamera@104;"采图失败，退出采图程序。"
2025/03/27;17:32:34.013;DEBUG;35404;0000000000000000;BaslerControl::openCamera@10;"正在连接Basler相机... ..."
2025/03/27;17:32:34.283;DEBUG;35404;0000000000000000;BaslerControl::openCamera@21;"尝试连接第1台相机..."
2025/03/27;17:32:34.584;DEBUG;35404;0000000000000000;BaslerControl::openCamera@26;"尝试打开第1台Basler相机..."
2025/03/27;17:32:34.739;DEBUG;35404;0000000000000000;BaslerControl::openCamera@28;"已经打开第1台Basler相机"
2025/03/27;17:32:34.757;DEBUG;35404;0000000000000000;BaslerControl::openCamera@42;"第1台Basler相机连接成功"
2025/03/27;17:32:34.757;DEBUG;35404;0000000000000000;BaslerControl::openCamera@21;"尝试连接第2台相机..."
2025/03/27;17:32:34.922;DEBUG;35404;0000000000000000;BaslerControl::openCamera@26;"尝试打开第2台Basler相机..."
2025/03/27;17:32:35.050;DEBUG;35404;0000000000000000;BaslerControl::openCamera@28;"已经打开第2台Basler相机"
2025/03/27;17:32:35.075;DEBUG;35404;0000000000000000;BaslerControl::openCamera@42;"第2台Basler相机连接成功"
2025/03/27;17:34:01.420;DEBUG;31616;0000000000000000;BaslerControl::openCamera@10;"正在连接Basler相机... ..."
2025/03/27;17:34:01.706;DEBUG;31616;0000000000000000;BaslerControl::openCamera@21;"尝试连接第1台相机..."
2025/03/27;17:34:02.039;DEBUG;31616;0000000000000000;BaslerControl::openCamera@26;"尝试打开第1台Basler相机..."
2025/03/27;17:34:02.150;DEBUG;31616;0000000000000000;BaslerControl::openCamera@28;"已经打开第1台Basler相机"
2025/03/27;17:34:02.174;DEBUG;31616;0000000000000000;BaslerControl::openCamera@42;"第1台Basler相机连接成功"
2025/03/27;17:34:02.174;DEBUG;31616;0000000000000000;BaslerControl::openCamera@21;"尝试连接第2台相机..."
2025/03/27;17:34:02.411;DEBUG;31616;0000000000000000;BaslerControl::openCamera@26;"尝试打开第2台Basler相机..."
2025/03/27;17:34:03.064;DEBUG;31616;0000000000000000;BaslerControl::openCamera@28;"已经打开第2台Basler相机"
2025/03/27;17:34:03.091;DEBUG;31616;0000000000000000;BaslerControl::openCamera@42;"第2台Basler相机连接成功"
2025/03/27;17:34:19.769;DEBUG;57528;0000000000000000;BaslerControl::openCamera@10;"正在连接Basler相机... ..."
2025/03/27;17:34:20.046;DEBUG;57528;0000000000000000;BaslerControl::openCamera@21;"尝试连接第1台相机..."
2025/03/27;17:34:20.379;DEBUG;57528;0000000000000000;BaslerControl::openCamera@26;"尝试打开第1台Basler相机..."
2025/03/27;17:34:20.501;DEBUG;57528;0000000000000000;BaslerControl::openCamera@28;"已经打开第1台Basler相机"
2025/03/27;17:34:20.524;DEBUG;57528;0000000000000000;BaslerControl::openCamera@42;"第1台Basler相机连接成功"
2025/03/27;17:34:20.525;DEBUG;57528;0000000000000000;BaslerControl::openCamera@21;"尝试连接第2台相机..."
2025/03/27;17:34:20.758;DEBUG;57528;0000000000000000;BaslerControl::openCamera@26;"尝试打开第2台Basler相机..."
2025/03/27;17:34:21.405;DEBUG;57528;0000000000000000;BaslerControl::openCamera@28;"已经打开第2台Basler相机"
2025/03/27;17:34:21.432;DEBUG;57528;0000000000000000;BaslerControl::openCamera@42;"第2台Basler相机连接成功"
2025/03/27;17:35:30.854;DEBUG;39840;0000000000000000;BaslerControl::openCamera@10;"正在连接Basler相机... ..."
2025/03/27;17:35:31.137;DEBUG;39840;0000000000000000;BaslerControl::openCamera@21;"尝试连接第1台相机..."
2025/03/27;17:35:31.491;DEBUG;39840;0000000000000000;BaslerControl::openCamera@26;"尝试打开第1台Basler相机..."
2025/03/27;17:35:31.606;DEBUG;39840;0000000000000000;BaslerControl::openCamera@28;"已经打开第1台Basler相机"
2025/03/27;17:35:31.631;DEBUG;39840;0000000000000000;BaslerControl::openCamera@42;"第1台Basler相机连接成功"
2025/03/27;17:35:31.631;DEBUG;39840;0000000000000000;BaslerControl::openCamera@21;"尝试连接第2台相机..."
2025/03/27;17:35:31.839;DEBUG;39840;0000000000000000;BaslerControl::openCamera@26;"尝试打开第2台Basler相机..."
2025/03/27;17:35:31.984;DEBUG;39840;0000000000000000;BaslerControl::openCamera@28;"已经打开第2台Basler相机"
2025/03/27;17:35:32.012;DEBUG;39840;0000000000000000;BaslerControl::openCamera@42;"第2台Basler相机连接成功"
2025/03/27;17:37:11.193;DEBUG;54852;0000000000000000;BaslerControl::openCamera@10;"正在连接Basler相机... ..."
2025/03/27;17:37:11.478;DEBUG;54852;0000000000000000;BaslerControl::openCamera@21;"尝试连接第1台相机..."
2025/03/27;17:37:11.698;DEBUG;54852;0000000000000000;BaslerControl::openCamera@26;"尝试打开第1台Basler相机..."
2025/03/27;17:37:11.799;DEBUG;54852;0000000000000000;BaslerControl::openCamera@28;"已经打开第1台Basler相机"
2025/03/27;17:37:11.822;DEBUG;54852;0000000000000000;BaslerControl::openCamera@42;"第1台Basler相机连接成功"
2025/03/27;17:37:11.822;DEBUG;54852;0000000000000000;BaslerControl::openCamera@21;"尝试连接第2台相机..."
2025/03/27;17:37:12.019;DEBUG;54852;0000000000000000;BaslerControl::openCamera@26;"尝试打开第2台Basler相机..."
2025/03/27;17:37:12.163;DEBUG;54852;0000000000000000;BaslerControl::openCamera@28;"已经打开第2台Basler相机"
2025/03/27;17:37:12.190;DEBUG;54852;0000000000000000;BaslerControl::openCamera@42;"第2台Basler相机连接成功"
2025/03/27;17:37:12.457;ERROR;54852;0000000000000000;BaslerControl::openCamera@74;"图片保存成功"
2025/03/27;17:37:12.534;ERROR;54852;0000000000000000;BaslerControl::openCamera@74;"图片保存成功"
2025/03/27;17:37:12.621;ERROR;54852;0000000000000000;BaslerControl::openCamera@74;"图片保存成功"
2025/03/27;17:37:12.701;ERROR;54852;0000000000000000;BaslerControl::openCamera@74;"图片保存成功"
2025/03/27;17:37:12.780;ERROR;54852;0000000000000000;BaslerControl::openCamera@74;"图片保存成功"
2025/03/27;17:37:12.861;ERROR;54852;0000000000000000;BaslerControl::openCamera@74;"图片保存成功"
2025/03/27;17:37:12.942;ERROR;54852;0000000000000000;BaslerControl::openCamera@74;"图片保存成功"
2025/03/27;17:37:13.022;ERROR;54852;0000000000000000;BaslerControl::openCamera@74;"图片保存成功"
2025/03/27;17:37:13.100;ERROR;54852;0000000000000000;BaslerControl::openCamera@74;"图片保存成功"
2025/03/27;17:37:13.181;ERROR;54852;0000000000000000;BaslerControl::openCamera@74;"图片保存成功"
2025/03/27;17:37:13.262;ERROR;54852;0000000000000000;BaslerControl::openCamera@74;"图片保存成功"
2025/03/27;17:37:13.344;ERROR;54852;0000000000000000;BaslerControl::openCamera@74;"图片保存成功"
2025/03/27;17:37:13.422;ERROR;54852;0000000000000000;BaslerControl::openCamera@74;"图片保存成功"
2025/03/27;17:37:13.500;ERROR;54852;0000000000000000;BaslerControl::openCamera@74;"图片保存成功"
2025/03/27;17:37:13.581;ERROR;54852;0000000000000000;BaslerControl::openCamera@74;"图片保存成功"
2025/03/27;17:37:13.662;ERROR;54852;0000000000000000;BaslerControl::openCamera@74;"图片保存成功"
2025/03/27;17:37:13.737;ERROR;54852;0000000000000000;BaslerControl::openCamera@74;"图片保存成功"
2025/03/27;17:37:13.816;ERROR;54852;0000000000000000;BaslerControl::openCamera@74;"图片保存成功"
2025/03/27;17:37:13.904;ERROR;54852;0000000000000000;BaslerControl::openCamera@74;"图片保存成功"
2025/03/27;17:37:13.984;ERROR;54852;0000000000000000;BaslerControl::openCamera@74;"图片保存成功"
2025/03/27;17:37:14.062;ERROR;54852;0000000000000000;BaslerControl::openCamera@74;"图片保存成功"
2025/03/27;17:37:14.144;ERROR;54852;0000000000000000;BaslerControl::openCamera@74;"图片保存成功"
2025/03/27;17:37:14.226;ERROR;54852;0000000000000000;BaslerControl::openCamera@74;"图片保存成功"
2025/03/27;17:37:14.301;ERROR;54852;0000000000000000;BaslerControl::openCamera@74;"图片保存成功"
2025/03/27;17:37:14.384;ERROR;54852;0000000000000000;BaslerControl::openCamera@74;"图片保存成功"
2025/03/27;17:37:14.463;ERROR;54852;0000000000000000;BaslerControl::openCamera@74;"图片保存成功"
2025/03/27;17:37:14.539;ERROR;54852;0000000000000000;BaslerControl::openCamera@74;"图片保存成功"
2025/03/27;17:37:14.624;ERROR;54852;0000000000000000;BaslerControl::openCamera@74;"图片保存成功"
2025/03/27;17:37:14.702;ERROR;54852;0000000000000000;BaslerControl::openCamera@74;"图片保存成功"
2025/03/27;17:37:14.787;ERROR;54852;0000000000000000;BaslerControl::openCamera@74;"图片保存成功"
2025/03/27;17:37:14.881;ERROR;54852;0000000000000000;BaslerControl::openCamera@74;"图片保存成功"
2025/03/27;17:37:14.944;ERROR;54852;0000000000000000;BaslerControl::openCamera@74;"图片保存成功"
2025/03/27;17:37:15.027;ERROR;54852;0000000000000000;BaslerControl::openCamera@74;"图片保存成功"
2025/03/27;17:40:56.270;DEBUG;37780;0000000000000000;BaslerControl::openCamera@10;"正在连接Basler相机... ..."
2025/03/27;17:40:56.548;DEBUG;37780;0000000000000000;BaslerControl::openCamera@21;"尝试连接第1台相机..."
2025/03/27;17:40:56.890;DEBUG;37780;0000000000000000;BaslerControl::openCamera@26;"尝试打开第1台Basler相机..."
2025/03/27;17:40:57.008;DEBUG;37780;0000000000000000;BaslerControl::openCamera@28;"已经打开第1台Basler相机"
2025/03/27;17:40:57.032;DEBUG;37780;0000000000000000;BaslerControl::openCamera@42;"第1台Basler相机连接成功"
2025/03/27;17:40:57.032;DEBUG;37780;0000000000000000;BaslerControl::openCamera@21;"尝试连接第2台相机..."
2025/03/27;17:40:57.247;DEBUG;37780;0000000000000000;BaslerControl::openCamera@26;"尝试打开第2台Basler相机..."
2025/03/27;17:40:57.383;DEBUG;37780;0000000000000000;BaslerControl::openCamera@28;"已经打开第2台Basler相机"
2025/03/27;17:40:57.411;DEBUG;37780;0000000000000000;BaslerControl::openCamera@42;"第2台Basler相机连接成功"
2025/03/27;18:53:01.080;DEBUG;22708;0000000000000000;BaslerControl::openCamera@10;"正在连接Basler相机... ..."
2025/03/27;18:53:01.363;DEBUG;22708;0000000000000000;BaslerControl::openCamera@21;"尝试连接第1台相机..."
2025/03/27;18:53:01.677;DEBUG;22708;0000000000000000;BaslerControl::openCamera@26;"尝试打开第1台Basler相机..."
2025/03/27;18:53:02.292;DEBUG;22708;0000000000000000;BaslerControl::openCamera@28;"已经打开第1台Basler相机"
2025/03/27;18:53:02.309;DEBUG;22708;0000000000000000;BaslerControl::openCamera@42;"第1台Basler相机连接成功"
2025/03/27;18:53:02.309;DEBUG;22708;0000000000000000;BaslerControl::openCamera@21;"尝试连接第2台相机..."
2025/03/27;18:53:02.463;DEBUG;22708;0000000000000000;BaslerControl::openCamera@26;"尝试打开第2台Basler相机..."
2025/03/27;18:53:02.589;DEBUG;22708;0000000000000000;BaslerControl::openCamera@28;"已经打开第2台Basler相机"
2025/03/27;18:53:02.614;DEBUG;22708;0000000000000000;BaslerControl::openCamera@42;"第2台Basler相机连接成功"
2025/03/27;18:53:02.614;DEBUG;22708;0000000000000000;BaslerControl::openCamera@21;"尝试连接第3台相机..."
2025/03/27;18:53:02.776;DEBUG;22708;0000000000000000;BaslerControl::openCamera@26;"尝试打开第3台Basler相机..."
2025/03/27;18:53:02.903;DEBUG;22708;0000000000000000;BaslerControl::openCamera@28;"已经打开第3台Basler相机"
2025/03/27;18:53:02.926;DEBUG;22708;0000000000000000;BaslerControl::openCamera@42;"第3台Basler相机连接成功"
2025/03/27;18:54:27.901;DEBUG;11716;0000000000000000;BaslerControl::openCamera@10;"正在连接Basler相机... ..."
2025/03/27;18:54:28.170;DEBUG;11716;0000000000000000;BaslerControl::openCamera@21;"尝试连接第1台相机..."
2025/03/27;18:54:28.313;DEBUG;11716;0000000000000000;BaslerControl::openCamera@26;"尝试打开第1台Basler相机..."
2025/03/27;18:54:28.917;DEBUG;11716;0000000000000000;BaslerControl::openCamera@28;"已经打开第1台Basler相机"
2025/03/27;18:54:28.933;DEBUG;11716;0000000000000000;BaslerControl::openCamera@42;"第1台Basler相机连接成功"
2025/03/27;18:54:28.933;DEBUG;11716;0000000000000000;BaslerControl::openCamera@21;"尝试连接第2台相机..."
2025/03/27;18:54:29.088;DEBUG;11716;0000000000000000;BaslerControl::openCamera@26;"尝试打开第2台Basler相机..."
2025/03/27;18:54:29.215;DEBUG;11716;0000000000000000;BaslerControl::openCamera@28;"已经打开第2台Basler相机"
2025/03/27;18:54:29.238;DEBUG;11716;0000000000000000;BaslerControl::openCamera@42;"第2台Basler相机连接成功"
2025/03/27;18:54:29.238;DEBUG;11716;0000000000000000;BaslerControl::openCamera@21;"尝试连接第3台相机..."
2025/03/27;18:54:29.398;DEBUG;11716;0000000000000000;BaslerControl::openCamera@26;"尝试打开第3台Basler相机..."
2025/03/27;18:54:29.526;DEBUG;11716;0000000000000000;BaslerControl::openCamera@28;"已经打开第3台Basler相机"
2025/03/27;18:54:29.550;DEBUG;11716;0000000000000000;BaslerControl::openCamera@42;"第3台Basler相机连接成功"
2025/03/27;19:04:54.464;DEBUG;45152;0000000000000000;BaslerControl::openCamera@10;"正在连接Basler相机... ..."
2025/03/27;19:04:54.732;DEBUG;45152;0000000000000000;BaslerControl::openCamera@21;"尝试连接第1台相机..."
2025/03/27;19:04:55.016;DEBUG;45152;0000000000000000;BaslerControl::openCamera@26;"尝试打开第1台Basler相机..."
2025/03/27;19:04:55.637;DEBUG;45152;0000000000000000;BaslerControl::openCamera@28;"已经打开第1台Basler相机"
2025/03/27;19:04:55.653;DEBUG;45152;0000000000000000;BaslerControl::openCamera@42;"第1台Basler相机连接成功"
2025/03/27;19:04:55.653;DEBUG;45152;0000000000000000;BaslerControl::openCamera@21;"尝试连接第2台相机..."
2025/03/27;19:04:55.800;DEBUG;45152;0000000000000000;BaslerControl::openCamera@26;"尝试打开第2台Basler相机..."
2025/03/27;19:04:55.926;DEBUG;45152;0000000000000000;BaslerControl::openCamera@28;"已经打开第2台Basler相机"
2025/03/27;19:04:55.948;DEBUG;45152;0000000000000000;BaslerControl::openCamera@42;"第2台Basler相机连接成功"
2025/03/27;19:05:17.567;ERROR;45152;0000000000000000;BaslerControl::openCamera@106;"采图失败，退出采图程序。"
2025/03/27;19:05:37.655;DEBUG;45152;0000000000000000;BaslerControl::openCamera@10;"正在连接Basler相机... ..."
2025/03/27;19:05:37.906;DEBUG;45152;0000000000000000;BaslerControl::openCamera@21;"尝试连接第1台相机..."
2025/03/27;19:05:38.135;DEBUG;45152;0000000000000000;BaslerControl::openCamera@26;"尝试打开第1台Basler相机..."
2025/03/27;19:05:38.136;ERROR;45152;0000000000000000;BaslerControl::openCamera@31;"Basler相机连接失败，可能存在其它程序正在使用相机"
2025/03/27;19:05:43.801;DEBUG;45152;0000000000000000;BaslerControl::openCamera@10;"正在连接Basler相机... ..."
2025/03/27;19:05:44.053;DEBUG;45152;0000000000000000;BaslerControl::openCamera@21;"尝试连接第1台相机..."
2025/03/27;19:05:44.218;DEBUG;45152;0000000000000000;BaslerControl::openCamera@26;"尝试打开第1台Basler相机..."
2025/03/27;19:05:44.219;ERROR;45152;0000000000000000;BaslerControl::openCamera@31;"Basler相机连接失败，可能存在其它程序正在使用相机"
2025/03/27;19:05:45.560;DEBUG;45152;0000000000000000;BaslerControl::openCamera@10;"正在连接Basler相机... ..."
2025/03/27;19:05:45.813;DEBUG;45152;0000000000000000;BaslerControl::openCamera@21;"尝试连接第1台相机..."
2025/03/27;19:05:45.983;DEBUG;45152;0000000000000000;BaslerControl::openCamera@26;"尝试打开第1台Basler相机..."
2025/03/27;19:05:45.985;ERROR;45152;0000000000000000;BaslerControl::openCamera@31;"Basler相机连接失败，可能存在其它程序正在使用相机"
2025/03/27;19:05:46.840;DEBUG;45152;0000000000000000;BaslerControl::openCamera@10;"正在连接Basler相机... ..."
2025/03/27;19:05:47.092;DEBUG;45152;0000000000000000;BaslerControl::openCamera@21;"尝试连接第1台相机..."
2025/03/27;19:05:47.251;DEBUG;45152;0000000000000000;BaslerControl::openCamera@26;"尝试打开第1台Basler相机..."
2025/03/27;19:05:47.253;ERROR;45152;0000000000000000;BaslerControl::openCamera@31;"Basler相机连接失败，可能存在其它程序正在使用相机"
2025/03/27;19:06:06.555;DEBUG;27936;0000000000000000;BaslerControl::openCamera@10;"正在连接Basler相机... ..."
2025/03/27;19:06:06.823;DEBUG;27936;0000000000000000;BaslerControl::openCamera@21;"尝试连接第1台相机..."
2025/03/27;19:06:06.980;DEBUG;27936;0000000000000000;BaslerControl::openCamera@26;"尝试打开第1台Basler相机..."
2025/03/27;19:06:07.104;DEBUG;27936;0000000000000000;BaslerControl::openCamera@28;"已经打开第1台Basler相机"
2025/03/27;19:06:07.128;DEBUG;27936;0000000000000000;BaslerControl::openCamera@42;"第1台Basler相机连接成功"
2025/03/27;19:06:07.128;DEBUG;27936;0000000000000000;BaslerControl::openCamera@21;"尝试连接第2台相机..."
2025/03/27;19:06:07.290;DEBUG;27936;0000000000000000;BaslerControl::openCamera@26;"尝试打开第2台Basler相机..."
2025/03/27;19:06:07.930;DEBUG;27936;0000000000000000;BaslerControl::openCamera@28;"已经打开第2台Basler相机"
2025/03/27;19:06:07.955;DEBUG;27936;0000000000000000;BaslerControl::openCamera@42;"第2台Basler相机连接成功"
2025/03/27;19:06:36.559;DEBUG;27936;0000000000000000;BaslerControl::openCamera@10;"正在连接Basler相机... ..."
2025/03/27;19:06:36.811;DEBUG;27936;0000000000000000;BaslerControl::openCamera@21;"尝试连接第1台相机..."
2025/03/27;19:06:37.080;DEBUG;27936;0000000000000000;BaslerControl::openCamera@26;"尝试打开第1台Basler相机..."
2025/03/27;19:06:37.211;DEBUG;27936;0000000000000000;BaslerControl::openCamera@28;"已经打开第1台Basler相机"
2025/03/27;19:06:37.235;DEBUG;27936;0000000000000000;BaslerControl::openCamera@42;"第1台Basler相机连接成功"
2025/03/27;19:06:37.235;DEBUG;27936;0000000000000000;BaslerControl::openCamera@21;"尝试连接第2台相机..."
2025/03/27;19:06:37.500;DEBUG;27936;0000000000000000;BaslerControl::openCamera@26;"尝试打开第2台Basler相机..."
2025/03/27;19:06:37.634;DEBUG;27936;0000000000000000;BaslerControl::openCamera@28;"已经打开第2台Basler相机"
2025/03/27;19:06:37.657;DEBUG;27936;0000000000000000;BaslerControl::openCamera@42;"第2台Basler相机连接成功"
2025/03/27;19:06:40.074;DEBUG;27936;0000000000000000;BaslerControl::openCamera@10;"正在连接Basler相机... ..."
2025/03/27;19:06:40.326;DEBUG;27936;0000000000000000;BaslerControl::openCamera@21;"尝试连接第1台相机..."
2025/03/27;19:06:40.592;DEBUG;27936;0000000000000000;BaslerControl::openCamera@26;"尝试打开第1台Basler相机..."
2025/03/27;19:06:40.726;DEBUG;27936;0000000000000000;BaslerControl::openCamera@28;"已经打开第1台Basler相机"
2025/03/27;19:06:40.750;DEBUG;27936;0000000000000000;BaslerControl::openCamera@42;"第1台Basler相机连接成功"
2025/03/27;19:06:40.750;DEBUG;27936;0000000000000000;BaslerControl::openCamera@21;"尝试连接第2台相机..."
2025/03/27;19:06:41.015;DEBUG;27936;0000000000000000;BaslerControl::openCamera@26;"尝试打开第2台Basler相机..."
2025/03/27;19:06:41.150;DEBUG;27936;0000000000000000;BaslerControl::openCamera@28;"已经打开第2台Basler相机"
2025/03/27;19:06:41.172;DEBUG;27936;0000000000000000;BaslerControl::openCamera@42;"第2台Basler相机连接成功"
2025/03/27;19:06:41.828;DEBUG;27936;0000000000000000;BaslerControl::openCamera@10;"正在连接Basler相机... ..."
2025/03/27;19:06:42.080;DEBUG;27936;0000000000000000;BaslerControl::openCamera@21;"尝试连接第1台相机..."
2025/03/27;19:06:42.355;DEBUG;27936;0000000000000000;BaslerControl::openCamera@26;"尝试打开第1台Basler相机..."
2025/03/27;19:06:42.486;DEBUG;27936;0000000000000000;BaslerControl::openCamera@28;"已经打开第1台Basler相机"
2025/03/27;19:06:42.510;DEBUG;27936;0000000000000000;BaslerControl::openCamera@42;"第1台Basler相机连接成功"
2025/03/27;19:06:42.510;DEBUG;27936;0000000000000000;BaslerControl::openCamera@21;"尝试连接第2台相机..."
2025/03/27;19:06:42.771;DEBUG;27936;0000000000000000;BaslerControl::openCamera@26;"尝试打开第2台Basler相机..."
2025/03/27;19:06:42.906;DEBUG;27936;0000000000000000;BaslerControl::openCamera@28;"已经打开第2台Basler相机"
2025/03/27;19:06:42.929;DEBUG;27936;0000000000000000;BaslerControl::openCamera@42;"第2台Basler相机连接成功"
2025/03/27;19:06:44.065;DEBUG;27936;0000000000000000;BaslerControl::openCamera@10;"正在连接Basler相机... ..."
2025/03/27;19:06:44.316;DEBUG;27936;0000000000000000;BaslerControl::openCamera@21;"尝试连接第1台相机..."
2025/03/27;19:06:44.598;DEBUG;27936;0000000000000000;BaslerControl::openCamera@26;"尝试打开第1台Basler相机..."
2025/03/27;19:06:44.680;DEBUG;27936;0000000000000000;BaslerControl::openCamera@28;"已经打开第1台Basler相机"
2025/03/27;19:06:44.696;DEBUG;27936;0000000000000000;BaslerControl::openCamera@42;"第1台Basler相机连接成功"
2025/03/27;19:06:44.696;DEBUG;27936;0000000000000000;BaslerControl::openCamera@21;"尝试连接第2台相机..."
2025/03/27;19:06:45.020;DEBUG;27936;0000000000000000;BaslerControl::openCamera@26;"尝试打开第2台Basler相机..."
2025/03/27;19:06:45.137;DEBUG;27936;0000000000000000;BaslerControl::openCamera@28;"已经打开第2台Basler相机"
2025/03/27;19:06:45.160;DEBUG;27936;0000000000000000;BaslerControl::openCamera@42;"第2台Basler相机连接成功"
2025/03/27;19:06:45.160;DEBUG;27936;0000000000000000;BaslerControl::openCamera@21;"尝试连接第3台相机..."
2025/03/27;19:06:45.305;DEBUG;27936;0000000000000000;BaslerControl::openCamera@26;"尝试打开第3台Basler相机..."
2025/03/27;19:06:45.432;DEBUG;27936;0000000000000000;BaslerControl::openCamera@28;"已经打开第3台Basler相机"
2025/03/27;19:06:45.456;DEBUG;27936;0000000000000000;BaslerControl::openCamera@42;"第3台Basler相机连接成功"
2025/03/27;19:07:17.889;DEBUG;41784;0000000000000000;BaslerControl::openCamera@10;"正在连接Basler相机... ..."
2025/03/27;19:07:18.157;DEBUG;41784;0000000000000000;BaslerControl::openCamera@21;"尝试连接第1台相机..."
2025/03/27;19:07:18.463;DEBUG;41784;0000000000000000;BaslerControl::openCamera@26;"尝试打开第1台Basler相机..."
2025/03/27;19:07:19.092;DEBUG;41784;0000000000000000;BaslerControl::openCamera@28;"已经打开第1台Basler相机"
2025/03/27;19:07:19.109;DEBUG;41784;0000000000000000;BaslerControl::openCamera@42;"第1台Basler相机连接成功"
2025/03/27;19:07:19.109;DEBUG;41784;0000000000000000;BaslerControl::openCamera@21;"尝试连接第2台相机..."
2025/03/27;19:07:19.265;DEBUG;41784;0000000000000000;BaslerControl::openCamera@26;"尝试打开第2台Basler相机..."
2025/03/27;19:07:19.904;DEBUG;41784;0000000000000000;BaslerControl::openCamera@28;"已经打开第2台Basler相机"
2025/03/27;19:07:19.928;DEBUG;41784;0000000000000000;BaslerControl::openCamera@42;"第2台Basler相机连接成功"
2025/03/27;19:25:08.805;DEBUG;19876;0000000000000000;BaslerControl::openCamera@10;"正在连接Basler相机... ..."
2025/03/27;19:25:09.074;DEBUG;19876;0000000000000000;BaslerControl::openCamera@21;"尝试连接第1台相机..."
2025/03/27;19:25:09.377;DEBUG;19876;0000000000000000;BaslerControl::openCamera@26;"尝试打开第1台Basler相机..."
2025/03/27;19:25:10.019;DEBUG;19876;0000000000000000;BaslerControl::openCamera@28;"已经打开第1台Basler相机"
2025/03/27;19:25:10.036;DEBUG;19876;0000000000000000;BaslerControl::openCamera@41;"第1台Basler相机连接成功"
2025/03/27;19:25:10.036;DEBUG;19876;0000000000000000;BaslerControl::openCamera@21;"尝试连接第2台相机..."
2025/03/27;19:25:10.195;DEBUG;19876;0000000000000000;BaslerControl::openCamera@26;"尝试打开第2台Basler相机..."
2025/03/27;19:25:10.316;DEBUG;19876;0000000000000000;BaslerControl::openCamera@28;"已经打开第2台Basler相机"
2025/03/27;19:25:10.340;DEBUG;19876;0000000000000000;BaslerControl::openCamera@41;"第2台Basler相机连接成功"
2025/03/27;19:25:10.340;ERROR;19876;0000000000000000;BaslerControl::grabImageResult@112;"采图失败，退出采图程序。"
2025/03/27;19:26:11.839;DEBUG;41512;0000000000000000;BaslerControl::openCamera@10;"正在连接Basler相机... ..."
2025/03/27;19:26:12.184;DEBUG;41512;0000000000000000;BaslerControl::openCamera@21;"尝试连接第1台相机..."
2025/03/27;19:26:12.613;DEBUG;41512;0000000000000000;BaslerControl::openCamera@26;"尝试打开第1台Basler相机..."
2025/03/27;19:26:13.269;DEBUG;41512;0000000000000000;BaslerControl::openCamera@28;"已经打开第1台Basler相机"
2025/03/27;19:26:13.302;DEBUG;41512;0000000000000000;BaslerControl::openCamera@41;"第1台Basler相机连接成功"
2025/03/27;19:26:13.303;DEBUG;41512;0000000000000000;BaslerControl::openCamera@21;"尝试连接第2台相机..."
2025/03/27;19:26:13.517;DEBUG;41512;0000000000000000;BaslerControl::openCamera@26;"尝试打开第2台Basler相机..."
2025/03/27;19:26:13.659;DEBUG;41512;0000000000000000;BaslerControl::openCamera@28;"已经打开第2台Basler相机"
2025/03/27;19:26:13.702;DEBUG;41512;0000000000000000;BaslerControl::openCamera@41;"第2台Basler相机连接成功"
2025/03/27;19:26:13.723;ERROR;41512;0000000000000000;BaslerControl::openCamera@109;"采图失败，退出采图程序。"
2025/03/27;19:26:20.777;DEBUG;41512;0000000000000000;BaslerControl::openCamera@10;"正在连接Basler相机... ..."
2025/03/27;19:26:21.029;DEBUG;41512;0000000000000000;BaslerControl::openCamera@21;"尝试连接第1台相机..."
2025/03/27;19:26:21.645;DEBUG;41512;0000000000000000;BaslerControl::openCamera@26;"尝试打开第1台Basler相机..."
2025/03/27;19:26:21.753;DEBUG;41512;0000000000000000;BaslerControl::openCamera@28;"已经打开第1台Basler相机"
2025/03/27;19:26:21.789;DEBUG;41512;0000000000000000;BaslerControl::openCamera@41;"第1台Basler相机连接成功"
2025/03/27;19:26:21.789;DEBUG;41512;0000000000000000;BaslerControl::openCamera@21;"尝试连接第2台相机..."
2025/03/27;19:26:23.825;DEBUG;41512;0000000000000000;BaslerControl::openCamera@26;"尝试打开第2台Basler相机..."
2025/03/27;19:26:23.956;DEBUG;41512;0000000000000000;BaslerControl::openCamera@28;"已经打开第2台Basler相机"
2025/03/27;19:26:23.996;DEBUG;41512;0000000000000000;BaslerControl::openCamera@41;"第2台Basler相机连接成功"
2025/03/27;19:26:45.109;DEBUG;21896;0000000000000000;BaslerControl::openCamera@10;"正在连接Basler相机... ..."
2025/03/27;19:26:45.378;DEBUG;21896;0000000000000000;BaslerControl::openCamera@21;"尝试连接第1台相机..."
2025/03/27;19:26:45.506;DEBUG;21896;0000000000000000;BaslerControl::openCamera@26;"尝试打开第1台Basler相机..."
2025/03/27;19:26:45.508;ERROR;21896;0000000000000000;BaslerControl::openCamera@31;"Basler相机连接失败，可能存在其它程序正在使用相机"
2025/03/27;19:27:11.934;DEBUG;53632;0000000000000000;BaslerControl::openCamera@10;"正在连接Basler相机... ..."
2025/03/27;19:27:12.202;DEBUG;53632;0000000000000000;BaslerControl::openCamera@21;"尝试连接第1台相机..."
2025/03/27;19:27:12.329;DEBUG;53632;0000000000000000;BaslerControl::openCamera@26;"尝试打开第1台Basler相机..."
2025/03/27;19:27:12.331;ERROR;53632;0000000000000000;BaslerControl::openCamera@31;"Basler相机连接失败，可能存在其它程序正在使用相机"
2025/03/27;19:27:13.624;DEBUG;53632;0000000000000000;BaslerControl::openCamera@10;"正在连接Basler相机... ..."
2025/03/27;19:27:13.876;DEBUG;53632;0000000000000000;BaslerControl::openCamera@21;"尝试连接第1台相机..."
2025/03/27;19:27:14.003;DEBUG;53632;0000000000000000;BaslerControl::openCamera@26;"尝试打开第1台Basler相机..."
2025/03/27;19:27:14.004;ERROR;53632;0000000000000000;BaslerControl::openCamera@31;"Basler相机连接失败，可能存在其它程序正在使用相机"
2025/03/27;19:27:14.516;DEBUG;53632;0000000000000000;BaslerControl::openCamera@10;"正在连接Basler相机... ..."
2025/03/27;19:27:14.767;DEBUG;53632;0000000000000000;BaslerControl::openCamera@21;"尝试连接第1台相机..."
2025/03/27;19:27:14.899;DEBUG;53632;0000000000000000;BaslerControl::openCamera@26;"尝试打开第1台Basler相机..."
2025/03/27;19:27:14.901;ERROR;53632;0000000000000000;BaslerControl::openCamera@31;"Basler相机连接失败，可能存在其它程序正在使用相机"
2025/03/27;19:27:15.423;DEBUG;53632;0000000000000000;BaslerControl::openCamera@10;"正在连接Basler相机... ..."
2025/03/27;19:27:15.675;DEBUG;53632;0000000000000000;BaslerControl::openCamera@21;"尝试连接第1台相机..."
2025/03/27;19:27:15.804;DEBUG;53632;0000000000000000;BaslerControl::openCamera@26;"尝试打开第1台Basler相机..."
2025/03/27;19:27:15.805;ERROR;53632;0000000000000000;BaslerControl::openCamera@31;"Basler相机连接失败，可能存在其它程序正在使用相机"
2025/03/27;19:27:16.245;DEBUG;53632;0000000000000000;BaslerControl::openCamera@10;"正在连接Basler相机... ..."
2025/03/27;19:27:16.497;DEBUG;53632;0000000000000000;BaslerControl::openCamera@21;"尝试连接第1台相机..."
2025/03/27;19:27:16.632;DEBUG;53632;0000000000000000;BaslerControl::openCamera@26;"尝试打开第1台Basler相机..."
2025/03/27;19:27:16.633;ERROR;53632;0000000000000000;BaslerControl::openCamera@31;"Basler相机连接失败，可能存在其它程序正在使用相机"
2025/03/27;19:27:17.084;DEBUG;53632;0000000000000000;BaslerControl::openCamera@10;"正在连接Basler相机... ..."
2025/03/27;19:27:17.336;DEBUG;53632;0000000000000000;BaslerControl::openCamera@21;"尝试连接第1台相机..."
2025/03/27;19:27:17.466;DEBUG;53632;0000000000000000;BaslerControl::openCamera@26;"尝试打开第1台Basler相机..."
2025/03/27;19:27:17.467;ERROR;53632;0000000000000000;BaslerControl::openCamera@31;"Basler相机连接失败，可能存在其它程序正在使用相机"
2025/03/27;19:27:17.904;DEBUG;53632;0000000000000000;BaslerControl::openCamera@10;"正在连接Basler相机... ..."
2025/03/27;19:27:18.156;DEBUG;53632;0000000000000000;BaslerControl::openCamera@21;"尝试连接第1台相机..."
2025/03/27;19:27:18.287;DEBUG;53632;0000000000000000;BaslerControl::openCamera@26;"尝试打开第1台Basler相机..."
2025/03/27;19:27:18.289;ERROR;53632;0000000000000000;BaslerControl::openCamera@31;"Basler相机连接失败，可能存在其它程序正在使用相机"
2025/03/27;19:27:46.124;DEBUG;13316;0000000000000000;BaslerControl::openCamera@10;"正在连接Basler相机... ..."
2025/03/27;19:27:46.394;DEBUG;13316;0000000000000000;BaslerControl::openCamera@21;"尝试连接第1台相机..."
2025/03/27;19:27:46.540;DEBUG;13316;0000000000000000;BaslerControl::openCamera@26;"尝试打开第1台Basler相机..."
2025/03/27;19:27:46.542;ERROR;13316;0000000000000000;BaslerControl::openCamera@31;"Basler相机连接失败，可能存在其它程序正在使用相机"
2025/03/27;19:28:13.675;DEBUG;13316;0000000000000000;BaslerControl::openCamera@10;"正在连接Basler相机... ..."
2025/03/27;19:28:13.926;DEBUG;13316;0000000000000000;BaslerControl::openCamera@21;"尝试连接第1台相机..."
2025/03/27;19:28:14.234;DEBUG;13316;0000000000000000;BaslerControl::openCamera@26;"尝试打开第1台Basler相机..."
2025/03/27;19:28:14.325;DEBUG;13316;0000000000000000;BaslerControl::openCamera@28;"已经打开第1台Basler相机"
2025/03/27;19:28:14.343;DEBUG;13316;0000000000000000;BaslerControl::openCamera@41;"第1台Basler相机连接成功"
2025/03/27;19:28:14.343;DEBUG;13316;0000000000000000;BaslerControl::openCamera@21;"尝试连接第2台相机..."
2025/03/27;19:28:14.499;DEBUG;13316;0000000000000000;BaslerControl::openCamera@26;"尝试打开第2台Basler相机..."
2025/03/27;19:28:15.124;DEBUG;13316;0000000000000000;BaslerControl::openCamera@28;"已经打开第2台Basler相机"
2025/03/27;19:28:15.149;DEBUG;13316;0000000000000000;BaslerControl::openCamera@41;"第2台Basler相机连接成功"
2025/03/27;19:28:15.149;ERROR;13316;0000000000000000;BaslerControl::openCamera@109;"采图失败，退出采图程序。"
2025/03/27;19:31:57.071;DEBUG;25472;0000000000000000;BaslerControl::openCamera@10;"正在连接Basler相机... ..."
2025/03/27;19:31:57.339;DEBUG;25472;0000000000000000;BaslerControl::openCamera@21;"尝试连接第1台相机..."
2025/03/27;19:31:57.628;DEBUG;25472;0000000000000000;BaslerControl::openCamera@26;"尝试打开第1台Basler相机..."
2025/03/27;19:31:58.225;DEBUG;25472;0000000000000000;BaslerControl::openCamera@28;"已经打开第1台Basler相机"
2025/03/27;19:31:58.242;DEBUG;25472;0000000000000000;BaslerControl::openCamera@41;"第1台Basler相机连接成功"
2025/03/27;19:31:58.242;DEBUG;25472;0000000000000000;BaslerControl::openCamera@21;"尝试连接第2台相机..."
2025/03/27;19:31:58.401;DEBUG;25472;0000000000000000;BaslerControl::openCamera@26;"尝试打开第2台Basler相机..."
2025/03/27;19:31:58.525;DEBUG;25472;0000000000000000;BaslerControl::openCamera@28;"已经打开第2台Basler相机"
2025/03/27;19:31:58.549;DEBUG;25472;0000000000000000;BaslerControl::openCamera@41;"第2台Basler相机连接成功"
2025/03/27;19:32:36.279;DEBUG;31924;0000000000000000;BaslerControl::openCamera@10;"正在连接Basler相机... ..."
2025/03/27;19:32:36.547;DEBUG;31924;0000000000000000;BaslerControl::openCamera@21;"尝试连接第1台相机..."
2025/03/27;19:32:36.804;DEBUG;31924;0000000000000000;BaslerControl::openCamera@26;"尝试打开第1台Basler相机..."
2025/03/27;19:32:36.885;DEBUG;31924;0000000000000000;BaslerControl::openCamera@28;"已经打开第1台Basler相机"
2025/03/27;19:32:36.901;DEBUG;31924;0000000000000000;BaslerControl::openCamera@41;"第1台Basler相机连接成功"
2025/03/27;19:32:36.902;DEBUG;31924;0000000000000000;BaslerControl::openCamera@21;"尝试连接第2台相机..."
2025/03/27;19:32:37.045;DEBUG;31924;0000000000000000;BaslerControl::openCamera@26;"尝试打开第2台Basler相机..."
2025/03/27;19:32:37.169;DEBUG;31924;0000000000000000;BaslerControl::openCamera@28;"已经打开第2台Basler相机"
2025/03/27;19:32:37.193;DEBUG;31924;0000000000000000;BaslerControl::openCamera@41;"第2台Basler相机连接成功"
2025/03/27;19:33:56.912;DEBUG;51064;0000000000000000;BaslerControl::openCamera@10;"正在连接Basler相机... ..."
2025/03/27;19:33:57.180;DEBUG;51064;0000000000000000;BaslerControl::openCamera@21;"尝试连接第1台相机..."
2025/03/27;19:33:57.486;DEBUG;51064;0000000000000000;BaslerControl::openCamera@26;"尝试打开第1台Basler相机..."
2025/03/27;19:33:57.639;DEBUG;51064;0000000000000000;BaslerControl::openCamera@28;"已经打开第1台Basler相机"
2025/03/27;19:33:57.665;DEBUG;51064;0000000000000000;BaslerControl::openCamera@41;"第1台Basler相机连接成功"
2025/03/27;19:33:57.665;DEBUG;51064;0000000000000000;BaslerControl::openCamera@21;"尝试连接第2台相机..."
2025/03/27;19:33:57.822;DEBUG;51064;0000000000000000;BaslerControl::openCamera@26;"尝试打开第2台Basler相机..."
2025/03/27;19:33:57.947;DEBUG;51064;0000000000000000;BaslerControl::openCamera@28;"已经打开第2台Basler相机"
2025/03/27;19:33:57.969;DEBUG;51064;0000000000000000;BaslerControl::openCamera@41;"第2台Basler相机连接成功"
2025/03/27;19:33:57.969;ERROR;51064;0000000000000000;BaslerControl::openCamera@111;"采图失败，退出采图程序。"
2025/03/27;19:33:59.702;DEBUG;51064;0000000000000000;BaslerControl::openCamera@10;"正在连接Basler相机... ..."
2025/03/27;19:33:59.954;DEBUG;51064;0000000000000000;BaslerControl::openCamera@21;"尝试连接第1台相机..."
2025/03/27;19:34:00.180;DEBUG;51064;0000000000000000;BaslerControl::openCamera@26;"尝试打开第1台Basler相机..."
2025/03/27;19:34:00.261;DEBUG;51064;0000000000000000;BaslerControl::openCamera@28;"已经打开第1台Basler相机"
2025/03/27;19:34:00.277;DEBUG;51064;0000000000000000;BaslerControl::openCamera@41;"第1台Basler相机连接成功"
2025/03/27;19:34:00.277;DEBUG;51064;0000000000000000;BaslerControl::openCamera@21;"尝试连接第2台相机..."
2025/03/27;19:34:00.519;DEBUG;51064;0000000000000000;BaslerControl::openCamera@26;"尝试打开第2台Basler相机..."
2025/03/27;19:34:01.149;DEBUG;51064;0000000000000000;BaslerControl::openCamera@28;"已经打开第2台Basler相机"
2025/03/27;19:34:01.174;DEBUG;51064;0000000000000000;BaslerControl::openCamera@41;"第2台Basler相机连接成功"
2025/03/27;19:34:32.580;DEBUG;58644;0000000000000000;BaslerControl::openCamera@10;"正在连接Basler相机... ..."
2025/03/27;19:34:32.848;DEBUG;58644;0000000000000000;BaslerControl::openCamera@21;"尝试连接第1台相机..."
2025/03/27;19:34:33.151;DEBUG;58644;0000000000000000;BaslerControl::openCamera@26;"尝试打开第1台Basler相机..."
2025/03/27;19:34:33.301;DEBUG;58644;0000000000000000;BaslerControl::openCamera@28;"已经打开第1台Basler相机"
2025/03/27;19:34:33.336;DEBUG;58644;0000000000000000;BaslerControl::openCamera@41;"第1台Basler相机连接成功"
2025/03/27;19:34:33.337;DEBUG;58644;0000000000000000;BaslerControl::openCamera@21;"尝试连接第2台相机..."
2025/03/27;19:34:33.505;DEBUG;58644;0000000000000000;BaslerControl::openCamera@26;"尝试打开第2台Basler相机..."
2025/03/27;19:34:33.637;DEBUG;58644;0000000000000000;BaslerControl::openCamera@28;"已经打开第2台Basler相机"
2025/03/27;19:34:33.661;DEBUG;58644;0000000000000000;BaslerControl::openCamera@41;"第2台Basler相机连接成功"
2025/03/27;19:34:33.661;ERROR;58644;0000000000000000;BaslerControl::openCamera@111;"采图失败，退出采图程序。"
2025/03/27;19:34:35.801;DEBUG;58644;0000000000000000;BaslerControl::openCamera@10;"正在连接Basler相机... ..."
2025/03/27;19:34:36.053;DEBUG;58644;0000000000000000;BaslerControl::openCamera@21;"尝试连接第1台相机..."
2025/03/27;19:34:36.233;DEBUG;58644;0000000000000000;BaslerControl::openCamera@26;"尝试打开第1台Basler相机..."
2025/03/27;19:34:36.827;DEBUG;58644;0000000000000000;BaslerControl::openCamera@28;"已经打开第1台Basler相机"
2025/03/27;19:34:36.843;DEBUG;58644;0000000000000000;BaslerControl::openCamera@41;"第1台Basler相机连接成功"
2025/03/27;19:34:36.843;DEBUG;58644;0000000000000000;BaslerControl::openCamera@21;"尝试连接第2台相机..."
2025/03/27;19:34:37.118;DEBUG;58644;0000000000000000;BaslerControl::openCamera@26;"尝试打开第2台Basler相机..."
2025/03/27;19:34:37.250;DEBUG;58644;0000000000000000;BaslerControl::openCamera@28;"已经打开第2台Basler相机"
2025/03/27;19:34:37.272;DEBUG;58644;0000000000000000;BaslerControl::openCamera@41;"第2台Basler相机连接成功"
2025/03/27;19:35:18.344;DEBUG;14732;0000000000000000;BaslerControl::openCamera@10;"正在连接Basler相机... ..."
2025/03/27;19:35:18.613;DEBUG;14732;0000000000000000;BaslerControl::openCamera@21;"尝试连接第1台相机..."
2025/03/27;19:35:18.901;DEBUG;14732;0000000000000000;BaslerControl::openCamera@26;"尝试打开第1台Basler相机..."
2025/03/27;19:35:18.998;DEBUG;14732;0000000000000000;BaslerControl::openCamera@28;"已经打开第1台Basler相机"
2025/03/27;19:35:19.014;DEBUG;14732;0000000000000000;BaslerControl::openCamera@41;"第1台Basler相机连接成功"
2025/03/27;19:35:19.015;DEBUG;14732;0000000000000000;BaslerControl::openCamera@21;"尝试连接第2台相机..."
2025/03/27;19:35:19.170;DEBUG;14732;0000000000000000;BaslerControl::openCamera@26;"尝试打开第2台Basler相机..."
2025/03/27;19:35:19.295;DEBUG;14732;0000000000000000;BaslerControl::openCamera@28;"已经打开第2台Basler相机"
2025/03/27;19:35:19.318;DEBUG;14732;0000000000000000;BaslerControl::openCamera@41;"第2台Basler相机连接成功"
2025/03/27;19:35:19.318;ERROR;14732;0000000000000000;BaslerControl::openCamera@111;"采图失败，退出采图程序。"
2025/03/27;19:36:13.520;DEBUG;39768;0000000000000000;BaslerControl::openCamera@10;"正在连接Basler相机... ..."
2025/03/27;19:36:13.789;DEBUG;39768;0000000000000000;BaslerControl::openCamera@21;"尝试连接第1台相机..."
2025/03/27;19:36:14.095;DEBUG;39768;0000000000000000;BaslerControl::openCamera@26;"尝试打开第1台Basler相机..."
2025/03/27;19:36:14.249;DEBUG;39768;0000000000000000;BaslerControl::openCamera@28;"已经打开第1台Basler相机"
2025/03/27;19:36:14.265;DEBUG;39768;0000000000000000;BaslerControl::openCamera@41;"第1台Basler相机连接成功"
2025/03/27;19:36:14.265;DEBUG;39768;0000000000000000;BaslerControl::openCamera@21;"尝试连接第2台相机..."
2025/03/27;19:36:14.415;DEBUG;39768;0000000000000000;BaslerControl::openCamera@26;"尝试打开第2台Basler相机..."
2025/03/27;19:36:14.537;DEBUG;39768;0000000000000000;BaslerControl::openCamera@28;"已经打开第2台Basler相机"
2025/03/27;19:36:14.560;DEBUG;39768;0000000000000000;BaslerControl::openCamera@41;"第2台Basler相机连接成功"
2025/03/27;19:45:30.034;DEBUG;48476;0000000000000000;BaslerControl::openCamera@10;"正在连接Basler相机... ..."
2025/03/27;19:45:30.303;DEBUG;48476;0000000000000000;BaslerControl::openCamera@21;"尝试连接第1台相机..."
2025/03/27;19:45:30.607;DEBUG;48476;0000000000000000;BaslerControl::openCamera@26;"尝试打开第1台Basler相机..."
2025/03/27;19:45:31.245;DEBUG;48476;0000000000000000;BaslerControl::openCamera@28;"已经打开第1台Basler相机"
2025/03/27;19:45:31.262;DEBUG;48476;0000000000000000;BaslerControl::openCamera@41;"第1台Basler相机连接成功"
2025/03/27;19:45:31.262;DEBUG;48476;0000000000000000;BaslerControl::openCamera@21;"尝试连接第2台相机..."
2025/03/27;19:45:31.420;DEBUG;48476;0000000000000000;BaslerControl::openCamera@26;"尝试打开第2台Basler相机..."
2025/03/27;19:45:31.546;DEBUG;48476;0000000000000000;BaslerControl::openCamera@28;"已经打开第2台Basler相机"
2025/03/27;19:45:31.569;DEBUG;48476;0000000000000000;BaslerControl::openCamera@41;"第2台Basler相机连接成功"
2025/03/27;19:47:45.533;DEBUG;53356;0000000000000000;BaslerControl::openCamera@10;"正在连接Basler相机... ..."
2025/03/27;19:47:45.802;DEBUG;53356;0000000000000000;BaslerControl::openCamera@21;"尝试连接第1台相机..."
2025/03/27;19:47:46.080;DEBUG;53356;0000000000000000;BaslerControl::openCamera@26;"尝试打开第1台Basler相机..."
2025/03/27;19:47:46.213;DEBUG;53356;0000000000000000;BaslerControl::openCamera@28;"已经打开第1台Basler相机"
2025/03/27;19:47:46.230;DEBUG;53356;0000000000000000;BaslerControl::openCamera@41;"第1台Basler相机连接成功"
2025/03/27;19:47:46.230;DEBUG;53356;0000000000000000;BaslerControl::openCamera@21;"尝试连接第2台相机..."
2025/03/27;19:47:46.389;DEBUG;53356;0000000000000000;BaslerControl::openCamera@26;"尝试打开第2台Basler相机..."
2025/03/27;19:47:46.513;DEBUG;53356;0000000000000000;BaslerControl::openCamera@28;"已经打开第2台Basler相机"
2025/03/27;19:47:46.536;DEBUG;53356;0000000000000000;BaslerControl::openCamera@41;"第2台Basler相机连接成功"
2025/03/27;19:55:27.101;DEBUG;3960;0000000000000000;BaslerControl::openCamera@11;"正在连接Basler相机... ..."
2025/03/27;19:55:27.369;DEBUG;3960;0000000000000000;BaslerControl::openCamera@22;"尝试连接第1台相机..."
2025/03/27;19:55:27.564;DEBUG;3960;0000000000000000;BaslerControl::openCamera@27;"尝试打开第1台Basler相机..."
2025/03/27;19:55:27.659;DEBUG;3960;0000000000000000;BaslerControl::openCamera@29;"已经打开第1台Basler相机"
2025/03/27;19:55:27.676;DEBUG;3960;0000000000000000;BaslerControl::openCamera@42;"第1台Basler相机连接成功"
2025/03/27;19:55:27.676;DEBUG;3960;0000000000000000;BaslerControl::openCamera@22;"尝试连接第2台相机..."
2025/03/27;19:55:27.834;DEBUG;3960;0000000000000000;BaslerControl::openCamera@27;"尝试打开第2台Basler相机..."
2025/03/27;19:55:27.958;DEBUG;3960;0000000000000000;BaslerControl::openCamera@29;"已经打开第2台Basler相机"
2025/03/27;19:55:27.979;DEBUG;3960;0000000000000000;BaslerControl::openCamera@42;"第2台Basler相机连接成功"
2025/03/27;19:55:31.603;ERROR;3960;0000000000000000;BaslerControl::openCamera@108;"采图失败，退出采图程序。"
2025/03/27;19:55:58.845;DEBUG;27696;0000000000000000;BaslerControl::openCamera@11;"正在连接Basler相机... ..."
2025/03/27;19:55:59.112;DEBUG;27696;0000000000000000;BaslerControl::openCamera@22;"尝试连接第1台相机..."
2025/03/27;19:55:59.271;DEBUG;27696;0000000000000000;BaslerControl::openCamera@27;"尝试打开第1台Basler相机..."
2025/03/27;19:55:59.353;DEBUG;27696;0000000000000000;BaslerControl::openCamera@29;"已经打开第1台Basler相机"
2025/03/27;19:55:59.370;DEBUG;27696;0000000000000000;BaslerControl::openCamera@42;"第1台Basler相机连接成功"
2025/03/27;19:55:59.371;DEBUG;27696;0000000000000000;BaslerControl::openCamera@22;"尝试连接第2台相机..."
2025/03/27;19:55:59.526;DEBUG;27696;0000000000000000;BaslerControl::openCamera@27;"尝试打开第2台Basler相机..."
2025/03/27;19:55:59.648;DEBUG;27696;0000000000000000;BaslerControl::openCamera@29;"已经打开第2台Basler相机"
2025/03/27;19:55:59.672;DEBUG;27696;0000000000000000;BaslerControl::openCamera@42;"第2台Basler相机连接成功"
2025/03/27;19:56:11.196;ERROR;27696;0000000000000000;BaslerControl::openCamera@101;"图片保存成功"
2025/03/27;19:56:14.480;ERROR;27696;0000000000000000;BaslerControl::openCamera@101;"图片保存成功"
2025/03/27;19:56:15.039;ERROR;27696;0000000000000000;BaslerControl::openCamera@101;"图片保存成功"
2025/03/27;20:01:35.021;DEBUG;36684;0000000000000000;BaslerControl::openCamera@11;"正在连接Basler相机... ..."
2025/03/27;20:01:35.291;DEBUG;36684;0000000000000000;BaslerControl::openCamera@22;"尝试连接第1台相机..."
2025/03/27;20:01:35.530;DEBUG;36684;0000000000000000;BaslerControl::openCamera@27;"尝试打开第1台Basler相机..."
2025/03/27;20:01:35.628;DEBUG;36684;0000000000000000;BaslerControl::openCamera@29;"已经打开第1台Basler相机"
2025/03/27;20:01:35.645;DEBUG;36684;0000000000000000;BaslerControl::openCamera@42;"第1台Basler相机连接成功"
2025/03/27;20:01:35.645;DEBUG;36684;0000000000000000;BaslerControl::openCamera@22;"尝试连接第2台相机..."
2025/03/27;20:01:35.804;DEBUG;36684;0000000000000000;BaslerControl::openCamera@27;"尝试打开第2台Basler相机..."
2025/03/27;20:01:35.928;DEBUG;36684;0000000000000000;BaslerControl::openCamera@29;"已经打开第2台Basler相机"
2025/03/27;20:01:35.950;DEBUG;36684;0000000000000000;BaslerControl::openCamera@42;"第2台Basler相机连接成功"
2025/03/27;20:31:03.119;DEBUG;56700;0000000000000000;BaslerControl::openCamera@11;"正在连接Basler相机... ..."
2025/03/27;20:31:03.389;DEBUG;56700;0000000000000000;BaslerControl::openCamera@22;"尝试连接第1台相机..."
2025/03/27;20:31:03.557;DEBUG;56700;0000000000000000;BaslerControl::openCamera@27;"尝试打开第1台Basler相机..."
2025/03/27;20:31:03.653;DEBUG;56700;0000000000000000;BaslerControl::openCamera@29;"已经打开第1台Basler相机"
2025/03/27;20:31:03.671;DEBUG;56700;0000000000000000;BaslerControl::openCamera@42;"第1台Basler相机连接成功"
2025/03/27;20:31:03.671;DEBUG;56700;0000000000000000;BaslerControl::openCamera@22;"尝试连接第2台相机..."
2025/03/27;20:31:03.828;DEBUG;56700;0000000000000000;BaslerControl::openCamera@27;"尝试打开第2台Basler相机..."
2025/03/27;20:31:04.461;DEBUG;56700;0000000000000000;BaslerControl::openCamera@29;"已经打开第2台Basler相机"
2025/03/27;20:31:04.486;DEBUG;56700;0000000000000000;BaslerControl::openCamera@42;"第2台Basler相机连接成功"
2025/03/27;20:31:04.486;DEBUG;56700;0000000000000000;BaslerControl::openCamera@22;"尝试连接第3台相机..."
2025/03/27;20:31:04.630;DEBUG;56700;0000000000000000;BaslerControl::openCamera@27;"尝试打开第3台Basler相机..."
2025/03/27;20:31:04.758;DEBUG;56700;0000000000000000;BaslerControl::openCamera@29;"已经打开第3台Basler相机"
2025/03/27;20:31:04.783;DEBUG;56700;0000000000000000;BaslerControl::openCamera@42;"第3台Basler相机连接成功"
2025/03/27;20:36:01.951;DEBUG;16972;0000000000000000;BaslerControl::openCamera@11;"正在连接Basler相机... ..."
2025/03/27;20:36:02.220;DEBUG;16972;0000000000000000;BaslerControl::openCamera@22;"尝试连接第1台相机..."
2025/03/27;20:36:02.381;DEBUG;16972;0000000000000000;BaslerControl::openCamera@27;"尝试打开第1台Basler相机..."
2025/03/27;20:36:02.462;DEBUG;16972;0000000000000000;BaslerControl::openCamera@29;"已经打开第1台Basler相机"
2025/03/27;20:36:02.479;DEBUG;16972;0000000000000000;BaslerControl::openCamera@42;"第1台Basler相机连接成功"
2025/03/27;20:36:02.479;DEBUG;16972;0000000000000000;BaslerControl::openCamera@22;"尝试连接第2台相机..."
2025/03/27;20:36:02.629;DEBUG;16972;0000000000000000;BaslerControl::openCamera@27;"尝试打开第2台Basler相机..."
2025/03/27;20:36:02.754;DEBUG;16972;0000000000000000;BaslerControl::openCamera@29;"已经打开第2台Basler相机"
2025/03/27;20:36:02.776;DEBUG;16972;0000000000000000;BaslerControl::openCamera@42;"第2台Basler相机连接成功"
2025/03/27;20:36:02.776;DEBUG;16972;0000000000000000;BaslerControl::openCamera@22;"尝试连接第3台相机..."
2025/03/27;20:36:02.923;DEBUG;16972;0000000000000000;BaslerControl::openCamera@27;"尝试打开第3台Basler相机..."
2025/03/27;20:36:03.045;DEBUG;16972;0000000000000000;BaslerControl::openCamera@29;"已经打开第3台Basler相机"
2025/03/27;20:36:03.067;DEBUG;16972;0000000000000000;BaslerControl::openCamera@42;"第3台Basler相机连接成功"
2025/03/27;20:36:41.295;DEBUG;56972;0000000000000000;BaslerControl::openCamera@11;"正在连接Basler相机... ..."
2025/03/27;20:36:41.563;DEBUG;56972;0000000000000000;BaslerControl::openCamera@22;"尝试连接第1台相机..."
2025/03/27;20:36:41.845;DEBUG;56972;0000000000000000;BaslerControl::openCamera@27;"尝试打开第1台Basler相机..."
2025/03/27;20:36:41.985;DEBUG;56972;0000000000000000;BaslerControl::openCamera@29;"已经打开第1台Basler相机"
2025/03/27;20:36:42.016;DEBUG;56972;0000000000000000;BaslerControl::openCamera@42;"第1台Basler相机连接成功"
2025/03/27;20:36:42.016;DEBUG;56972;0000000000000000;BaslerControl::openCamera@22;"尝试连接第2台相机..."
2025/03/27;20:36:42.165;DEBUG;56972;0000000000000000;BaslerControl::openCamera@27;"尝试打开第2台Basler相机..."
2025/03/27;20:36:42.303;DEBUG;56972;0000000000000000;BaslerControl::openCamera@29;"已经打开第2台Basler相机"
2025/03/27;20:36:42.328;DEBUG;56972;0000000000000000;BaslerControl::openCamera@42;"第2台Basler相机连接成功"
2025/03/27;20:36:42.328;DEBUG;56972;0000000000000000;BaslerControl::openCamera@22;"尝试连接第3台相机..."
2025/03/27;20:36:42.476;DEBUG;56972;0000000000000000;BaslerControl::openCamera@27;"尝试打开第3台Basler相机..."
2025/03/27;20:36:42.597;DEBUG;56972;0000000000000000;BaslerControl::openCamera@29;"已经打开第3台Basler相机"
2025/03/27;20:36:42.620;DEBUG;56972;0000000000000000;BaslerControl::openCamera@42;"第3台Basler相机连接成功"
2025/03/27;20:37:59.903;DEBUG;35932;0000000000000000;BaslerControl::openCamera@11;"正在连接Basler相机... ..."
2025/03/27;20:38:00.172;DEBUG;35932;0000000000000000;BaslerControl::openCamera@22;"尝试连接第1台相机..."
2025/03/27;20:38:00.330;DEBUG;35932;0000000000000000;BaslerControl::openCamera@27;"尝试打开第1台Basler相机..."
2025/03/27;20:38:00.412;DEBUG;35932;0000000000000000;BaslerControl::openCamera@29;"已经打开第1台Basler相机"
2025/03/27;20:38:00.428;DEBUG;35932;0000000000000000;BaslerControl::openCamera@42;"第1台Basler相机连接成功"
2025/03/27;20:38:00.428;DEBUG;35932;0000000000000000;BaslerControl::openCamera@22;"尝试连接第2台相机..."
2025/03/27;20:38:00.581;DEBUG;35932;0000000000000000;BaslerControl::openCamera@27;"尝试打开第2台Basler相机..."
2025/03/27;20:38:00.719;DEBUG;35932;0000000000000000;BaslerControl::openCamera@29;"已经打开第2台Basler相机"
2025/03/27;20:38:00.743;DEBUG;35932;0000000000000000;BaslerControl::openCamera@42;"第2台Basler相机连接成功"
2025/03/27;20:38:00.743;DEBUG;35932;0000000000000000;BaslerControl::openCamera@22;"尝试连接第3台相机..."
2025/03/27;20:38:00.905;DEBUG;35932;0000000000000000;BaslerControl::openCamera@27;"尝试打开第3台Basler相机..."
2025/03/27;20:38:01.027;DEBUG;35932;0000000000000000;BaslerControl::openCamera@29;"已经打开第3台Basler相机"
2025/03/27;20:38:01.051;DEBUG;35932;0000000000000000;BaslerControl::openCamera@42;"第3台Basler相机连接成功"
2025/03/27;20:39:35.838;DEBUG;41924;0000000000000000;BaslerControl::openCamera@11;"正在连接Basler相机... ..."
2025/03/27;20:39:36.107;DEBUG;41924;0000000000000000;BaslerControl::openCamera@22;"尝试连接第1台相机..."
2025/03/27;20:39:36.351;DEBUG;41924;0000000000000000;BaslerControl::openCamera@27;"尝试打开第1台Basler相机..."
2025/03/27;20:39:36.943;DEBUG;41924;0000000000000000;BaslerControl::openCamera@29;"已经打开第1台Basler相机"
2025/03/27;20:39:36.959;DEBUG;41924;0000000000000000;BaslerControl::openCamera@42;"第1台Basler相机连接成功"
2025/03/27;20:39:36.959;DEBUG;41924;0000000000000000;BaslerControl::openCamera@22;"尝试连接第2台相机..."
2025/03/27;20:39:37.118;DEBUG;41924;0000000000000000;BaslerControl::openCamera@27;"尝试打开第2台Basler相机..."
2025/03/27;20:39:37.751;DEBUG;41924;0000000000000000;BaslerControl::openCamera@29;"已经打开第2台Basler相机"
2025/03/27;20:39:37.774;DEBUG;41924;0000000000000000;BaslerControl::openCamera@42;"第2台Basler相机连接成功"
2025/03/27;20:39:37.774;DEBUG;41924;0000000000000000;BaslerControl::openCamera@22;"尝试连接第3台相机..."
2025/03/27;20:39:37.926;DEBUG;41924;0000000000000000;BaslerControl::openCamera@27;"尝试打开第3台Basler相机..."
2025/03/27;20:39:38.050;DEBUG;41924;0000000000000000;BaslerControl::openCamera@29;"已经打开第3台Basler相机"
2025/03/27;20:39:38.074;DEBUG;41924;0000000000000000;BaslerControl::openCamera@42;"第3台Basler相机连接成功"
2025/03/27;20:40:44.097;DEBUG;37780;0000000000000000;BaslerControl::openCamera@11;"正在连接Basler相机... ..."
2025/03/27;20:40:44.366;DEBUG;37780;0000000000000000;BaslerControl::openCamera@22;"尝试连接第1台相机..."
2025/03/27;20:40:44.652;DEBUG;37780;0000000000000000;BaslerControl::openCamera@27;"尝试打开第1台Basler相机..."
2025/03/27;20:40:44.774;DEBUG;37780;0000000000000000;BaslerControl::openCamera@29;"已经打开第1台Basler相机"
2025/03/27;20:40:44.790;DEBUG;37780;0000000000000000;BaslerControl::openCamera@42;"第1台Basler相机连接成功"
2025/03/27;20:40:44.790;DEBUG;37780;0000000000000000;BaslerControl::openCamera@22;"尝试连接第2台相机..."
2025/03/27;20:40:44.937;DEBUG;37780;0000000000000000;BaslerControl::openCamera@27;"尝试打开第2台Basler相机..."
2025/03/27;20:40:45.063;DEBUG;37780;0000000000000000;BaslerControl::openCamera@29;"已经打开第2台Basler相机"
2025/03/27;20:40:45.085;DEBUG;37780;0000000000000000;BaslerControl::openCamera@42;"第2台Basler相机连接成功"
2025/03/27;20:40:45.085;DEBUG;37780;0000000000000000;BaslerControl::openCamera@22;"尝试连接第3台相机..."
2025/03/27;20:40:45.236;DEBUG;37780;0000000000000000;BaslerControl::openCamera@27;"尝试打开第3台Basler相机..."
2025/03/27;20:40:45.360;DEBUG;37780;0000000000000000;BaslerControl::openCamera@29;"已经打开第3台Basler相机"
2025/03/27;20:40:45.382;DEBUG;37780;0000000000000000;BaslerControl::openCamera@42;"第3台Basler相机连接成功"
2025/03/27;20:40:49.568;ERROR;37780;0000000000000000;BaslerControl::openCamera@72;"图片保存成功"
2025/03/27;20:40:51.249;ERROR;37780;0000000000000000;BaslerControl::openCamera@72;"图片保存成功"
2025/03/27;20:40:51.650;ERROR;37780;0000000000000000;BaslerControl::openCamera@72;"图片保存成功"
2025/03/27;20:40:53.577;ERROR;37780;0000000000000000;BaslerControl::openCamera@96;"图片保存成功"
2025/03/27;20:40:53.738;ERROR;37780;0000000000000000;BaslerControl::openCamera@96;"图片保存成功"
2025/03/27;20:40:53.897;ERROR;37780;0000000000000000;BaslerControl::openCamera@96;"图片保存成功"
2025/03/27;20:40:54.057;ERROR;37780;0000000000000000;BaslerControl::openCamera@96;"图片保存成功"
2025/03/27;20:40:54.218;ERROR;37780;0000000000000000;BaslerControl::openCamera@96;"图片保存成功"
2025/03/27;20:40:54.378;ERROR;37780;0000000000000000;BaslerControl::openCamera@96;"图片保存成功"
2025/03/27;20:40:54.538;ERROR;37780;0000000000000000;BaslerControl::openCamera@96;"图片保存成功"
2025/03/27;20:40:54.698;ERROR;37780;0000000000000000;BaslerControl::openCamera@96;"图片保存成功"
2025/03/27;20:40:54.858;ERROR;37780;0000000000000000;BaslerControl::openCamera@96;"图片保存成功"
2025/03/27;20:40:55.019;ERROR;37780;0000000000000000;BaslerControl::openCamera@96;"图片保存成功"
2025/03/27;20:40:55.178;ERROR;37780;0000000000000000;BaslerControl::openCamera@96;"图片保存成功"
2025/03/27;20:40:55.338;ERROR;37780;0000000000000000;BaslerControl::openCamera@96;"图片保存成功"
2025/03/27;20:40:55.498;ERROR;37780;0000000000000000;BaslerControl::openCamera@96;"图片保存成功"
2025/03/27;20:40:55.659;ERROR;37780;0000000000000000;BaslerControl::openCamera@96;"图片保存成功"
2025/03/27;20:40:55.818;ERROR;37780;0000000000000000;BaslerControl::openCamera@96;"图片保存成功"
2025/03/27;20:40:55.980;ERROR;37780;0000000000000000;BaslerControl::openCamera@96;"图片保存成功"
2025/03/27;20:40:56.140;ERROR;37780;0000000000000000;BaslerControl::openCamera@96;"图片保存成功"
2025/03/27;20:40:56.301;ERROR;37780;0000000000000000;BaslerControl::openCamera@96;"图片保存成功"
2025/03/27;20:40:56.459;ERROR;37780;0000000000000000;BaslerControl::openCamera@96;"图片保存成功"
2025/03/27;20:40:56.620;ERROR;37780;0000000000000000;BaslerControl::openCamera@96;"图片保存成功"
2025/03/27;20:40:56.780;ERROR;37780;0000000000000000;BaslerControl::openCamera@96;"图片保存成功"
2025/03/27;20:40:56.941;ERROR;37780;0000000000000000;BaslerControl::openCamera@96;"图片保存成功"
2025/03/27;20:40:57.100;ERROR;37780;0000000000000000;BaslerControl::openCamera@96;"图片保存成功"
2025/03/27;20:40:57.259;ERROR;37780;0000000000000000;BaslerControl::openCamera@96;"图片保存成功"
2025/03/27;20:40:57.420;ERROR;37780;0000000000000000;BaslerControl::openCamera@96;"图片保存成功"
2025/03/27;20:40:57.580;ERROR;37780;0000000000000000;BaslerControl::openCamera@96;"图片保存成功"
2025/03/27;20:40:57.740;ERROR;37780;0000000000000000;BaslerControl::openCamera@96;"图片保存成功"
2025/03/27;20:40:57.900;ERROR;37780;0000000000000000;BaslerControl::openCamera@96;"图片保存成功"
2025/03/27;20:40:58.060;ERROR;37780;0000000000000000;BaslerControl::openCamera@96;"图片保存成功"
2025/03/27;20:40:58.223;ERROR;37780;0000000000000000;BaslerControl::openCamera@96;"图片保存成功"
2025/03/27;20:40:58.383;ERROR;37780;0000000000000000;BaslerControl::openCamera@96;"图片保存成功"
2025/03/27;20:40:58.543;ERROR;37780;0000000000000000;BaslerControl::openCamera@96;"图片保存成功"
2025/03/27;20:40:58.704;ERROR;37780;0000000000000000;BaslerControl::openCamera@96;"图片保存成功"
2025/03/27;20:40:58.862;ERROR;37780;0000000000000000;BaslerControl::openCamera@96;"图片保存成功"
2025/03/27;20:40:59.023;ERROR;37780;0000000000000000;BaslerControl::openCamera@96;"图片保存成功"
2025/03/27;20:40:59.183;ERROR;37780;0000000000000000;BaslerControl::openCamera@96;"图片保存成功"
2025/03/27;20:41:59.407;DEBUG;2580;0000000000000000;BaslerControl::openCamera@11;"正在连接Basler相机... ..."
2025/03/27;20:41:59.675;DEBUG;2580;0000000000000000;BaslerControl::openCamera@22;"尝试连接第1台相机..."
2025/03/27;20:41:59.890;DEBUG;2580;0000000000000000;BaslerControl::openCamera@27;"尝试打开第1台Basler相机..."
2025/03/27;20:42:00.471;DEBUG;2580;0000000000000000;BaslerControl::openCamera@29;"已经打开第1台Basler相机"
2025/03/27;20:42:00.488;DEBUG;2580;0000000000000000;BaslerControl::openCamera@42;"第1台Basler相机连接成功"
2025/03/27;20:42:00.488;DEBUG;2580;0000000000000000;BaslerControl::openCamera@22;"尝试连接第2台相机..."
2025/03/27;20:42:00.650;DEBUG;2580;0000000000000000;BaslerControl::openCamera@27;"尝试打开第2台Basler相机..."
2025/03/27;20:42:00.772;DEBUG;2580;0000000000000000;BaslerControl::openCamera@29;"已经打开第2台Basler相机"
2025/03/27;20:42:00.795;DEBUG;2580;0000000000000000;BaslerControl::openCamera@42;"第2台Basler相机连接成功"
2025/03/27;20:42:00.796;DEBUG;2580;0000000000000000;BaslerControl::openCamera@22;"尝试连接第3台相机..."
2025/03/27;20:42:00.953;DEBUG;2580;0000000000000000;BaslerControl::openCamera@27;"尝试打开第3台Basler相机..."
2025/03/27;20:42:01.079;DEBUG;2580;0000000000000000;BaslerControl::openCamera@29;"已经打开第3台Basler相机"
2025/03/27;20:42:01.102;DEBUG;2580;0000000000000000;BaslerControl::openCamera@42;"第3台Basler相机连接成功"
2025/03/27;20:42:20.961;ERROR;2580;0000000000000000;BaslerControl::openCamera@72;"图片保存成功"
2025/03/27;20:42:36.318;DEBUG;18624;0000000000000000;BaslerControl::openCamera@11;"正在连接Basler相机... ..."
2025/03/27;20:42:36.587;DEBUG;18624;0000000000000000;BaslerControl::openCamera@22;"尝试连接第1台相机..."
2025/03/27;20:42:36.881;DEBUG;18624;0000000000000000;BaslerControl::openCamera@27;"尝试打开第1台Basler相机..."
2025/03/27;20:42:37.033;DEBUG;18624;0000000000000000;BaslerControl::openCamera@29;"已经打开第1台Basler相机"
2025/03/27;20:42:37.065;DEBUG;18624;0000000000000000;BaslerControl::openCamera@42;"第1台Basler相机连接成功"
2025/03/27;20:42:37.065;DEBUG;18624;0000000000000000;BaslerControl::openCamera@22;"尝试连接第2台相机..."
2025/03/27;20:42:37.214;DEBUG;18624;0000000000000000;BaslerControl::openCamera@27;"尝试打开第2台Basler相机..."
2025/03/27;20:42:37.337;DEBUG;18624;0000000000000000;BaslerControl::openCamera@29;"已经打开第2台Basler相机"
2025/03/27;20:42:37.360;DEBUG;18624;0000000000000000;BaslerControl::openCamera@42;"第2台Basler相机连接成功"
2025/03/27;20:42:37.360;DEBUG;18624;0000000000000000;BaslerControl::openCamera@22;"尝试连接第3台相机..."
2025/03/27;20:42:37.508;DEBUG;18624;0000000000000000;BaslerControl::openCamera@27;"尝试打开第3台Basler相机..."
2025/03/27;20:42:37.625;DEBUG;18624;0000000000000000;BaslerControl::openCamera@29;"已经打开第3台Basler相机"
2025/03/27;20:42:37.648;DEBUG;18624;0000000000000000;BaslerControl::openCamera@42;"第3台Basler相机连接成功"
2025/03/27;20:42:51.371;ERROR;18624;0000000000000000;BaslerControl::openCamera@72;"图片保存成功"
2025/03/27;20:43:19.234;ERROR;18624;0000000000000000;BaslerControl::openCamera@72;"图片保存成功"
2025/03/27;20:43:19.875;ERROR;18624;0000000000000000;BaslerControl::openCamera@72;"图片保存成功"
2025/03/27;20:43:20.275;ERROR;18624;0000000000000000;BaslerControl::openCamera@72;"图片保存成功"
2025/03/27;20:43:20.597;ERROR;18624;0000000000000000;BaslerControl::openCamera@72;"图片保存成功"
2025/03/27;20:43:20.756;ERROR;18624;0000000000000000;BaslerControl::openCamera@72;"图片保存成功"
2025/03/27;20:43:20.996;ERROR;18624;0000000000000000;BaslerControl::openCamera@72;"图片保存成功"
2025/03/27;20:43:31.432;ERROR;18624;0000000000000000;BaslerControl::openCamera@72;"图片保存成功"
2025/03/27;20:43:31.594;ERROR;18624;0000000000000000;BaslerControl::openCamera@72;"图片保存成功"
2025/03/27;20:43:31.752;ERROR;18624;0000000000000000;BaslerControl::openCamera@72;"图片保存成功"
2025/03/27;20:43:31.992;ERROR;18624;0000000000000000;BaslerControl::openCamera@72;"图片保存成功"
2025/03/27;20:43:32.152;ERROR;18624;0000000000000000;BaslerControl::openCamera@72;"图片保存成功"
2025/03/27;20:43:32.314;ERROR;18624;0000000000000000;BaslerControl::openCamera@72;"图片保存成功"
2025/03/27;20:43:38.612;ERROR;18624;0000000000000000;BaslerControl::openCamera@72;"图片保存成功"
2025/03/27;20:43:38.772;ERROR;18624;0000000000000000;BaslerControl::openCamera@72;"图片保存成功"
2025/03/27;20:43:38.932;ERROR;18624;0000000000000000;BaslerControl::openCamera@72;"图片保存成功"
2025/03/27;20:43:39.094;ERROR;18624;0000000000000000;BaslerControl::openCamera@72;"图片保存成功"
2025/03/27;20:43:39.253;ERROR;18624;0000000000000000;BaslerControl::openCamera@72;"图片保存成功"
2025/03/27;20:43:39.413;ERROR;18624;0000000000000000;BaslerControl::openCamera@72;"图片保存成功"
2025/03/27;20:43:44.298;ERROR;18624;0000000000000000;BaslerControl::openCamera@96;"图片保存成功"
2025/03/27;20:45:22.631;ERROR;18624;0000000000000000;BaslerControl::openCamera@96;"图片保存成功"
2025/03/27;20:46:12.024;DEBUG;30196;0000000000000000;BaslerControl::openCamera@11;"正在连接Basler相机... ..."
2025/03/27;20:46:12.292;DEBUG;30196;0000000000000000;BaslerControl::openCamera@22;"尝试连接第1台相机..."
2025/03/27;20:46:12.591;DEBUG;30196;0000000000000000;BaslerControl::openCamera@27;"尝试打开第1台Basler相机..."
2025/03/27;20:46:12.700;DEBUG;30196;0000000000000000;BaslerControl::openCamera@29;"已经打开第1台Basler相机"
2025/03/27;20:46:12.717;DEBUG;30196;0000000000000000;BaslerControl::openCamera@42;"第1台Basler相机连接成功"
2025/03/27;20:46:12.717;DEBUG;30196;0000000000000000;BaslerControl::openCamera@22;"尝试连接第2台相机..."
2025/03/27;20:46:12.873;DEBUG;30196;0000000000000000;BaslerControl::openCamera@27;"尝试打开第2台Basler相机..."
2025/03/27;20:46:12.998;DEBUG;30196;0000000000000000;BaslerControl::openCamera@29;"已经打开第2台Basler相机"
2025/03/27;20:46:13.022;DEBUG;30196;0000000000000000;BaslerControl::openCamera@42;"第2台Basler相机连接成功"
2025/03/27;20:46:13.023;DEBUG;30196;0000000000000000;BaslerControl::openCamera@22;"尝试连接第3台相机..."
2025/03/27;20:46:13.167;DEBUG;30196;0000000000000000;BaslerControl::openCamera@27;"尝试打开第3台Basler相机..."
2025/03/27;20:46:13.291;DEBUG;30196;0000000000000000;BaslerControl::openCamera@29;"已经打开第3台Basler相机"
2025/03/27;20:46:13.315;DEBUG;30196;0000000000000000;BaslerControl::openCamera@42;"第3台Basler相机连接成功"
2025/03/27;20:46:16.303;ERROR;30196;0000000000000000;BaslerControl::openCamera@97;"图片保存成功"
2025/03/27;20:48:48.663;DEBUG;19672;0000000000000000;BaslerControl::openCamera@11;"正在连接Basler相机... ..."
2025/03/27;20:48:48.931;DEBUG;19672;0000000000000000;BaslerControl::openCamera@22;"尝试连接第1台相机..."
2025/03/27;20:48:49.095;DEBUG;19672;0000000000000000;BaslerControl::openCamera@27;"尝试打开第1台Basler相机..."
2025/03/27;20:48:49.177;DEBUG;19672;0000000000000000;BaslerControl::openCamera@29;"已经打开第1台Basler相机"
2025/03/27;20:48:49.193;DEBUG;19672;0000000000000000;BaslerControl::openCamera@42;"第1台Basler相机连接成功"
2025/03/27;20:48:49.193;DEBUG;19672;0000000000000000;BaslerControl::openCamera@22;"尝试连接第2台相机..."
2025/03/27;20:48:49.353;DEBUG;19672;0000000000000000;BaslerControl::openCamera@27;"尝试打开第2台Basler相机..."
2025/03/27;20:48:49.473;DEBUG;19672;0000000000000000;BaslerControl::openCamera@29;"已经打开第2台Basler相机"
2025/03/27;20:48:49.496;DEBUG;19672;0000000000000000;BaslerControl::openCamera@42;"第2台Basler相机连接成功"
2025/03/27;20:48:49.496;DEBUG;19672;0000000000000000;BaslerControl::openCamera@22;"尝试连接第3台相机..."
2025/03/27;20:48:49.641;DEBUG;19672;0000000000000000;BaslerControl::openCamera@27;"尝试打开第3台Basler相机..."
2025/03/27;20:48:49.773;DEBUG;19672;0000000000000000;BaslerControl::openCamera@29;"已经打开第3台Basler相机"
2025/03/27;20:48:49.796;DEBUG;19672;0000000000000000;BaslerControl::openCamera@42;"第3台Basler相机连接成功"
2025/03/27;20:48:57.980;ERROR;19672;0000000000000000;BaslerControl::openCamera@96;"图片保存成功"
2025/03/27;20:51:24.261;DEBUG;45192;0000000000000000;BaslerControl::openCamera@11;"正在连接Basler相机... ..."
2025/03/27;20:51:24.531;DEBUG;45192;0000000000000000;BaslerControl::openCamera@22;"尝试连接第1台相机..."
2025/03/27;20:51:24.837;DEBUG;45192;0000000000000000;BaslerControl::openCamera@27;"尝试打开第1台Basler相机..."
2025/03/27;20:51:24.934;DEBUG;45192;0000000000000000;BaslerControl::openCamera@29;"已经打开第1台Basler相机"
2025/03/27;20:51:24.951;DEBUG;45192;0000000000000000;BaslerControl::openCamera@42;"第1台Basler相机连接成功"
2025/03/27;20:51:24.951;DEBUG;45192;0000000000000000;BaslerControl::openCamera@22;"尝试连接第2台相机..."
2025/03/27;20:51:25.106;DEBUG;45192;0000000000000000;BaslerControl::openCamera@27;"尝试打开第2台Basler相机..."
2025/03/27;20:51:25.231;DEBUG;45192;0000000000000000;BaslerControl::openCamera@29;"已经打开第2台Basler相机"
2025/03/27;20:51:25.252;DEBUG;45192;0000000000000000;BaslerControl::openCamera@42;"第2台Basler相机连接成功"
2025/03/27;20:51:25.252;DEBUG;45192;0000000000000000;BaslerControl::openCamera@22;"尝试连接第3台相机..."
2025/03/27;20:51:25.403;DEBUG;45192;0000000000000000;BaslerControl::openCamera@27;"尝试打开第3台Basler相机..."
2025/03/27;20:51:26.027;DEBUG;45192;0000000000000000;BaslerControl::openCamera@29;"已经打开第3台Basler相机"
2025/03/27;20:51:26.050;DEBUG;45192;0000000000000000;BaslerControl::openCamera@42;"第3台Basler相机连接成功"
2025/03/27;20:51:26.051;ERROR;45192;0000000000000000;BaslerControl::openCamera@104;"采图失败，退出采图程序。"
2025/03/27;20:54:43.208;DEBUG;53292;0000000000000000;BaslerControl::openCamera@11;"正在连接Basler相机... ..."
2025/03/27;20:54:43.476;DEBUG;53292;0000000000000000;BaslerControl::openCamera@22;"尝试连接第1台相机..."
2025/03/27;20:54:43.699;DEBUG;53292;0000000000000000;BaslerControl::openCamera@27;"尝试打开第1台Basler相机..."
2025/03/27;20:54:44.294;DEBUG;53292;0000000000000000;BaslerControl::openCamera@29;"已经打开第1台Basler相机"
2025/03/27;20:54:44.310;DEBUG;53292;0000000000000000;BaslerControl::openCamera@42;"第1台Basler相机连接成功"
2025/03/27;20:54:44.310;DEBUG;53292;0000000000000000;BaslerControl::openCamera@22;"尝试连接第2台相机..."
2025/03/27;20:54:44.470;DEBUG;53292;0000000000000000;BaslerControl::openCamera@27;"尝试打开第2台Basler相机..."
2025/03/27;20:54:44.594;DEBUG;53292;0000000000000000;BaslerControl::openCamera@29;"已经打开第2台Basler相机"
2025/03/27;20:54:44.617;DEBUG;53292;0000000000000000;BaslerControl::openCamera@42;"第2台Basler相机连接成功"
2025/03/27;20:54:44.618;DEBUG;53292;0000000000000000;BaslerControl::openCamera@22;"尝试连接第3台相机..."
2025/03/27;20:54:44.762;DEBUG;53292;0000000000000000;BaslerControl::openCamera@27;"尝试打开第3台Basler相机..."
2025/03/27;20:54:44.886;DEBUG;53292;0000000000000000;BaslerControl::openCamera@29;"已经打开第3台Basler相机"
2025/03/27;20:54:44.910;DEBUG;53292;0000000000000000;BaslerControl::openCamera@42;"第3台Basler相机连接成功"
2025/03/27;20:54:44.911;ERROR;53292;0000000000000000;BaslerControl::openCamera@104;"采图失败，退出采图程序。"
2025/03/27;20:54:47.853;DEBUG;53292;0000000000000000;BaslerControl::openCamera@11;"正在连接Basler相机... ..."
2025/03/27;20:54:48.104;DEBUG;53292;0000000000000000;BaslerControl::openCamera@22;"尝试连接第1台相机..."
2025/03/27;20:54:48.352;DEBUG;53292;0000000000000000;BaslerControl::openCamera@27;"尝试打开第1台Basler相机..."
2025/03/27;20:54:48.434;DEBUG;53292;0000000000000000;BaslerControl::openCamera@29;"已经打开第1台Basler相机"
2025/03/27;20:54:48.449;DEBUG;53292;0000000000000000;BaslerControl::openCamera@42;"第1台Basler相机连接成功"
2025/03/27;20:54:48.449;DEBUG;53292;0000000000000000;BaslerControl::openCamera@22;"尝试连接第2台相机..."
2025/03/27;20:54:48.710;DEBUG;53292;0000000000000000;BaslerControl::openCamera@27;"尝试打开第2台Basler相机..."
2025/03/27;20:54:48.825;DEBUG;53292;0000000000000000;BaslerControl::openCamera@29;"已经打开第2台Basler相机"
2025/03/27;20:54:48.848;DEBUG;53292;0000000000000000;BaslerControl::openCamera@42;"第2台Basler相机连接成功"
2025/03/27;20:54:48.848;DEBUG;53292;0000000000000000;BaslerControl::openCamera@22;"尝试连接第3台相机..."
2025/03/27;20:54:49.160;DEBUG;53292;0000000000000000;BaslerControl::openCamera@27;"尝试打开第3台Basler相机..."
2025/03/27;20:54:49.807;DEBUG;53292;0000000000000000;BaslerControl::openCamera@29;"已经打开第3台Basler相机"
2025/03/27;20:54:49.830;DEBUG;53292;0000000000000000;BaslerControl::openCamera@42;"第3台Basler相机连接成功"
2025/03/27;20:54:49.831;ERROR;53292;0000000000000000;BaslerControl::openCamera@104;"采图失败，退出采图程序。"
2025/03/27;20:57:07.374;DEBUG;40512;0000000000000000;BaslerControl::openCamera@11;"正在连接Basler相机... ..."
2025/03/27;20:57:07.643;DEBUG;40512;0000000000000000;BaslerControl::openCamera@22;"尝试连接第1台相机..."
2025/03/27;20:57:07.934;DEBUG;40512;0000000000000000;BaslerControl::openCamera@27;"尝试打开第1台Basler相机..."
2025/03/27;20:57:08.085;DEBUG;40512;0000000000000000;BaslerControl::openCamera@29;"已经打开第1台Basler相机"
2025/03/27;20:57:08.118;DEBUG;40512;0000000000000000;BaslerControl::openCamera@42;"第1台Basler相机连接成功"
2025/03/27;20:57:08.119;DEBUG;40512;0000000000000000;BaslerControl::openCamera@22;"尝试连接第2台相机..."
2025/03/27;20:57:08.270;DEBUG;40512;0000000000000000;BaslerControl::openCamera@27;"尝试打开第2台Basler相机..."
2025/03/27;20:57:08.392;DEBUG;40512;0000000000000000;BaslerControl::openCamera@29;"已经打开第2台Basler相机"
2025/03/27;20:57:08.413;DEBUG;40512;0000000000000000;BaslerControl::openCamera@42;"第2台Basler相机连接成功"
2025/03/27;20:57:08.413;DEBUG;40512;0000000000000000;BaslerControl::openCamera@22;"尝试连接第3台相机..."
2025/03/27;20:57:08.565;DEBUG;40512;0000000000000000;BaslerControl::openCamera@27;"尝试打开第3台Basler相机..."
2025/03/27;20:57:08.690;DEBUG;40512;0000000000000000;BaslerControl::openCamera@29;"已经打开第3台Basler相机"
2025/03/27;20:57:08.714;DEBUG;40512;0000000000000000;BaslerControl::openCamera@42;"第3台Basler相机连接成功"
2025/03/27;20:58:39.465;DEBUG;40172;0000000000000000;BaslerControl::openCamera@11;"正在连接Basler相机... ..."
2025/03/27;20:58:39.762;DEBUG;40172;0000000000000000;BaslerControl::openCamera@22;"尝试连接第1台相机..."
2025/03/27;20:58:40.024;DEBUG;40172;0000000000000000;BaslerControl::openCamera@27;"尝试打开第1台Basler相机..."
2025/03/27;20:58:40.120;DEBUG;40172;0000000000000000;BaslerControl::openCamera@29;"已经打开第1台Basler相机"
2025/03/27;20:58:40.138;DEBUG;40172;0000000000000000;BaslerControl::openCamera@42;"第1台Basler相机连接成功"
2025/03/27;20:58:40.138;DEBUG;40172;0000000000000000;BaslerControl::openCamera@22;"尝试连接第2台相机..."
2025/03/27;20:58:40.292;DEBUG;40172;0000000000000000;BaslerControl::openCamera@27;"尝试打开第2台Basler相机..."
2025/03/27;20:58:40.416;DEBUG;40172;0000000000000000;BaslerControl::openCamera@29;"已经打开第2台Basler相机"
2025/03/27;20:58:40.439;DEBUG;40172;0000000000000000;BaslerControl::openCamera@42;"第2台Basler相机连接成功"
2025/03/27;20:58:40.439;DEBUG;40172;0000000000000000;BaslerControl::openCamera@22;"尝试连接第3台相机..."
2025/03/27;20:58:40.600;DEBUG;40172;0000000000000000;BaslerControl::openCamera@27;"尝试打开第3台Basler相机..."
2025/03/27;20:58:40.723;DEBUG;40172;0000000000000000;BaslerControl::openCamera@29;"已经打开第3台Basler相机"
2025/03/27;20:58:40.746;DEBUG;40172;0000000000000000;BaslerControl::openCamera@42;"第3台Basler相机连接成功"
2025/03/27;20:58:55.773;DEBUG;26952;0000000000000000;BaslerControl::openCamera@11;"正在连接Basler相机... ..."
2025/03/27;20:58:56.041;DEBUG;26952;0000000000000000;BaslerControl::openCamera@22;"尝试连接第1台相机..."
2025/03/27;20:58:56.331;DEBUG;26952;0000000000000000;BaslerControl::openCamera@27;"尝试打开第1台Basler相机..."
2025/03/27;20:58:56.429;DEBUG;26952;0000000000000000;BaslerControl::openCamera@29;"已经打开第1台Basler相机"
2025/03/27;20:58:56.447;DEBUG;26952;0000000000000000;BaslerControl::openCamera@42;"第1台Basler相机连接成功"
2025/03/27;20:58:56.447;DEBUG;26952;0000000000000000;BaslerControl::openCamera@22;"尝试连接第2台相机..."
2025/03/27;20:58:56.601;DEBUG;26952;0000000000000000;BaslerControl::openCamera@27;"尝试打开第2台Basler相机..."
2025/03/27;20:58:56.725;DEBUG;26952;0000000000000000;BaslerControl::openCamera@29;"已经打开第2台Basler相机"
2025/03/27;20:58:56.748;DEBUG;26952;0000000000000000;BaslerControl::openCamera@42;"第2台Basler相机连接成功"
2025/03/27;20:58:56.748;DEBUG;26952;0000000000000000;BaslerControl::openCamera@22;"尝试连接第3台相机..."
2025/03/27;20:58:56.895;DEBUG;26952;0000000000000000;BaslerControl::openCamera@27;"尝试打开第3台Basler相机..."
2025/03/27;20:58:57.018;DEBUG;26952;0000000000000000;BaslerControl::openCamera@29;"已经打开第3台Basler相机"
2025/03/27;20:58:57.042;DEBUG;26952;0000000000000000;BaslerControl::openCamera@42;"第3台Basler相机连接成功"
2025/03/27;21:01:17.169;DEBUG;25488;0000000000000000;BaslerControl::openCamera@10;"正在连接Basler相机... ..."
2025/03/27;21:01:17.438;DEBUG;25488;0000000000000000;BaslerControl::openCamera@21;"尝试连接第1台相机..."
2025/03/27;21:01:17.729;DEBUG;25488;0000000000000000;BaslerControl::openCamera@26;"尝试打开第1台Basler相机..."
2025/03/27;21:01:18.367;DEBUG;25488;0000000000000000;BaslerControl::openCamera@28;"已经打开第1台Basler相机"
2025/03/27;21:01:18.383;DEBUG;25488;0000000000000000;BaslerControl::openCamera@41;"第1台Basler相机连接成功"
2025/03/27;21:01:18.384;DEBUG;25488;0000000000000000;BaslerControl::openCamera@21;"尝试连接第2台相机..."
2025/03/27;21:01:18.542;DEBUG;25488;0000000000000000;BaslerControl::openCamera@26;"尝试打开第2台Basler相机..."
2025/03/27;21:01:18.657;DEBUG;25488;0000000000000000;BaslerControl::openCamera@28;"已经打开第2台Basler相机"
2025/03/27;21:01:18.680;DEBUG;25488;0000000000000000;BaslerControl::openCamera@41;"第2台Basler相机连接成功"
2025/03/27;21:01:18.680;DEBUG;25488;0000000000000000;BaslerControl::openCamera@21;"尝试连接第3台相机..."
2025/03/27;21:01:18.830;DEBUG;25488;0000000000000000;BaslerControl::openCamera@26;"尝试打开第3台Basler相机..."
2025/03/27;21:01:18.952;DEBUG;25488;0000000000000000;BaslerControl::openCamera@28;"已经打开第3台Basler相机"
2025/03/27;21:01:18.974;DEBUG;25488;0000000000000000;BaslerControl::openCamera@41;"第3台Basler相机连接成功"
2025/03/27;21:04:17.860;DEBUG;44548;0000000000000000;BaslerControl::openCamera@10;"正在连接Basler相机... ..."
2025/03/27;21:04:18.130;DEBUG;44548;0000000000000000;BaslerControl::openCamera@21;"尝试连接第1台相机..."
2025/03/27;21:04:18.427;DEBUG;44548;0000000000000000;BaslerControl::openCamera@26;"尝试打开第1台Basler相机..."
2025/03/27;21:04:18.554;DEBUG;44548;0000000000000000;BaslerControl::openCamera@28;"已经打开第1台Basler相机"
2025/03/27;21:04:18.570;DEBUG;44548;0000000000000000;BaslerControl::openCamera@41;"第1台Basler相机连接成功"
2025/03/27;21:04:18.570;DEBUG;44548;0000000000000000;BaslerControl::openCamera@21;"尝试连接第2台相机..."
2025/03/27;21:04:18.720;DEBUG;44548;0000000000000000;BaslerControl::openCamera@26;"尝试打开第2台Basler相机..."
2025/03/27;21:04:18.851;DEBUG;44548;0000000000000000;BaslerControl::openCamera@28;"已经打开第2台Basler相机"
2025/03/27;21:04:18.874;DEBUG;44548;0000000000000000;BaslerControl::openCamera@41;"第2台Basler相机连接成功"
2025/03/27;21:04:18.874;DEBUG;44548;0000000000000000;BaslerControl::openCamera@21;"尝试连接第3台相机..."
2025/03/27;21:04:19.020;DEBUG;44548;0000000000000000;BaslerControl::openCamera@26;"尝试打开第3台Basler相机..."
2025/03/27;21:04:19.158;DEBUG;44548;0000000000000000;BaslerControl::openCamera@28;"已经打开第3台Basler相机"
2025/03/27;21:04:19.180;DEBUG;44548;0000000000000000;BaslerControl::openCamera@41;"第3台Basler相机连接成功"
2025/03/27;21:05:37.998;DEBUG;34004;0000000000000000;BaslerControl::openCamera@10;"正在连接Basler相机... ..."
2025/03/27;21:05:38.281;DEBUG;34004;0000000000000000;BaslerControl::openCamera@21;"尝试连接第1台相机..."
2025/03/27;21:05:38.581;DEBUG;34004;0000000000000000;BaslerControl::openCamera@26;"尝试打开第1台Basler相机..."
2025/03/27;21:05:38.727;DEBUG;34004;0000000000000000;BaslerControl::openCamera@28;"已经打开第1台Basler相机"
2025/03/27;21:05:38.744;DEBUG;34004;0000000000000000;BaslerControl::openCamera@41;"第1台Basler相机连接成功"
2025/03/27;21:05:38.744;DEBUG;34004;0000000000000000;BaslerControl::openCamera@21;"尝试连接第2台相机..."
2025/03/27;21:05:38.902;DEBUG;34004;0000000000000000;BaslerControl::openCamera@26;"尝试打开第2台Basler相机..."
2025/03/27;21:05:39.026;DEBUG;34004;0000000000000000;BaslerControl::openCamera@28;"已经打开第2台Basler相机"
2025/03/27;21:05:39.049;DEBUG;34004;0000000000000000;BaslerControl::openCamera@41;"第2台Basler相机连接成功"
2025/03/27;21:05:39.049;DEBUG;34004;0000000000000000;BaslerControl::openCamera@21;"尝试连接第3台相机..."
2025/03/27;21:05:39.197;DEBUG;34004;0000000000000000;BaslerControl::openCamera@26;"尝试打开第3台Basler相机..."
2025/03/27;21:05:39.322;DEBUG;34004;0000000000000000;BaslerControl::openCamera@28;"已经打开第3台Basler相机"
2025/03/27;21:05:39.344;DEBUG;34004;0000000000000000;BaslerControl::openCamera@41;"第3台Basler相机连接成功"
2025/03/27;21:06:27.337;DEBUG;36200;0000000000000000;BaslerControl::openCamera@10;"正在连接Basler相机... ..."
2025/03/27;21:06:27.606;DEBUG;36200;0000000000000000;BaslerControl::openCamera@21;"尝试连接第1台相机..."
2025/03/27;21:06:27.844;DEBUG;36200;0000000000000000;BaslerControl::openCamera@26;"尝试打开第1台Basler相机..."
2025/03/27;21:06:28.438;DEBUG;36200;0000000000000000;BaslerControl::openCamera@28;"已经打开第1台Basler相机"
2025/03/27;21:06:28.453;DEBUG;36200;0000000000000000;BaslerControl::openCamera@41;"第1台Basler相机连接成功"
2025/03/27;21:06:28.454;DEBUG;36200;0000000000000000;BaslerControl::openCamera@21;"尝试连接第2台相机..."
2025/03/27;21:06:28.603;DEBUG;36200;0000000000000000;BaslerControl::openCamera@26;"尝试打开第2台Basler相机..."
2025/03/27;21:06:28.728;DEBUG;36200;0000000000000000;BaslerControl::openCamera@28;"已经打开第2台Basler相机"
2025/03/27;21:06:28.751;DEBUG;36200;0000000000000000;BaslerControl::openCamera@41;"第2台Basler相机连接成功"
2025/03/27;21:06:28.751;DEBUG;36200;0000000000000000;BaslerControl::openCamera@21;"尝试连接第3台相机..."
2025/03/27;21:06:28.898;DEBUG;36200;0000000000000000;BaslerControl::openCamera@26;"尝试打开第3台Basler相机..."
2025/03/27;21:06:29.016;DEBUG;36200;0000000000000000;BaslerControl::openCamera@28;"已经打开第3台Basler相机"
2025/03/27;21:06:29.039;DEBUG;36200;0000000000000000;BaslerControl::openCamera@41;"第3台Basler相机连接成功"
2025/03/27;21:09:57.173;DEBUG;45808;0000000000000000;BaslerControl::openCamera@10;"正在连接Basler相机... ..."
2025/03/27;21:09:57.444;DEBUG;45808;0000000000000000;BaslerControl::openCamera@21;"尝试连接第1台相机..."
2025/03/27;21:09:57.670;DEBUG;45808;0000000000000000;BaslerControl::openCamera@26;"尝试打开第1台Basler相机..."
2025/03/27;21:09:57.752;DEBUG;45808;0000000000000000;BaslerControl::openCamera@28;"已经打开第1台Basler相机"
2025/03/27;21:09:57.768;DEBUG;45808;0000000000000000;BaslerControl::openCamera@41;"第1台Basler相机连接成功"
2025/03/27;21:09:57.768;DEBUG;45808;0000000000000000;BaslerControl::openCamera@21;"尝试连接第2台相机..."
2025/03/27;21:09:57.916;DEBUG;45808;0000000000000000;BaslerControl::openCamera@26;"尝试打开第2台Basler相机..."
2025/03/27;21:09:58.035;DEBUG;45808;0000000000000000;BaslerControl::openCamera@28;"已经打开第2台Basler相机"
2025/03/27;21:09:58.057;DEBUG;45808;0000000000000000;BaslerControl::openCamera@41;"第2台Basler相机连接成功"
2025/03/27;21:09:58.058;DEBUG;45808;0000000000000000;BaslerControl::openCamera@21;"尝试连接第3台相机..."
2025/03/27;21:09:58.205;DEBUG;45808;0000000000000000;BaslerControl::openCamera@26;"尝试打开第3台Basler相机..."
2025/03/27;21:09:58.326;DEBUG;45808;0000000000000000;BaslerControl::openCamera@28;"已经打开第3台Basler相机"
2025/03/27;21:09:58.350;DEBUG;45808;0000000000000000;BaslerControl::openCamera@41;"第3台Basler相机连接成功"
2025/03/27;21:10:45.559;DEBUG;10264;0000000000000000;BaslerControl::openCamera@10;"正在连接Basler相机... ..."
2025/03/27;21:10:45.828;DEBUG;10264;0000000000000000;BaslerControl::openCamera@21;"尝试连接第1台相机..."
2025/03/27;21:10:46.113;DEBUG;10264;0000000000000000;BaslerControl::openCamera@26;"尝试打开第1台Basler相机..."
2025/03/27;21:10:46.215;DEBUG;10264;0000000000000000;BaslerControl::openCamera@28;"已经打开第1台Basler相机"
2025/03/27;21:10:46.231;DEBUG;10264;0000000000000000;BaslerControl::openCamera@41;"第1台Basler相机连接成功"
2025/03/27;21:10:46.231;DEBUG;10264;0000000000000000;BaslerControl::openCamera@21;"尝试连接第2台相机..."
2025/03/27;21:10:46.374;DEBUG;10264;0000000000000000;BaslerControl::openCamera@26;"尝试打开第2台Basler相机..."
2025/03/27;21:10:46.493;DEBUG;10264;0000000000000000;BaslerControl::openCamera@28;"已经打开第2台Basler相机"
2025/03/27;21:10:46.517;DEBUG;10264;0000000000000000;BaslerControl::openCamera@41;"第2台Basler相机连接成功"
2025/03/27;21:10:46.517;DEBUG;10264;0000000000000000;BaslerControl::openCamera@21;"尝试连接第3台相机..."
2025/03/27;21:10:46.663;DEBUG;10264;0000000000000000;BaslerControl::openCamera@26;"尝试打开第3台Basler相机..."
2025/03/27;21:10:46.781;DEBUG;10264;0000000000000000;BaslerControl::openCamera@28;"已经打开第3台Basler相机"
2025/03/27;21:10:46.804;DEBUG;10264;0000000000000000;BaslerControl::openCamera@41;"第3台Basler相机连接成功"
2025/03/27;21:11:48.281;DEBUG;51808;0000000000000000;BaslerControl::openCamera@10;"正在连接Basler相机... ..."
2025/03/27;21:11:48.573;DEBUG;51808;0000000000000000;BaslerControl::openCamera@21;"尝试连接第1台相机..."
2025/03/27;21:11:48.880;DEBUG;51808;0000000000000000;BaslerControl::openCamera@26;"尝试打开第1台Basler相机..."
2025/03/27;21:11:49.008;DEBUG;51808;0000000000000000;BaslerControl::openCamera@28;"已经打开第1台Basler相机"
2025/03/27;21:11:49.025;DEBUG;51808;0000000000000000;BaslerControl::openCamera@41;"第1台Basler相机连接成功"
2025/03/27;21:11:49.025;DEBUG;51808;0000000000000000;BaslerControl::openCamera@21;"尝试连接第2台相机..."
2025/03/27;21:11:49.182;DEBUG;51808;0000000000000000;BaslerControl::openCamera@26;"尝试打开第2台Basler相机..."
2025/03/27;21:11:49.307;DEBUG;51808;0000000000000000;BaslerControl::openCamera@28;"已经打开第2台Basler相机"
2025/03/27;21:11:49.331;DEBUG;51808;0000000000000000;BaslerControl::openCamera@41;"第2台Basler相机连接成功"
2025/03/27;21:11:49.331;DEBUG;51808;0000000000000000;BaslerControl::openCamera@21;"尝试连接第3台相机..."
2025/03/27;21:11:49.476;DEBUG;51808;0000000000000000;BaslerControl::openCamera@26;"尝试打开第3台Basler相机..."
2025/03/27;21:11:49.601;DEBUG;51808;0000000000000000;BaslerControl::openCamera@28;"已经打开第3台Basler相机"
2025/03/27;21:11:49.623;DEBUG;51808;0000000000000000;BaslerControl::openCamera@41;"第3台Basler相机连接成功"
2025/03/27;21:12:49.090;DEBUG;30236;0000000000000000;BaslerControl::openCamera@10;"正在连接Basler相机... ..."
2025/03/27;21:12:49.360;DEBUG;30236;0000000000000000;BaslerControl::openCamera@21;"尝试连接第1台相机..."
2025/03/27;21:12:49.640;DEBUG;30236;0000000000000000;BaslerControl::openCamera@26;"尝试打开第1台Basler相机..."
2025/03/27;21:12:50.267;DEBUG;30236;0000000000000000;BaslerControl::openCamera@28;"已经打开第1台Basler相机"
2025/03/27;21:12:50.283;DEBUG;30236;0000000000000000;BaslerControl::openCamera@41;"第1台Basler相机连接成功"
2025/03/27;21:12:50.283;DEBUG;30236;0000000000000000;BaslerControl::openCamera@21;"尝试连接第2台相机..."
2025/03/27;21:12:50.441;DEBUG;30236;0000000000000000;BaslerControl::openCamera@26;"尝试打开第2台Basler相机..."
2025/03/27;21:12:50.564;DEBUG;30236;0000000000000000;BaslerControl::openCamera@28;"已经打开第2台Basler相机"
2025/03/27;21:12:50.588;DEBUG;30236;0000000000000000;BaslerControl::openCamera@41;"第2台Basler相机连接成功"
2025/03/27;21:12:50.588;DEBUG;30236;0000000000000000;BaslerControl::openCamera@21;"尝试连接第3台相机..."
2025/03/27;21:12:50.738;DEBUG;30236;0000000000000000;BaslerControl::openCamera@26;"尝试打开第3台Basler相机..."
2025/03/27;21:12:50.859;DEBUG;30236;0000000000000000;BaslerControl::openCamera@28;"已经打开第3台Basler相机"
2025/03/27;21:12:50.881;DEBUG;30236;0000000000000000;BaslerControl::openCamera@41;"第3台Basler相机连接成功"
2025/03/27;21:14:05.175;DEBUG;20660;0000000000000000;BaslerControl::openCamera@10;"正在连接Basler相机... ..."
2025/03/27;21:14:05.444;DEBUG;20660;0000000000000000;BaslerControl::openCamera@21;"尝试连接第1台相机..."
2025/03/27;21:14:05.729;DEBUG;20660;0000000000000000;BaslerControl::openCamera@26;"尝试打开第1台Basler相机..."
2025/03/27;21:14:05.863;DEBUG;20660;0000000000000000;BaslerControl::openCamera@28;"已经打开第1台Basler相机"
2025/03/27;21:14:05.879;DEBUG;20660;0000000000000000;BaslerControl::openCamera@41;"第1台Basler相机连接成功"
2025/03/27;21:14:05.879;DEBUG;20660;0000000000000000;BaslerControl::openCamera@21;"尝试连接第2台相机..."
2025/03/27;21:14:06.026;DEBUG;20660;0000000000000000;BaslerControl::openCamera@26;"尝试打开第2台Basler相机..."
2025/03/27;21:14:06.646;DEBUG;20660;0000000000000000;BaslerControl::openCamera@28;"已经打开第2台Basler相机"
2025/03/27;21:14:06.670;DEBUG;20660;0000000000000000;BaslerControl::openCamera@41;"第2台Basler相机连接成功"
2025/03/27;21:14:06.671;DEBUG;20660;0000000000000000;BaslerControl::openCamera@21;"尝试连接第3台相机..."
2025/03/27;21:14:06.817;DEBUG;20660;0000000000000000;BaslerControl::openCamera@26;"尝试打开第3台Basler相机..."
2025/03/27;21:14:06.941;DEBUG;20660;0000000000000000;BaslerControl::openCamera@28;"已经打开第3台Basler相机"
2025/03/27;21:14:06.964;DEBUG;20660;0000000000000000;BaslerControl::openCamera@41;"第3台Basler相机连接成功"
2025/03/27;21:25:52.209;DEBUG;26212;0000000000000000;BaslerControl::openCamera@10;"正在连接Basler相机... ..."
2025/03/27;21:25:52.478;DEBUG;26212;0000000000000000;BaslerControl::openCamera@21;"尝试连接第1台相机..."
2025/03/27;21:25:52.758;DEBUG;26212;0000000000000000;BaslerControl::openCamera@26;"尝试打开第1台Basler相机..."
2025/03/27;21:25:52.893;DEBUG;26212;0000000000000000;BaslerControl::openCamera@28;"已经打开第1台Basler相机"
2025/03/27;21:25:52.909;DEBUG;26212;0000000000000000;BaslerControl::openCamera@41;"第1台Basler相机连接成功"
2025/03/27;21:25:52.909;DEBUG;26212;0000000000000000;BaslerControl::openCamera@21;"尝试连接第2台相机..."
2025/03/27;21:25:53.057;DEBUG;26212;0000000000000000;BaslerControl::openCamera@26;"尝试打开第2台Basler相机..."
2025/03/27;21:25:53.179;DEBUG;26212;0000000000000000;BaslerControl::openCamera@28;"已经打开第2台Basler相机"
2025/03/27;21:25:53.200;DEBUG;26212;0000000000000000;BaslerControl::openCamera@41;"第2台Basler相机连接成功"
2025/03/27;21:25:53.200;DEBUG;26212;0000000000000000;BaslerControl::openCamera@21;"尝试连接第3台相机..."
2025/03/27;21:25:53.352;DEBUG;26212;0000000000000000;BaslerControl::openCamera@26;"尝试打开第3台Basler相机..."
2025/03/27;21:25:53.476;DEBUG;26212;0000000000000000;BaslerControl::openCamera@28;"已经打开第3台Basler相机"
2025/03/27;21:25:53.500;DEBUG;26212;0000000000000000;BaslerControl::openCamera@41;"第3台Basler相机连接成功"
2025/03/27;21:30:25.779;DEBUG;59088;0000000000000000;BaslerControl::openCamera@10;"正在连接Basler相机... ..."
2025/03/27;21:30:26.048;DEBUG;59088;0000000000000000;BaslerControl::openCamera@21;"尝试连接第1台相机..."
2025/03/27;21:30:26.346;DEBUG;59088;0000000000000000;BaslerControl::openCamera@26;"尝试打开第1台Basler相机..."
2025/03/27;21:30:26.956;DEBUG;59088;0000000000000000;BaslerControl::openCamera@28;"已经打开第1台Basler相机"
2025/03/27;21:30:26.972;DEBUG;59088;0000000000000000;BaslerControl::openCamera@41;"第1台Basler相机连接成功"
2025/03/27;21:30:26.972;DEBUG;59088;0000000000000000;BaslerControl::openCamera@21;"尝试连接第2台相机..."
2025/03/27;21:30:27.131;DEBUG;59088;0000000000000000;BaslerControl::openCamera@26;"尝试打开第2台Basler相机..."
2025/03/27;21:30:27.256;DEBUG;59088;0000000000000000;BaslerControl::openCamera@28;"已经打开第2台Basler相机"
2025/03/27;21:30:27.280;DEBUG;59088;0000000000000000;BaslerControl::openCamera@41;"第2台Basler相机连接成功"
2025/03/27;21:30:27.280;DEBUG;59088;0000000000000000;BaslerControl::openCamera@21;"尝试连接第3台相机..."
2025/03/27;21:30:27.425;DEBUG;59088;0000000000000000;BaslerControl::openCamera@26;"尝试打开第3台Basler相机..."
2025/03/27;21:30:27.547;DEBUG;59088;0000000000000000;BaslerControl::openCamera@28;"已经打开第3台Basler相机"
2025/03/27;21:30:27.569;DEBUG;59088;0000000000000000;BaslerControl::openCamera@41;"第3台Basler相机连接成功"
2025/03/27;21:38:12.282;DEBUG;47288;0000000000000000;BaslerControl::openCamera@10;"正在连接Basler相机... ..."
2025/03/27;21:38:12.552;DEBUG;47288;0000000000000000;BaslerControl::openCamera@21;"尝试连接第1台相机..."
2025/03/27;21:38:12.714;DEBUG;47288;0000000000000000;BaslerControl::openCamera@26;"尝试打开第1台Basler相机..."
2025/03/27;21:38:12.796;DEBUG;47288;0000000000000000;BaslerControl::openCamera@28;"已经打开第1台Basler相机"
2025/03/27;21:38:12.814;DEBUG;47288;0000000000000000;BaslerControl::openCamera@41;"第1台Basler相机连接成功"
2025/03/27;21:38:12.814;DEBUG;47288;0000000000000000;BaslerControl::openCamera@21;"尝试连接第2台相机..."
2025/03/27;21:38:12.972;DEBUG;47288;0000000000000000;BaslerControl::openCamera@26;"尝试打开第2台Basler相机..."
2025/03/27;21:38:13.096;DEBUG;47288;0000000000000000;BaslerControl::openCamera@28;"已经打开第2台Basler相机"
2025/03/27;21:38:13.120;DEBUG;47288;0000000000000000;BaslerControl::openCamera@41;"第2台Basler相机连接成功"
2025/03/27;21:38:13.120;DEBUG;47288;0000000000000000;BaslerControl::openCamera@21;"尝试连接第3台相机..."
2025/03/27;21:38:13.265;DEBUG;47288;0000000000000000;BaslerControl::openCamera@26;"尝试打开第3台Basler相机..."
2025/03/27;21:38:13.391;DEBUG;47288;0000000000000000;BaslerControl::openCamera@28;"已经打开第3台Basler相机"
2025/03/27;21:38:13.413;DEBUG;47288;0000000000000000;BaslerControl::openCamera@41;"第3台Basler相机连接成功"
2025/03/27;21:38:33.175;DEBUG;2076;0000000000000000;BaslerControl::openCamera@10;"正在连接Basler相机... ..."
2025/03/27;21:38:33.443;DEBUG;2076;0000000000000000;BaslerControl::openCamera@21;"尝试连接第1台相机..."
2025/03/27;21:38:33.623;DEBUG;2076;0000000000000000;BaslerControl::openCamera@26;"尝试打开第1台Basler相机..."
2025/03/27;21:38:33.708;DEBUG;2076;0000000000000000;BaslerControl::openCamera@28;"已经打开第1台Basler相机"
2025/03/27;21:38:33.725;DEBUG;2076;0000000000000000;BaslerControl::openCamera@41;"第1台Basler相机连接成功"
2025/03/27;21:38:33.725;DEBUG;2076;0000000000000000;BaslerControl::openCamera@21;"尝试连接第2台相机..."
2025/03/27;21:38:33.879;DEBUG;2076;0000000000000000;BaslerControl::openCamera@26;"尝试打开第2台Basler相机..."
2025/03/27;21:38:34.003;DEBUG;2076;0000000000000000;BaslerControl::openCamera@28;"已经打开第2台Basler相机"
2025/03/27;21:38:34.027;DEBUG;2076;0000000000000000;BaslerControl::openCamera@41;"第2台Basler相机连接成功"
2025/03/27;21:38:34.027;DEBUG;2076;0000000000000000;BaslerControl::openCamera@21;"尝试连接第3台相机..."
2025/03/27;21:38:34.173;DEBUG;2076;0000000000000000;BaslerControl::openCamera@26;"尝试打开第3台Basler相机..."
2025/03/27;21:38:34.299;DEBUG;2076;0000000000000000;BaslerControl::openCamera@28;"已经打开第3台Basler相机"
2025/03/27;21:38:34.322;DEBUG;2076;0000000000000000;BaslerControl::openCamera@41;"第3台Basler相机连接成功"
2025/03/27;21:40:20.874;DEBUG;33184;0000000000000000;BaslerControl::openCamera@10;"正在连接Basler相机... ..."
2025/03/27;21:40:21.142;DEBUG;33184;0000000000000000;BaslerControl::openCamera@21;"尝试连接第1台相机..."
2025/03/27;21:40:21.372;DEBUG;33184;0000000000000000;BaslerControl::openCamera@26;"尝试打开第1台Basler相机..."
2025/03/27;21:40:21.469;DEBUG;33184;0000000000000000;BaslerControl::openCamera@28;"已经打开第1台Basler相机"
2025/03/27;21:40:21.486;DEBUG;33184;0000000000000000;BaslerControl::openCamera@41;"第1台Basler相机连接成功"
2025/03/27;21:40:21.486;DEBUG;33184;0000000000000000;BaslerControl::openCamera@21;"尝试连接第2台相机..."
2025/03/27;21:40:21.642;DEBUG;33184;0000000000000000;BaslerControl::openCamera@26;"尝试打开第2台Basler相机..."
2025/03/27;21:40:21.781;DEBUG;33184;0000000000000000;BaslerControl::openCamera@28;"已经打开第2台Basler相机"
2025/03/27;21:40:21.806;DEBUG;33184;0000000000000000;BaslerControl::openCamera@41;"第2台Basler相机连接成功"
2025/03/27;21:40:21.806;DEBUG;33184;0000000000000000;BaslerControl::openCamera@21;"尝试连接第3台相机..."
2025/03/27;21:40:21.951;DEBUG;33184;0000000000000000;BaslerControl::openCamera@26;"尝试打开第3台Basler相机..."
2025/03/27;21:40:22.076;DEBUG;33184;0000000000000000;BaslerControl::openCamera@28;"已经打开第3台Basler相机"
2025/03/27;21:40:22.098;DEBUG;33184;0000000000000000;BaslerControl::openCamera@41;"第3台Basler相机连接成功"
2025/03/27;21:40:31.375;DEBUG;33184;0000000000000000;BaslerControl::closeCamera@120;"Basler相机断开连接"
2025/03/27;21:40:31.375;DEBUG;33184;0000000000000000;BaslerControl::closeCamera@120;"Basler相机断开连接"
2025/03/27;21:40:31.375;ERROR;33184;0000000000000000;BaslerControl::openCamera@104;"采图失败，退出采图程序。"
2025/03/27;21:40:31.858;DEBUG;33184;0000000000000000;BaslerControl::closeCamera@120;"Basler相机断开连接"
2025/03/27;21:40:34.044;DEBUG;33184;0000000000000000;BaslerControl::openCamera@10;"正在连接Basler相机... ..."
2025/03/27;21:40:34.311;DEBUG;33184;0000000000000000;BaslerControl::openCamera@21;"尝试连接第1台相机..."
2025/03/27;21:40:34.592;DEBUG;33184;0000000000000000;BaslerControl::openCamera@26;"尝试打开第1台Basler相机..."
2025/03/27;21:40:35.187;DEBUG;33184;0000000000000000;BaslerControl::openCamera@28;"已经打开第1台Basler相机"
2025/03/27;21:40:35.205;DEBUG;33184;0000000000000000;BaslerControl::openCamera@41;"第1台Basler相机连接成功"
2025/03/27;21:40:35.205;DEBUG;33184;0000000000000000;BaslerControl::openCamera@21;"尝试连接第2台相机..."
2025/03/27;21:40:35.359;DEBUG;33184;0000000000000000;BaslerControl::openCamera@26;"尝试打开第2台Basler相机..."
2025/03/27;21:40:35.484;DEBUG;33184;0000000000000000;BaslerControl::openCamera@28;"已经打开第2台Basler相机"
2025/03/27;21:40:35.508;DEBUG;33184;0000000000000000;BaslerControl::openCamera@41;"第2台Basler相机连接成功"
2025/03/27;21:40:35.508;DEBUG;33184;0000000000000000;BaslerControl::openCamera@21;"尝试连接第3台相机..."
2025/03/27;21:40:35.668;DEBUG;33184;0000000000000000;BaslerControl::openCamera@26;"尝试打开第3台Basler相机..."
2025/03/27;21:40:36.308;DEBUG;33184;0000000000000000;BaslerControl::openCamera@28;"已经打开第3台Basler相机"
2025/03/27;21:40:36.331;DEBUG;33184;0000000000000000;BaslerControl::openCamera@41;"第3台Basler相机连接成功"
2025/03/27;21:40:36.332;ERROR;33184;0000000000000000;BaslerControl::openCamera@104;"采图失败，退出采图程序。"
2025/03/27;21:40:42.519;DEBUG;33184;0000000000000000;BaslerControl::openCamera@10;"正在连接Basler相机... ..."
2025/03/27;21:40:42.771;DEBUG;33184;0000000000000000;BaslerControl::openCamera@21;"尝试连接第1台相机..."
2025/03/27;21:40:42.985;DEBUG;33184;0000000000000000;BaslerControl::openCamera@26;"尝试打开第1台Basler相机..."
2025/03/27;21:40:43.064;DEBUG;33184;0000000000000000;BaslerControl::openCamera@28;"已经打开第1台Basler相机"
2025/03/27;21:40:43.080;DEBUG;33184;0000000000000000;BaslerControl::openCamera@41;"第1台Basler相机连接成功"
2025/03/27;21:40:43.080;DEBUG;33184;0000000000000000;BaslerControl::openCamera@21;"尝试连接第2台相机..."
2025/03/27;21:40:43.355;DEBUG;33184;0000000000000000;BaslerControl::openCamera@26;"尝试打开第2台Basler相机..."
2025/03/27;21:40:43.473;DEBUG;33184;0000000000000000;BaslerControl::openCamera@28;"已经打开第2台Basler相机"
2025/03/27;21:40:43.495;DEBUG;33184;0000000000000000;BaslerControl::openCamera@41;"第2台Basler相机连接成功"
2025/03/27;21:40:43.495;DEBUG;33184;0000000000000000;BaslerControl::openCamera@21;"尝试连接第3台相机..."
2025/03/27;21:40:43.773;DEBUG;33184;0000000000000000;BaslerControl::openCamera@26;"尝试打开第3台Basler相机..."
2025/03/27;21:40:43.905;DEBUG;33184;0000000000000000;BaslerControl::openCamera@28;"已经打开第3台Basler相机"
2025/03/27;21:40:43.928;DEBUG;33184;0000000000000000;BaslerControl::openCamera@41;"第3台Basler相机连接成功"
2025/03/27;21:40:43.929;ERROR;33184;0000000000000000;BaslerControl::openCamera@104;"采图失败，退出采图程序。"
2025/03/27;21:40:47.772;DEBUG;33184;0000000000000000;BaslerControl::closeCamera@120;"Basler相机断开连接"
2025/03/27;21:41:49.733;DEBUG;5232;0000000000000000;BaslerControl::openCamera@10;"正在连接Basler相机... ..."
2025/03/27;21:41:50.003;DEBUG;5232;0000000000000000;BaslerControl::openCamera@21;"尝试连接第1台相机..."
2025/03/27;21:41:50.292;DEBUG;5232;0000000000000000;BaslerControl::openCamera@26;"尝试打开第1台Basler相机..."
2025/03/27;21:41:50.388;DEBUG;5232;0000000000000000;BaslerControl::openCamera@28;"已经打开第1台Basler相机"
2025/03/27;21:41:50.405;DEBUG;5232;0000000000000000;BaslerControl::openCamera@41;"第1台Basler相机连接成功"
2025/03/27;21:41:50.405;DEBUG;5232;0000000000000000;BaslerControl::openCamera@21;"尝试连接第2台相机..."
2025/03/27;21:41:50.564;DEBUG;5232;0000000000000000;BaslerControl::openCamera@26;"尝试打开第2台Basler相机..."
2025/03/27;21:41:51.190;DEBUG;5232;0000000000000000;BaslerControl::openCamera@28;"已经打开第2台Basler相机"
2025/03/27;21:41:51.214;DEBUG;5232;0000000000000000;BaslerControl::openCamera@41;"第2台Basler相机连接成功"
2025/03/27;21:41:51.214;DEBUG;5232;0000000000000000;BaslerControl::openCamera@21;"尝试连接第3台相机..."
2025/03/27;21:41:51.354;DEBUG;5232;0000000000000000;BaslerControl::openCamera@26;"尝试打开第3台Basler相机..."
2025/03/27;21:41:51.473;DEBUG;5232;0000000000000000;BaslerControl::openCamera@28;"已经打开第3台Basler相机"
2025/03/27;21:41:51.495;DEBUG;5232;0000000000000000;BaslerControl::openCamera@41;"第3台Basler相机连接成功"
2025/03/27;21:41:54.715;DEBUG;5232;0000000000000000;BaslerControl::closeCamera@120;"Basler相机断开连接"
2025/03/27;21:41:54.715;ERROR;5232;0000000000000000;BaslerControl::openCamera@104;"采图失败，退出采图程序。"
2025/03/27;21:42:33.000;DEBUG;7916;0000000000000000;BaslerControl::openCamera@10;"正在连接Basler相机... ..."
2025/03/27;21:42:33.270;DEBUG;7916;0000000000000000;BaslerControl::openCamera@21;"尝试连接第1台相机..."
2025/03/27;21:42:33.566;DEBUG;7916;0000000000000000;BaslerControl::openCamera@26;"尝试打开第1台Basler相机..."
2025/03/27;21:42:33.659;DEBUG;7916;0000000000000000;BaslerControl::openCamera@28;"已经打开第1台Basler相机"
2025/03/27;21:42:33.675;DEBUG;7916;0000000000000000;BaslerControl::openCamera@41;"第1台Basler相机连接成功"
2025/03/27;21:42:33.675;DEBUG;7916;0000000000000000;BaslerControl::openCamera@21;"尝试连接第2台相机..."
2025/03/27;21:42:33.831;DEBUG;7916;0000000000000000;BaslerControl::openCamera@26;"尝试打开第2台Basler相机..."
2025/03/27;21:42:33.956;DEBUG;7916;0000000000000000;BaslerControl::openCamera@28;"已经打开第2台Basler相机"
2025/03/27;21:42:33.980;DEBUG;7916;0000000000000000;BaslerControl::openCamera@41;"第2台Basler相机连接成功"
2025/03/27;21:42:33.980;DEBUG;7916;0000000000000000;BaslerControl::openCamera@21;"尝试连接第3台相机..."
2025/03/27;21:42:34.139;DEBUG;7916;0000000000000000;BaslerControl::openCamera@26;"尝试打开第3台Basler相机..."
2025/03/27;21:42:34.263;DEBUG;7916;0000000000000000;BaslerControl::openCamera@28;"已经打开第3台Basler相机"
2025/03/27;21:42:34.287;DEBUG;7916;0000000000000000;BaslerControl::openCamera@41;"第3台Basler相机连接成功"
2025/03/27;21:42:43.498;DEBUG;7916;0000000000000000;BaslerControl::closeCamera@120;"Basler相机断开连接"
2025/03/27;21:42:43.499;ERROR;7916;0000000000000000;BaslerControl::openCamera@104;"采图失败，退出采图程序。"
2025/03/27;21:42:47.102;DEBUG;7916;0000000000000000;BaslerControl::openCamera@10;"正在连接Basler相机... ..."
2025/03/27;21:42:47.369;DEBUG;7916;0000000000000000;BaslerControl::openCamera@21;"尝试连接第1台相机..."
2025/03/27;21:42:47.654;DEBUG;7916;0000000000000000;BaslerControl::openCamera@26;"尝试打开第1台Basler相机..."
2025/03/27;21:42:48.289;DEBUG;7916;0000000000000000;BaslerControl::openCamera@28;"已经打开第1台Basler相机"
2025/03/27;21:42:48.306;DEBUG;7916;0000000000000000;BaslerControl::openCamera@41;"第1台Basler相机连接成功"
2025/03/27;21:42:48.306;DEBUG;7916;0000000000000000;BaslerControl::openCamera@21;"尝试连接第2台相机..."
2025/03/27;21:42:48.466;DEBUG;7916;0000000000000000;BaslerControl::openCamera@26;"尝试打开第2台Basler相机..."
2025/03/27;21:42:49.099;DEBUG;7916;0000000000000000;BaslerControl::openCamera@28;"已经打开第2台Basler相机"
2025/03/27;21:42:49.123;DEBUG;7916;0000000000000000;BaslerControl::openCamera@41;"第2台Basler相机连接成功"
2025/03/27;21:42:49.123;DEBUG;7916;0000000000000000;BaslerControl::openCamera@21;"尝试连接第3台相机..."
2025/03/27;21:42:49.270;DEBUG;7916;0000000000000000;BaslerControl::openCamera@26;"尝试打开第3台Basler相机..."
2025/03/27;21:42:49.396;DEBUG;7916;0000000000000000;BaslerControl::openCamera@28;"已经打开第3台Basler相机"
2025/03/27;21:42:49.419;DEBUG;7916;0000000000000000;BaslerControl::openCamera@41;"第3台Basler相机连接成功"
2025/03/27;21:43:08.310;DEBUG;39100;0000000000000000;BaslerControl::openCamera@10;"正在连接Basler相机... ..."
2025/03/27;21:43:08.579;DEBUG;39100;0000000000000000;BaslerControl::openCamera@21;"尝试连接第1台相机..."
2025/03/27;21:43:08.799;DEBUG;39100;0000000000000000;BaslerControl::openCamera@26;"尝试打开第1台Basler相机..."
2025/03/27;21:43:08.881;DEBUG;39100;0000000000000000;BaslerControl::openCamera@28;"已经打开第1台Basler相机"
2025/03/27;21:43:08.898;DEBUG;39100;0000000000000000;BaslerControl::openCamera@41;"第1台Basler相机连接成功"
2025/03/27;21:43:08.898;DEBUG;39100;0000000000000000;BaslerControl::openCamera@21;"尝试连接第2台相机..."
2025/03/27;21:43:09.059;DEBUG;39100;0000000000000000;BaslerControl::openCamera@26;"尝试打开第2台Basler相机..."
2025/03/27;21:43:09.182;DEBUG;39100;0000000000000000;BaslerControl::openCamera@28;"已经打开第2台Basler相机"
2025/03/27;21:43:09.205;DEBUG;39100;0000000000000000;BaslerControl::openCamera@41;"第2台Basler相机连接成功"
2025/03/27;21:43:09.205;DEBUG;39100;0000000000000000;BaslerControl::openCamera@21;"尝试连接第3台相机..."
2025/03/27;21:43:09.352;DEBUG;39100;0000000000000000;BaslerControl::openCamera@26;"尝试打开第3台Basler相机..."
2025/03/27;21:43:09.478;DEBUG;39100;0000000000000000;BaslerControl::openCamera@28;"已经打开第3台Basler相机"
2025/03/27;21:43:09.499;DEBUG;39100;0000000000000000;BaslerControl::openCamera@41;"第3台Basler相机连接成功"
2025/03/27;21:43:15.573;DEBUG;39100;0000000000000000;BaslerControl::closeCamera@120;"Basler相机断开连接"
2025/03/27;21:43:15.573;ERROR;39100;0000000000000000;BaslerControl::openCamera@104;"采图失败，退出采图程序。"
2025/03/27;21:44:00.608;DEBUG;53444;0000000000000000;BaslerControl::openCamera@10;"正在连接Basler相机... ..."
2025/03/27;21:44:00.877;DEBUG;53444;0000000000000000;BaslerControl::openCamera@21;"尝试连接第1台相机..."
2025/03/27;21:44:01.171;DEBUG;53444;0000000000000000;BaslerControl::openCamera@26;"尝试打开第1台Basler相机..."
2025/03/27;21:44:01.320;DEBUG;53444;0000000000000000;BaslerControl::openCamera@28;"已经打开第1台Basler相机"
2025/03/27;21:44:01.353;DEBUG;53444;0000000000000000;BaslerControl::openCamera@41;"第1台Basler相机连接成功"
2025/03/27;21:44:01.353;DEBUG;53444;0000000000000000;BaslerControl::openCamera@21;"尝试连接第2台相机..."
2025/03/27;21:44:01.502;DEBUG;53444;0000000000000000;BaslerControl::openCamera@26;"尝试打开第2台Basler相机..."
2025/03/27;21:44:01.627;DEBUG;53444;0000000000000000;BaslerControl::openCamera@28;"已经打开第2台Basler相机"
2025/03/27;21:44:01.651;DEBUG;53444;0000000000000000;BaslerControl::openCamera@41;"第2台Basler相机连接成功"
2025/03/27;21:44:01.651;DEBUG;53444;0000000000000000;BaslerControl::openCamera@21;"尝试连接第3台相机..."
2025/03/27;21:44:01.797;DEBUG;53444;0000000000000000;BaslerControl::openCamera@26;"尝试打开第3台Basler相机..."
2025/03/27;21:44:01.922;DEBUG;53444;0000000000000000;BaslerControl::openCamera@28;"已经打开第3台Basler相机"
2025/03/27;21:44:01.944;DEBUG;53444;0000000000000000;BaslerControl::openCamera@41;"第3台Basler相机连接成功"
2025/03/27;21:44:07.219;DEBUG;53444;0000000000000000;BaslerControl::closeCamera@120;"Basler相机断开连接"
2025/03/27;21:44:07.220;ERROR;53444;0000000000000000;BaslerControl::openCamera@104;"采图失败，退出采图程序。"
2025/03/27;21:44:49.424;DEBUG;12168;0000000000000000;BaslerControl::openCamera@10;"正在连接Basler相机... ..."
2025/03/27;21:44:49.693;DEBUG;12168;0000000000000000;BaslerControl::openCamera@21;"尝试连接第1台相机..."
2025/03/27;21:44:49.982;DEBUG;12168;0000000000000000;BaslerControl::openCamera@26;"尝试打开第1台Basler相机..."
2025/03/27;21:44:50.075;DEBUG;12168;0000000000000000;BaslerControl::openCamera@28;"已经打开第1台Basler相机"
2025/03/27;21:44:50.092;DEBUG;12168;0000000000000000;BaslerControl::openCamera@41;"第1台Basler相机连接成功"
2025/03/27;21:44:50.092;DEBUG;12168;0000000000000000;BaslerControl::openCamera@21;"尝试连接第2台相机..."
2025/03/27;21:44:50.251;DEBUG;12168;0000000000000000;BaslerControl::openCamera@26;"尝试打开第2台Basler相机..."
2025/03/27;21:44:50.375;DEBUG;12168;0000000000000000;BaslerControl::openCamera@28;"已经打开第2台Basler相机"
2025/03/27;21:44:50.399;DEBUG;12168;0000000000000000;BaslerControl::openCamera@41;"第2台Basler相机连接成功"
2025/03/27;21:44:50.400;DEBUG;12168;0000000000000000;BaslerControl::openCamera@21;"尝试连接第3台相机..."
2025/03/27;21:44:50.545;DEBUG;12168;0000000000000000;BaslerControl::openCamera@26;"尝试打开第3台Basler相机..."
2025/03/27;21:44:50.668;DEBUG;12168;0000000000000000;BaslerControl::openCamera@28;"已经打开第3台Basler相机"
2025/03/27;21:44:50.691;DEBUG;12168;0000000000000000;BaslerControl::openCamera@41;"第3台Basler相机连接成功"
2025/03/27;21:45:02.244;DEBUG;7196;0000000000000000;BaslerControl::openCamera@10;"正在连接Basler相机... ..."
2025/03/27;21:45:02.513;DEBUG;7196;0000000000000000;BaslerControl::openCamera@21;"尝试连接第1台相机..."
2025/03/27;21:45:02.773;DEBUG;7196;0000000000000000;BaslerControl::openCamera@26;"尝试打开第1台Basler相机..."
2025/03/27;21:45:03.356;DEBUG;7196;0000000000000000;BaslerControl::openCamera@28;"已经打开第1台Basler相机"
2025/03/27;21:45:03.372;DEBUG;7196;0000000000000000;BaslerControl::openCamera@41;"第1台Basler相机连接成功"
2025/03/27;21:45:03.372;DEBUG;7196;0000000000000000;BaslerControl::openCamera@21;"尝试连接第2台相机..."
2025/03/27;21:45:03.516;DEBUG;7196;0000000000000000;BaslerControl::openCamera@26;"尝试打开第2台Basler相机..."
2025/03/27;21:45:03.636;DEBUG;7196;0000000000000000;BaslerControl::openCamera@28;"已经打开第2台Basler相机"
2025/03/27;21:45:03.658;DEBUG;7196;0000000000000000;BaslerControl::openCamera@41;"第2台Basler相机连接成功"
2025/03/27;21:45:03.659;DEBUG;7196;0000000000000000;BaslerControl::openCamera@21;"尝试连接第3台相机..."
2025/03/27;21:45:03.805;DEBUG;7196;0000000000000000;BaslerControl::openCamera@26;"尝试打开第3台Basler相机..."
2025/03/27;21:45:03.936;DEBUG;7196;0000000000000000;BaslerControl::openCamera@28;"已经打开第3台Basler相机"
2025/03/27;21:45:03.961;DEBUG;7196;0000000000000000;BaslerControl::openCamera@41;"第3台Basler相机连接成功"
2025/03/27;21:45:21.887;DEBUG;7196;0000000000000000;BaslerControl::closeCamera@120;"Basler相机断开连接"
2025/03/27;21:45:21.887;ERROR;7196;0000000000000000;BaslerControl::openCamera@104;"采图失败，退出采图程序。"
2025/03/27;21:45:23.349;DEBUG;7196;0000000000000000;BaslerControl::openCamera@10;"正在连接Basler相机... ..."
2025/03/27;21:45:23.617;DEBUG;7196;0000000000000000;BaslerControl::openCamera@21;"尝试连接第1台相机..."
2025/03/27;21:45:23.743;DEBUG;7196;0000000000000000;BaslerControl::openCamera@26;"尝试打开第1台Basler相机..."
2025/03/27;21:45:24.326;DEBUG;7196;0000000000000000;BaslerControl::openCamera@28;"已经打开第1台Basler相机"
2025/03/27;21:45:24.342;DEBUG;7196;0000000000000000;BaslerControl::openCamera@41;"第1台Basler相机连接成功"
2025/03/27;21:45:24.342;DEBUG;7196;0000000000000000;BaslerControl::openCamera@21;"尝试连接第2台相机..."
2025/03/27;21:45:24.501;DEBUG;7196;0000000000000000;BaslerControl::openCamera@26;"尝试打开第2台Basler相机..."
2025/03/27;21:45:24.624;DEBUG;7196;0000000000000000;BaslerControl::openCamera@28;"已经打开第2台Basler相机"
2025/03/27;21:45:24.646;DEBUG;7196;0000000000000000;BaslerControl::openCamera@41;"第2台Basler相机连接成功"
2025/03/27;21:45:24.646;DEBUG;7196;0000000000000000;BaslerControl::openCamera@21;"尝试连接第3台相机..."
2025/03/27;21:45:24.793;DEBUG;7196;0000000000000000;BaslerControl::openCamera@26;"尝试打开第3台Basler相机..."
2025/03/27;21:45:24.915;DEBUG;7196;0000000000000000;BaslerControl::openCamera@28;"已经打开第3台Basler相机"
2025/03/27;21:45:24.938;DEBUG;7196;0000000000000000;BaslerControl::openCamera@41;"第3台Basler相机连接成功"
2025/03/27;21:46:48.402;DEBUG;39300;0000000000000000;BaslerControl::openCamera@10;"正在连接Basler相机... ..."
2025/03/27;21:46:48.670;DEBUG;39300;0000000000000000;BaslerControl::openCamera@21;"尝试连接第1台相机..."
2025/03/27;21:46:48.960;DEBUG;39300;0000000000000000;BaslerControl::openCamera@26;"尝试打开第1台Basler相机..."
2025/03/27;21:46:49.090;DEBUG;39300;0000000000000000;BaslerControl::openCamera@28;"已经打开第1台Basler相机"
2025/03/27;21:46:49.107;DEBUG;39300;0000000000000000;BaslerControl::openCamera@41;"第1台Basler相机连接成功"
2025/03/27;21:46:49.107;DEBUG;39300;0000000000000000;BaslerControl::openCamera@21;"尝试连接第2台相机..."
2025/03/27;21:46:49.264;DEBUG;39300;0000000000000000;BaslerControl::openCamera@26;"尝试打开第2台Basler相机..."
2025/03/27;21:46:49.388;DEBUG;39300;0000000000000000;BaslerControl::openCamera@28;"已经打开第2台Basler相机"
2025/03/27;21:46:49.411;DEBUG;39300;0000000000000000;BaslerControl::openCamera@41;"第2台Basler相机连接成功"
2025/03/27;21:46:49.411;DEBUG;39300;0000000000000000;BaslerControl::openCamera@21;"尝试连接第3台相机..."
2025/03/27;21:46:49.558;DEBUG;39300;0000000000000000;BaslerControl::openCamera@26;"尝试打开第3台Basler相机..."
2025/03/27;21:46:49.682;DEBUG;39300;0000000000000000;BaslerControl::openCamera@28;"已经打开第3台Basler相机"
2025/03/27;21:46:49.703;DEBUG;39300;0000000000000000;BaslerControl::openCamera@41;"第3台Basler相机连接成功"
2025/03/27;21:47:32.248;ERROR;39300;0000000000000000;BaslerControl::openCamera@96;"图片保存成功"
2025/03/27;21:48:50.789;ERROR;39300;0000000000000000;BaslerControl::openCamera@96;"图片保存成功"
2025/03/27;21:48:53.917;ERROR;39300;0000000000000000;BaslerControl::openCamera@96;"图片保存成功"
2025/03/27;21:48:54.073;ERROR;39300;0000000000000000;BaslerControl::openCamera@96;"图片保存成功"
2025/03/27;21:48:54.393;ERROR;39300;0000000000000000;BaslerControl::openCamera@96;"图片保存成功"
2025/03/27;21:48:54.552;ERROR;39300;0000000000000000;BaslerControl::openCamera@96;"图片保存成功"
2025/03/27;21:48:54.793;ERROR;39300;0000000000000000;BaslerControl::openCamera@96;"图片保存成功"
2025/03/27;21:48:54.952;ERROR;39300;0000000000000000;BaslerControl::openCamera@96;"图片保存成功"
2025/03/27;21:48:55.117;ERROR;39300;0000000000000000;BaslerControl::openCamera@96;"图片保存成功"
2025/03/27;21:48:55.273;ERROR;39300;0000000000000000;BaslerControl::openCamera@96;"图片保存成功"
2025/03/27;21:48:55.433;ERROR;39300;0000000000000000;BaslerControl::openCamera@96;"图片保存成功"
2025/03/27;21:49:03.999;ERROR;39300;0000000000000000;BaslerControl::openCamera@96;"图片保存成功"
2025/03/27;21:49:04.162;ERROR;39300;0000000000000000;BaslerControl::openCamera@96;"图片保存成功"
2025/03/27;21:49:04.320;ERROR;39300;0000000000000000;BaslerControl::openCamera@96;"图片保存成功"
2025/03/27;21:49:04.480;ERROR;39300;0000000000000000;BaslerControl::openCamera@96;"图片保存成功"
2025/03/27;21:49:16.572;ERROR;39300;0000000000000000;BaslerControl::openCamera@96;"图片保存成功"
2025/03/27;21:49:16.731;ERROR;39300;0000000000000000;BaslerControl::openCamera@96;"图片保存成功"
2025/03/27;21:49:16.890;ERROR;39300;0000000000000000;BaslerControl::openCamera@96;"图片保存成功"
2025/03/27;21:50:41.119;ERROR;39300;0000000000000000;BaslerControl::openCamera@104;"采图失败，退出采图程序。"
2025/03/27;21:54:36.920;DEBUG;39300;0000000000000000;BaslerControl::openCamera@10;"正在连接Basler相机... ..."
2025/03/27;21:54:37.171;DEBUG;39300;0000000000000000;BaslerControl::openCamera@21;"尝试连接第1台相机..."
2025/03/27;21:54:37.561;DEBUG;39300;0000000000000000;BaslerControl::openCamera@26;"尝试打开第1台Basler相机..."
2025/03/27;21:54:37.741;DEBUG;39300;0000000000000000;BaslerControl::openCamera@28;"已经打开第1台Basler相机"
2025/03/27;21:54:37.767;DEBUG;39300;0000000000000000;BaslerControl::openCamera@41;"第1台Basler相机连接成功"
2025/03/27;21:54:37.767;DEBUG;39300;0000000000000000;BaslerControl::openCamera@21;"尝试连接第2台相机..."
2025/03/27;21:54:37.938;DEBUG;39300;0000000000000000;BaslerControl::openCamera@26;"尝试打开第2台Basler相机..."
2025/03/27;21:54:38.059;DEBUG;39300;0000000000000000;BaslerControl::openCamera@28;"已经打开第2台Basler相机"
2025/03/27;21:54:38.084;DEBUG;39300;0000000000000000;BaslerControl::openCamera@41;"第2台Basler相机连接成功"
2025/03/27;21:54:43.083;ERROR;39300;0000000000000000;BaslerControl::openCamera@104;"采图失败，退出采图程序。"
2025/03/27;21:54:43.399;DEBUG;39300;0000000000000000;BaslerControl::closeCamera@120;"Basler相机断开连接"
2025/03/27;21:54:43.399;DEBUG;39300;0000000000000000;BaslerControl::openCamera@10;"正在连接Basler相机... ..."
2025/03/27;21:54:43.651;DEBUG;39300;0000000000000000;BaslerControl::openCamera@21;"尝试连接第1台相机..."
2025/03/27;21:54:43.797;DEBUG;39300;0000000000000000;BaslerControl::openCamera@26;"尝试打开第1台Basler相机..."
2025/03/27;21:54:43.919;DEBUG;39300;0000000000000000;BaslerControl::openCamera@28;"已经打开第1台Basler相机"
2025/03/27;21:54:43.943;DEBUG;39300;0000000000000000;BaslerControl::openCamera@41;"第1台Basler相机连接成功"
2025/03/27;21:54:43.943;DEBUG;39300;0000000000000000;BaslerControl::openCamera@21;"尝试连接第2台相机..."
2025/03/27;21:54:44.101;DEBUG;39300;0000000000000000;BaslerControl::openCamera@26;"尝试打开第2台Basler相机..."
2025/03/27;21:54:44.226;DEBUG;39300;0000000000000000;BaslerControl::openCamera@28;"已经打开第2台Basler相机"
2025/03/27;21:54:44.249;DEBUG;39300;0000000000000000;BaslerControl::openCamera@41;"第2台Basler相机连接成功"
2025/03/27;21:54:51.422;ERROR;39300;0000000000000000;BaslerControl::openCamera@104;"采图失败，退出采图程序。"
2025/03/27;21:54:51.422;DEBUG;39300;0000000000000000;BaslerControl::openCamera@10;"正在连接Basler相机... ..."
2025/03/27;21:54:51.674;DEBUG;39300;0000000000000000;BaslerControl::openCamera@21;"尝试连接第1台相机..."
2025/03/27;21:54:51.934;DEBUG;39300;0000000000000000;BaslerControl::openCamera@26;"尝试打开第1台Basler相机..."
2025/03/27;21:54:52.013;DEBUG;39300;0000000000000000;BaslerControl::openCamera@28;"已经打开第1台Basler相机"
2025/03/27;21:54:52.030;DEBUG;39300;0000000000000000;BaslerControl::openCamera@41;"第1台Basler相机连接成功"
2025/03/27;21:54:52.030;DEBUG;39300;0000000000000000;BaslerControl::openCamera@21;"尝试连接第2台相机..."
2025/03/27;21:54:52.238;DEBUG;39300;0000000000000000;BaslerControl::openCamera@26;"尝试打开第2台Basler相机..."
2025/03/27;21:54:52.357;DEBUG;39300;0000000000000000;BaslerControl::openCamera@28;"已经打开第2台Basler相机"
2025/03/27;21:54:52.379;DEBUG;39300;0000000000000000;BaslerControl::openCamera@41;"第2台Basler相机连接成功"
2025/03/27;21:54:52.379;DEBUG;39300;0000000000000000;BaslerControl::openCamera@21;"尝试连接第3台相机..."
2025/03/27;21:54:52.524;DEBUG;39300;0000000000000000;BaslerControl::openCamera@26;"尝试打开第3台Basler相机..."
2025/03/27;21:54:52.661;DEBUG;39300;0000000000000000;BaslerControl::openCamera@28;"已经打开第3台Basler相机"
2025/03/27;21:54:52.685;DEBUG;39300;0000000000000000;BaslerControl::openCamera@41;"第3台Basler相机连接成功"
2025/03/27;21:54:54.292;ERROR;39300;0000000000000000;BaslerControl::openCamera@72;"图片保存成功"
2025/03/27;21:54:54.506;DEBUG;39300;0000000000000000;BaslerControl::closeCamera@120;"Basler相机断开连接"
2025/03/27;21:54:54.506;DEBUG;39300;0000000000000000;BaslerControl::openCamera@10;"正在连接Basler相机... ..."
2025/03/27;21:54:54.758;DEBUG;39300;0000000000000000;BaslerControl::openCamera@21;"尝试连接第1台相机..."
2025/03/27;21:54:54.883;DEBUG;39300;0000000000000000;BaslerControl::openCamera@26;"尝试打开第1台Basler相机..."
2025/03/27;21:54:54.963;DEBUG;39300;0000000000000000;BaslerControl::openCamera@28;"已经打开第1台Basler相机"
2025/03/27;21:54:54.978;DEBUG;39300;0000000000000000;BaslerControl::openCamera@41;"第1台Basler相机连接成功"
2025/03/27;21:54:54.978;DEBUG;39300;0000000000000000;BaslerControl::openCamera@21;"尝试连接第2台相机..."
2025/03/27;21:54:55.123;DEBUG;39300;0000000000000000;BaslerControl::openCamera@26;"尝试打开第2台Basler相机..."
2025/03/27;21:54:55.242;DEBUG;39300;0000000000000000;BaslerControl::openCamera@28;"已经打开第2台Basler相机"
2025/03/27;21:54:55.265;DEBUG;39300;0000000000000000;BaslerControl::openCamera@41;"第2台Basler相机连接成功"
2025/03/27;21:54:55.265;DEBUG;39300;0000000000000000;BaslerControl::openCamera@21;"尝试连接第3台相机..."
2025/03/27;21:54:55.416;DEBUG;39300;0000000000000000;BaslerControl::openCamera@26;"尝试打开第3台Basler相机..."
2025/03/27;21:54:55.540;DEBUG;39300;0000000000000000;BaslerControl::openCamera@28;"已经打开第3台Basler相机"
2025/03/27;21:54:55.562;DEBUG;39300;0000000000000000;BaslerControl::openCamera@41;"第3台Basler相机连接成功"
2025/03/27;21:54:55.562;ERROR;39300;0000000000000000;BaslerControl::openCamera@104;"采图失败，退出采图程序。"
2025/03/27;21:54:59.101;ERROR;39300;0000000000000000;BaslerControl::openCamera@72;"图片保存成功"
2025/03/27;21:55:12.661;ERROR;39300;0000000000000000;BaslerControl::openCamera@72;"图片保存成功"
2025/03/27;21:55:17.387;ERROR;39300;0000000000000000;BaslerControl::openCamera@72;"图片保存成功"
2025/03/27;21:55:26.497;ERROR;39300;0000000000000000;BaslerControl::openCamera@72;"图片保存成功"
2025/03/27;21:56:04.615;ERROR;39300;0000000000000000;BaslerControl::openCamera@96;"图片保存成功"
2025/03/27;21:58:23.593;DEBUG;22504;0000000000000000;BaslerControl::openCamera@10;"正在连接Basler相机... ..."
2025/03/27;21:58:23.862;DEBUG;22504;0000000000000000;BaslerControl::openCamera@21;"尝试连接第1台相机..."
2025/03/27;21:58:24.079;DEBUG;22504;0000000000000000;BaslerControl::openCamera@26;"尝试打开第1台Basler相机..."
2025/03/27;21:58:24.161;DEBUG;22504;0000000000000000;BaslerControl::openCamera@28;"已经打开第1台Basler相机"
2025/03/27;21:58:24.177;DEBUG;22504;0000000000000000;BaslerControl::openCamera@41;"第1台Basler相机连接成功"
2025/03/27;21:58:24.177;DEBUG;22504;0000000000000000;BaslerControl::openCamera@21;"尝试连接第2台相机..."
2025/03/27;21:58:24.333;DEBUG;22504;0000000000000000;BaslerControl::openCamera@26;"尝试打开第2台Basler相机..."
2025/03/27;21:58:24.458;DEBUG;22504;0000000000000000;BaslerControl::openCamera@28;"已经打开第2台Basler相机"
2025/03/27;21:58:24.481;DEBUG;22504;0000000000000000;BaslerControl::openCamera@41;"第2台Basler相机连接成功"
2025/03/27;21:58:24.481;DEBUG;22504;0000000000000000;BaslerControl::openCamera@21;"尝试连接第3台相机..."
2025/03/27;21:58:24.629;DEBUG;22504;0000000000000000;BaslerControl::openCamera@26;"尝试打开第3台Basler相机..."
2025/03/27;21:58:25.268;DEBUG;22504;0000000000000000;BaslerControl::openCamera@28;"已经打开第3台Basler相机"
2025/03/27;21:58:25.291;DEBUG;22504;0000000000000000;BaslerControl::openCamera@41;"第3台Basler相机连接成功"
2025/03/27;21:59:57.809;DEBUG;51544;0000000000000000;BaslerControl::openCamera@10;"正在连接Basler相机... ..."
2025/03/27;21:59:58.078;DEBUG;51544;0000000000000000;BaslerControl::openCamera@21;"尝试连接第1台相机..."
2025/03/27;21:59:58.368;DEBUG;51544;0000000000000000;BaslerControl::openCamera@26;"尝试打开第1台Basler相机..."
2025/03/27;21:59:58.505;DEBUG;51544;0000000000000000;BaslerControl::openCamera@28;"已经打开第1台Basler相机"
2025/03/27;21:59:58.521;DEBUG;51544;0000000000000000;BaslerControl::openCamera@41;"第1台Basler相机连接成功"
2025/03/27;21:59:58.522;DEBUG;51544;0000000000000000;BaslerControl::openCamera@21;"尝试连接第2台相机..."
2025/03/27;21:59:58.669;DEBUG;51544;0000000000000000;BaslerControl::openCamera@26;"尝试打开第2台Basler相机..."
2025/03/27;21:59:58.789;DEBUG;51544;0000000000000000;BaslerControl::openCamera@28;"已经打开第2台Basler相机"
2025/03/27;21:59:58.810;DEBUG;51544;0000000000000000;BaslerControl::openCamera@41;"第2台Basler相机连接成功"
2025/03/27;21:59:58.810;DEBUG;51544;0000000000000000;BaslerControl::openCamera@21;"尝试连接第3台相机..."
2025/03/27;21:59:58.957;DEBUG;51544;0000000000000000;BaslerControl::openCamera@26;"尝试打开第3台Basler相机..."
2025/03/27;21:59:59.078;DEBUG;51544;0000000000000000;BaslerControl::openCamera@28;"已经打开第3台Basler相机"
2025/03/27;21:59:59.101;DEBUG;51544;0000000000000000;BaslerControl::openCamera@41;"第3台Basler相机连接成功"
2025/04/02;12:40:00.110;DEBUG;22492;0000000000000000;BaslerControl::openCamera@23;"正在连接Basler相机... ..."
2025/04/02;12:40:00.463;DEBUG;22492;0000000000000000;BaslerControl::openCamera@34;"尝试连接第1台相机..."
2025/04/02;12:40:00.853;DEBUG;22492;0000000000000000;BaslerControl::openCamera@39;"尝试打开第1台Basler相机..."
2025/04/02;12:40:01.004;DEBUG;22492;0000000000000000;BaslerControl::openCamera@41;"已经打开第1台Basler相机"
2025/04/02;12:40:01.042;DEBUG;22492;0000000000000000;BaslerControl::openCamera@54;"第1台Basler相机连接成功"
2025/04/02;12:42:11.523;DEBUG;52544;0000000000000000;BaslerControl::openCamera@23;"正在连接Basler相机... ..."
2025/04/02;12:42:11.810;DEBUG;52544;0000000000000000;BaslerControl::openCamera@34;"尝试连接第1台相机..."
2025/04/02;12:42:12.191;DEBUG;52544;0000000000000000;BaslerControl::openCamera@39;"尝试打开第1台Basler相机..."
2025/04/02;12:42:12.403;DEBUG;52544;0000000000000000;BaslerControl::openCamera@41;"已经打开第1台Basler相机"
2025/04/02;12:42:12.437;DEBUG;52544;0000000000000000;BaslerControl::openCamera@54;"第1台Basler相机连接成功"
2025/04/02;12:44:54.506;DEBUG;34728;0000000000000000;BaslerControl::openCamera@23;"正在连接Basler相机... ..."
2025/04/02;12:44:54.793;DEBUG;34728;0000000000000000;BaslerControl::openCamera@34;"尝试连接第1台相机..."
2025/04/02;12:44:55.196;DEBUG;34728;0000000000000000;BaslerControl::openCamera@39;"尝试打开第1台Basler相机..."
2025/04/02;12:44:55.345;DEBUG;34728;0000000000000000;BaslerControl::openCamera@41;"已经打开第1台Basler相机"
2025/04/02;12:44:55.379;DEBUG;34728;0000000000000000;BaslerControl::openCamera@54;"第1台Basler相机连接成功"
2025/04/02;12:52:03.614;DEBUG;47768;0000000000000000;BaslerControl::openCamera@23;"正在连接Basler相机... ..."
2025/04/02;12:52:03.901;DEBUG;47768;0000000000000000;BaslerControl::openCamera@34;"尝试连接第1台相机..."
2025/04/02;12:52:04.338;DEBUG;47768;0000000000000000;BaslerControl::openCamera@39;"尝试打开第1台Basler相机..."
2025/04/02;12:52:04.457;DEBUG;47768;0000000000000000;BaslerControl::openCamera@41;"已经打开第1台Basler相机"
2025/04/02;12:52:04.480;DEBUG;47768;0000000000000000;BaslerControl::openCamera@54;"第1台Basler相机连接成功"
2025/04/02;12:52:36.245;DEBUG;31648;0000000000000000;BaslerControl::openCamera@23;"正在连接Basler相机... ..."
2025/04/02;12:52:36.531;DEBUG;31648;0000000000000000;BaslerControl::openCamera@34;"尝试连接第1台相机..."
2025/04/02;12:52:36.806;DEBUG;31648;0000000000000000;BaslerControl::openCamera@39;"尝试打开第1台Basler相机..."
2025/04/02;12:52:36.921;DEBUG;31648;0000000000000000;BaslerControl::openCamera@41;"已经打开第1台Basler相机"
2025/04/02;12:52:36.948;DEBUG;31648;0000000000000000;BaslerControl::openCamera@54;"第1台Basler相机连接成功"
2025/04/02;12:52:58.220;ERROR;31648;0000000000000000;BaslerControl::openCamera@125;"采图失败，退出采图程序。"
2025/04/02;12:55:19.703;DEBUG;39972;0000000000000000;BaslerControl::openCamera@23;"正在连接Basler相机... ..."
2025/04/02;12:55:19.987;DEBUG;39972;0000000000000000;BaslerControl::openCamera@34;"尝试连接第1台相机..."
2025/04/02;12:55:20.348;DEBUG;39972;0000000000000000;BaslerControl::openCamera@39;"尝试打开第1台Basler相机..."
2025/04/02;12:55:20.466;DEBUG;39972;0000000000000000;BaslerControl::openCamera@41;"已经打开第1台Basler相机"
2025/04/02;12:55:20.491;DEBUG;39972;0000000000000000;BaslerControl::openCamera@54;"第1台Basler相机连接成功"
2025/04/02;12:55:20.491;DEBUG;39972;0000000000000000;BaslerControl::openCamera@34;"尝试连接第2台相机..."
2025/04/02;12:55:20.839;DEBUG;39972;0000000000000000;BaslerControl::openCamera@39;"尝试打开第2台Basler相机..."
2025/04/02;12:55:21.115;DEBUG;39972;0000000000000000;BaslerControl::openCamera@41;"已经打开第2台Basler相机"
2025/04/02;12:55:21.175;DEBUG;39972;0000000000000000;BaslerControl::openCamera@54;"第2台Basler相机连接成功"
2025/04/02;12:55:32.015;ERROR;39972;0000000000000000;BaslerControl::openCamera@125;"采图失败，退出采图程序。"
2025/04/02;12:56:42.294;DEBUG;38604;0000000000000000;BaslerControl::openCamera@23;"正在连接Basler相机... ..."
2025/04/02;12:56:42.580;DEBUG;38604;0000000000000000;BaslerControl::openCamera@34;"尝试连接第1台相机..."
2025/04/02;12:56:42.848;DEBUG;38604;0000000000000000;BaslerControl::openCamera@39;"尝试打开第1台Basler相机..."
2025/04/02;12:56:42.967;DEBUG;38604;0000000000000000;BaslerControl::openCamera@41;"已经打开第1台Basler相机"
2025/04/02;12:56:42.991;DEBUG;38604;0000000000000000;BaslerControl::openCamera@54;"第1台Basler相机连接成功"
2025/04/02;12:56:42.991;DEBUG;38604;0000000000000000;BaslerControl::openCamera@34;"尝试连接第2台相机..."
2025/04/02;12:56:43.355;DEBUG;38604;0000000000000000;BaslerControl::openCamera@39;"尝试打开第2台Basler相机..."
2025/04/02;12:56:43.612;DEBUG;38604;0000000000000000;BaslerControl::openCamera@41;"已经打开第2台Basler相机"
2025/04/02;12:56:43.671;DEBUG;38604;0000000000000000;BaslerControl::openCamera@54;"第2台Basler相机连接成功"
2025/04/02;12:58:32.583;DEBUG;28132;0000000000000000;BaslerControl::openCamera@23;"正在连接Basler相机... ..."
2025/04/02;12:58:32.870;DEBUG;28132;0000000000000000;BaslerControl::openCamera@34;"尝试连接第1台相机..."
2025/04/02;12:58:33.234;DEBUG;28132;0000000000000000;BaslerControl::openCamera@39;"尝试打开第1台Basler相机..."
2025/04/02;12:58:33.381;DEBUG;28132;0000000000000000;BaslerControl::openCamera@41;"已经打开第1台Basler相机"
2025/04/02;12:58:33.413;DEBUG;28132;0000000000000000;BaslerControl::openCamera@54;"第1台Basler相机连接成功"
2025/04/02;12:59:53.104;DEBUG;4620;0000000000000000;BaslerControl::openCamera@23;"正在连接Basler相机... ..."
2025/04/02;12:59:53.388;DEBUG;4620;0000000000000000;BaslerControl::openCamera@34;"尝试连接第1台相机..."
2025/04/02;12:59:53.784;DEBUG;4620;0000000000000000;BaslerControl::openCamera@39;"尝试打开第1台Basler相机..."
2025/04/02;12:59:53.957;DEBUG;4620;0000000000000000;BaslerControl::openCamera@41;"已经打开第1台Basler相机"
2025/04/02;12:59:53.988;DEBUG;4620;0000000000000000;BaslerControl::openCamera@54;"第1台Basler相机连接成功"
2025/04/02;13:00:45.075;DEBUG;32792;0000000000000000;BaslerControl::openCamera@23;"正在连接Basler相机... ..."
2025/04/02;13:00:45.355;ERROR;32792;0000000000000000;BaslerControl::openCamera@29;"未找到Basler相机，请检查相机连接情况"
2025/04/02;13:01:23.670;DEBUG;15908;0000000000000000;BaslerControl::openCamera@23;"正在连接Basler相机... ..."
2025/04/02;13:01:23.960;DEBUG;15908;0000000000000000;BaslerControl::openCamera@34;"尝试连接第1台相机..."
2025/04/02;13:01:24.210;DEBUG;15908;0000000000000000;BaslerControl::openCamera@39;"尝试打开第1台Basler相机..."
2025/04/02;13:01:24.844;DEBUG;15908;0000000000000000;BaslerControl::openCamera@41;"已经打开第1台Basler相机"
2025/04/02;13:01:24.873;DEBUG;15908;0000000000000000;BaslerControl::openCamera@54;"第1台Basler相机连接成功"
2025/04/02;13:13:32.213;ERROR;15908;0000000000000000;BaslerControl::openCamera@117;"图片保存成功"
2025/04/02;13:13:34.777;ERROR;15908;0000000000000000;BaslerControl::openCamera@117;"图片保存成功"
2025/04/02;13:13:35.739;ERROR;15908;0000000000000000;BaslerControl::openCamera@117;"图片保存成功"
2025/04/02;13:13:36.700;ERROR;15908;0000000000000000;BaslerControl::openCamera@117;"图片保存成功"
2025/04/03;19:53:21.524;DEBUG;24696;0000000000000000;BaslerControl::openCamera@25;"正在连接Basler相机... ..."
2025/04/03;19:53:21.817;DEBUG;24696;0000000000000000;BaslerControl::openCamera@36;"尝试连接第1台相机..."
2025/04/03;19:53:22.054;DEBUG;24696;0000000000000000;BaslerControl::openCamera@41;"尝试打开第1台Basler相机..."
2025/04/03;19:53:22.150;DEBUG;24696;0000000000000000;BaslerControl::openCamera@43;"已经打开第1台Basler相机"
2025/04/03;19:53:22.176;DEBUG;24696;0000000000000000;BaslerControl::openCamera@56;"第1台Basler相机连接成功"
2025/04/03;19:53:28.737;DEBUG;24696;0000000000000000;BaslerControl::closeCamera@144;"Basler相机断开连接"
2025/04/03;19:53:28.737;ERROR;24696;0000000000000000;BaslerControl::openCamera@127;"采图失败，退出采图程序。"
2025/04/10;09:16:18.867;DEBUG;39400;0000000000000000;BaslerControl::openCamera@25;"正在连接Basler相机... ..."
2025/04/10;09:16:19.199;ERROR;39400;0000000000000000;BaslerControl::openCamera@31;"未找到Basler相机，请检查相机连接情况"
2025/04/10;09:16:28.328;DEBUG;39400;0000000000000000;BaslerControl::openCamera@25;"正在连接Basler相机... ..."
2025/04/10;09:16:28.583;DEBUG;39400;0000000000000000;BaslerControl::openCamera@36;"尝试连接第1台相机..."
2025/04/10;09:16:29.147;DEBUG;39400;0000000000000000;BaslerControl::openCamera@41;"尝试打开第1台Basler相机..."
2025/04/10;09:16:29.289;DEBUG;39400;0000000000000000;BaslerControl::openCamera@43;"已经打开第1台Basler相机"
2025/04/10;09:16:29.321;DEBUG;39400;0000000000000000;BaslerControl::openCamera@56;"第1台Basler相机连接成功"
2025/04/10;09:17:51.079;ERROR;39400;0000000000000000;BaslerControl::openCamera@127;"采图失败，退出采图程序。"
2025/04/10;09:17:51.080;DEBUG;39400;0000000000000000;BaslerControl::openCamera@25;"正在连接Basler相机... ..."
2025/04/10;09:17:51.340;DEBUG;39400;0000000000000000;BaslerControl::openCamera@36;"尝试连接第1台相机..."
2025/04/10;09:17:51.636;DEBUG;39400;0000000000000000;BaslerControl::openCamera@41;"尝试打开第1台Basler相机..."
2025/04/10;09:17:51.750;DEBUG;39400;0000000000000000;BaslerControl::openCamera@43;"已经打开第1台Basler相机"
2025/04/10;09:17:51.775;DEBUG;39400;0000000000000000;BaslerControl::openCamera@56;"第1台Basler相机连接成功"
2025/04/10;09:17:51.775;DEBUG;39400;0000000000000000;BaslerControl::openCamera@36;"尝试连接第2台相机..."
2025/04/10;09:17:51.966;DEBUG;39400;0000000000000000;BaslerControl::openCamera@41;"尝试打开第2台Basler相机..."
2025/04/10;09:17:52.090;DEBUG;39400;0000000000000000;BaslerControl::openCamera@43;"已经打开第2台Basler相机"
2025/04/10;09:17:52.114;DEBUG;39400;0000000000000000;BaslerControl::openCamera@56;"第2台Basler相机连接成功"
2025/04/10;09:18:07.204;DEBUG;42548;0000000000000000;BaslerControl::openCamera@25;"正在连接Basler相机... ..."
2025/04/10;09:18:07.477;DEBUG;42548;0000000000000000;BaslerControl::openCamera@36;"尝试连接第1台相机..."
2025/04/10;09:18:07.807;DEBUG;42548;0000000000000000;BaslerControl::openCamera@41;"尝试打开第1台Basler相机..."
2025/04/10;09:18:08.425;DEBUG;42548;0000000000000000;BaslerControl::openCamera@43;"已经打开第1台Basler相机"
2025/04/10;09:18:08.450;DEBUG;42548;0000000000000000;BaslerControl::openCamera@56;"第1台Basler相机连接成功"
2025/04/10;09:18:08.450;DEBUG;42548;0000000000000000;BaslerControl::openCamera@36;"尝试连接第2台相机..."
2025/04/10;09:18:08.642;DEBUG;42548;0000000000000000;BaslerControl::openCamera@41;"尝试打开第2台Basler相机..."
2025/04/10;09:18:08.759;DEBUG;42548;0000000000000000;BaslerControl::openCamera@43;"已经打开第2台Basler相机"
2025/04/10;09:18:08.785;DEBUG;42548;0000000000000000;BaslerControl::openCamera@56;"第2台Basler相机连接成功"
2025/04/10;09:18:23.025;ERROR;42548;0000000000000000;BaslerControl::openCamera@127;"采图失败，退出采图程序。"
2025/04/10;09:18:46.997;DEBUG;42892;0000000000000000;BaslerControl::openCamera@25;"正在连接Basler相机... ..."
2025/04/10;09:18:47.287;DEBUG;42892;0000000000000000;BaslerControl::openCamera@36;"尝试连接第1台相机..."
2025/04/10;09:18:47.675;DEBUG;42892;0000000000000000;BaslerControl::openCamera@41;"尝试打开第1台Basler相机..."
2025/04/10;09:18:48.344;DEBUG;42892;0000000000000000;BaslerControl::openCamera@43;"已经打开第1台Basler相机"
2025/04/10;09:18:48.372;DEBUG;42892;0000000000000000;BaslerControl::openCamera@56;"第1台Basler相机连接成功"
2025/04/10;09:18:48.372;DEBUG;42892;0000000000000000;BaslerControl::openCamera@36;"尝试连接第2台相机..."
2025/04/10;09:18:48.552;DEBUG;42892;0000000000000000;BaslerControl::openCamera@41;"尝试打开第2台Basler相机..."
2025/04/10;09:18:48.668;DEBUG;42892;0000000000000000;BaslerControl::openCamera@43;"已经打开第2台Basler相机"
2025/04/10;09:18:48.693;DEBUG;42892;0000000000000000;BaslerControl::openCamera@56;"第2台Basler相机连接成功"
2025/04/10;09:19:58.726;DEBUG;40192;0000000000000000;BaslerControl::openCamera@25;"正在连接Basler相机... ..."
2025/04/10;09:19:59.011;DEBUG;40192;0000000000000000;BaslerControl::openCamera@36;"尝试连接第1台相机..."
2025/04/10;09:19:59.293;DEBUG;40192;0000000000000000;BaslerControl::openCamera@41;"尝试打开第1台Basler相机..."
2025/04/10;09:19:59.402;DEBUG;40192;0000000000000000;BaslerControl::openCamera@43;"已经打开第1台Basler相机"
2025/04/10;09:19:59.423;DEBUG;40192;0000000000000000;BaslerControl::openCamera@56;"第1台Basler相机连接成功"
2025/04/10;09:19:59.423;DEBUG;40192;0000000000000000;BaslerControl::openCamera@36;"尝试连接第2台相机..."
2025/04/10;09:19:59.598;DEBUG;40192;0000000000000000;BaslerControl::openCamera@41;"尝试打开第2台Basler相机..."
2025/04/10;09:19:59.718;DEBUG;40192;0000000000000000;BaslerControl::openCamera@43;"已经打开第2台Basler相机"
2025/04/10;09:19:59.743;DEBUG;40192;0000000000000000;BaslerControl::openCamera@56;"第2台Basler相机连接成功"
2025/04/10;09:20:12.546;ERROR;40192;0000000000000000;BaslerControl::openCamera@127;"采图失败，退出采图程序。"
2025/04/10;09:20:31.800;DEBUG;9332;0000000000000000;BaslerControl::openCamera@25;"正在连接Basler相机... ..."
2025/04/10;09:20:32.169;DEBUG;9332;0000000000000000;BaslerControl::openCamera@36;"尝试连接第1台相机..."
2025/04/10;09:20:32.695;DEBUG;9332;0000000000000000;BaslerControl::openCamera@41;"尝试打开第1台Basler相机..."
2025/04/10;09:20:33.599;DEBUG;9332;0000000000000000;BaslerControl::openCamera@43;"已经打开第1台Basler相机"
2025/04/10;09:20:33.660;DEBUG;9332;0000000000000000;BaslerControl::openCamera@56;"第1台Basler相机连接成功"
2025/04/10;09:20:33.660;DEBUG;9332;0000000000000000;BaslerControl::openCamera@36;"尝试连接第2台相机..."
2025/04/10;09:20:33.907;DEBUG;9332;0000000000000000;BaslerControl::openCamera@41;"尝试打开第2台Basler相机..."
2025/04/10;09:20:34.384;DEBUG;9332;0000000000000000;BaslerControl::openCamera@43;"已经打开第2台Basler相机"
2025/04/10;09:20:34.454;DEBUG;9332;0000000000000000;BaslerControl::openCamera@56;"第2台Basler相机连接成功"
2025/04/10;09:22:26.232;DEBUG;36496;0000000000000000;BaslerControl::openCamera@25;"正在连接Basler相机... ..."
2025/04/10;09:22:26.517;DEBUG;36496;0000000000000000;BaslerControl::openCamera@36;"尝试连接第1台相机..."
2025/04/10;09:22:26.713;DEBUG;36496;0000000000000000;BaslerControl::openCamera@41;"尝试打开第1台Basler相机..."
2025/04/10;09:22:26.714;ERROR;36496;0000000000000000;BaslerControl::openCamera@46;"Basler相机连接失败，可能存在其它程序正在使用相机"
2025/04/10;09:22:29.235;DEBUG;36496;0000000000000000;BaslerControl::closeCamera@144;"Basler相机断开连接"
2025/04/10;09:22:31.165;DEBUG;36496;0000000000000000;BaslerControl::openCamera@25;"正在连接Basler相机... ..."
2025/04/10;09:22:31.458;DEBUG;36496;0000000000000000;BaslerControl::openCamera@36;"尝试连接第1台相机..."
2025/04/10;09:22:31.649;DEBUG;36496;0000000000000000;BaslerControl::openCamera@41;"尝试打开第1台Basler相机..."
2025/04/10;09:22:31.650;ERROR;36496;0000000000000000;BaslerControl::openCamera@46;"Basler相机连接失败，可能存在其它程序正在使用相机"
2025/04/10;09:22:32.460;DEBUG;36496;0000000000000000;BaslerControl::openCamera@25;"正在连接Basler相机... ..."
2025/04/10;09:22:32.712;DEBUG;36496;0000000000000000;BaslerControl::openCamera@36;"尝试连接第1台相机..."
2025/04/10;09:22:32.917;DEBUG;36496;0000000000000000;BaslerControl::openCamera@41;"尝试打开第1台Basler相机..."
2025/04/10;09:22:32.919;ERROR;36496;0000000000000000;BaslerControl::openCamera@46;"Basler相机连接失败，可能存在其它程序正在使用相机"
2025/04/10;09:22:33.467;DEBUG;36496;0000000000000000;BaslerControl::openCamera@25;"正在连接Basler相机... ..."
2025/04/10;09:22:33.721;DEBUG;36496;0000000000000000;BaslerControl::openCamera@36;"尝试连接第1台相机..."
2025/04/10;09:22:33.933;DEBUG;36496;0000000000000000;BaslerControl::openCamera@41;"尝试打开第1台Basler相机..."
2025/04/10;09:22:33.934;ERROR;36496;0000000000000000;BaslerControl::openCamera@46;"Basler相机连接失败，可能存在其它程序正在使用相机"
2025/04/10;09:22:34.425;DEBUG;36496;0000000000000000;BaslerControl::openCamera@25;"正在连接Basler相机... ..."
2025/04/10;09:22:34.690;DEBUG;36496;0000000000000000;BaslerControl::openCamera@36;"尝试连接第1台相机..."
2025/04/10;09:22:34.898;DEBUG;36496;0000000000000000;BaslerControl::openCamera@41;"尝试打开第1台Basler相机..."
2025/04/10;09:22:34.900;ERROR;36496;0000000000000000;BaslerControl::openCamera@46;"Basler相机连接失败，可能存在其它程序正在使用相机"
2025/04/10;09:22:51.597;DEBUG;15364;0000000000000000;BaslerControl::openCamera@25;"正在连接Basler相机... ..."
2025/04/10;09:22:51.935;DEBUG;15364;0000000000000000;BaslerControl::openCamera@36;"尝试连接第1台相机..."
2025/04/10;09:22:52.340;DEBUG;15364;0000000000000000;BaslerControl::openCamera@41;"尝试打开第1台Basler相机..."
2025/04/10;09:22:52.386;ERROR;15364;0000000000000000;BaslerControl::openCamera@46;"Basler相机连接失败，可能存在其它程序正在使用相机"
2025/04/10;09:22:55.188;DEBUG;15364;0000000000000000;BaslerControl::openCamera@25;"正在连接Basler相机... ..."
2025/04/10;09:22:55.453;DEBUG;15364;0000000000000000;BaslerControl::openCamera@36;"尝试连接第1台相机..."
2025/04/10;09:22:55.957;DEBUG;15364;0000000000000000;BaslerControl::openCamera@41;"尝试打开第1台Basler相机..."
2025/04/10;09:22:55.964;ERROR;15364;0000000000000000;BaslerControl::openCamera@46;"Basler相机连接失败，可能存在其它程序正在使用相机"
2025/04/10;09:23:02.406;DEBUG;15364;0000000000000000;BaslerControl::openCamera@25;"正在连接Basler相机... ..."
2025/04/10;09:23:02.672;DEBUG;15364;0000000000000000;BaslerControl::openCamera@36;"尝试连接第1台相机..."
2025/04/10;09:23:04.092;DEBUG;15364;0000000000000000;BaslerControl::openCamera@41;"尝试打开第1台Basler相机..."
2025/04/10;09:23:04.099;ERROR;15364;0000000000000000;BaslerControl::openCamera@46;"Basler相机连接失败，可能存在其它程序正在使用相机"
2025/04/10;09:23:04.099;DEBUG;15364;0000000000000000;BaslerControl::closeCamera@144;"Basler相机断开连接"
2025/04/10;09:23:23.419;DEBUG;43876;0000000000000000;BaslerControl::openCamera@25;"正在连接Basler相机... ..."
2025/04/10;09:23:23.705;DEBUG;43876;0000000000000000;BaslerControl::openCamera@36;"尝试连接第1台相机..."
2025/04/10;09:23:23.899;DEBUG;43876;0000000000000000;BaslerControl::openCamera@41;"尝试打开第1台Basler相机..."
2025/04/10;09:23:23.900;ERROR;43876;0000000000000000;BaslerControl::openCamera@46;"Basler相机连接失败，可能存在其它程序正在使用相机"
2025/04/10;09:23:26.580;DEBUG;43876;0000000000000000;BaslerControl::openCamera@25;"正在连接Basler相机... ..."
2025/04/10;09:23:26.837;DEBUG;43876;0000000000000000;BaslerControl::openCamera@36;"尝试连接第1台相机..."
2025/04/10;09:23:27.035;DEBUG;43876;0000000000000000;BaslerControl::openCamera@41;"尝试打开第1台Basler相机..."
2025/04/10;09:23:27.037;ERROR;43876;0000000000000000;BaslerControl::openCamera@46;"Basler相机连接失败，可能存在其它程序正在使用相机"
2025/04/10;09:23:27.553;DEBUG;43876;0000000000000000;BaslerControl::openCamera@25;"正在连接Basler相机... ..."
2025/04/10;09:23:27.805;DEBUG;43876;0000000000000000;BaslerControl::openCamera@36;"尝试连接第1台相机..."
2025/04/10;09:23:28.010;DEBUG;43876;0000000000000000;BaslerControl::openCamera@41;"尝试打开第1台Basler相机..."
2025/04/10;09:23:28.011;ERROR;43876;0000000000000000;BaslerControl::openCamera@46;"Basler相机连接失败，可能存在其它程序正在使用相机"
2025/04/10;09:23:28.617;DEBUG;43876;0000000000000000;BaslerControl::openCamera@25;"正在连接Basler相机... ..."
2025/04/10;09:23:28.884;DEBUG;43876;0000000000000000;BaslerControl::openCamera@36;"尝试连接第1台相机..."
2025/04/10;09:23:29.088;DEBUG;43876;0000000000000000;BaslerControl::openCamera@41;"尝试打开第1台Basler相机..."
2025/04/10;09:23:29.090;ERROR;43876;0000000000000000;BaslerControl::openCamera@46;"Basler相机连接失败，可能存在其它程序正在使用相机"
2025/04/10;09:23:29.655;DEBUG;43876;0000000000000000;BaslerControl::openCamera@25;"正在连接Basler相机... ..."
2025/04/10;09:23:29.917;DEBUG;43876;0000000000000000;BaslerControl::openCamera@36;"尝试连接第1台相机..."
2025/04/10;09:23:30.114;DEBUG;43876;0000000000000000;BaslerControl::openCamera@41;"尝试打开第1台Basler相机..."
2025/04/10;09:23:30.116;ERROR;43876;0000000000000000;BaslerControl::openCamera@46;"Basler相机连接失败，可能存在其它程序正在使用相机"
2025/04/10;09:23:30.565;DEBUG;43876;0000000000000000;BaslerControl::openCamera@25;"正在连接Basler相机... ..."
2025/04/10;09:23:30.823;DEBUG;43876;0000000000000000;BaslerControl::openCamera@36;"尝试连接第1台相机..."
2025/04/10;09:23:31.030;DEBUG;43876;0000000000000000;BaslerControl::openCamera@41;"尝试打开第1台Basler相机..."
2025/04/10;09:23:31.032;ERROR;43876;0000000000000000;BaslerControl::openCamera@46;"Basler相机连接失败，可能存在其它程序正在使用相机"
2025/04/10;09:23:31.446;DEBUG;43876;0000000000000000;BaslerControl::openCamera@25;"正在连接Basler相机... ..."
2025/04/10;09:23:31.701;DEBUG;43876;0000000000000000;BaslerControl::openCamera@36;"尝试连接第1台相机..."
2025/04/10;09:23:31.903;DEBUG;43876;0000000000000000;BaslerControl::openCamera@41;"尝试打开第1台Basler相机..."
2025/04/10;09:23:31.905;ERROR;43876;0000000000000000;BaslerControl::openCamera@46;"Basler相机连接失败，可能存在其它程序正在使用相机"
2025/04/10;09:23:32.234;DEBUG;43876;0000000000000000;BaslerControl::openCamera@25;"正在连接Basler相机... ..."
2025/04/10;09:23:32.498;DEBUG;43876;0000000000000000;BaslerControl::openCamera@36;"尝试连接第1台相机..."
2025/04/10;09:23:32.707;DEBUG;43876;0000000000000000;BaslerControl::openCamera@41;"尝试打开第1台Basler相机..."
2025/04/10;09:23:32.709;ERROR;43876;0000000000000000;BaslerControl::openCamera@46;"Basler相机连接失败，可能存在其它程序正在使用相机"
2025/04/10;09:24:08.926;DEBUG;43876;0000000000000000;BaslerControl::openCamera@25;"正在连接Basler相机... ..."
2025/04/10;09:24:09.190;DEBUG;43876;0000000000000000;BaslerControl::openCamera@36;"尝试连接第1台相机..."
2025/04/10;09:24:09.409;DEBUG;43876;0000000000000000;BaslerControl::openCamera@41;"尝试打开第1台Basler相机..."
2025/04/10;09:24:09.411;ERROR;43876;0000000000000000;BaslerControl::openCamera@46;"Basler相机连接失败，可能存在其它程序正在使用相机"
2025/04/10;09:24:10.092;DEBUG;43876;0000000000000000;BaslerControl::openCamera@25;"正在连接Basler相机... ..."
2025/04/10;09:24:10.350;DEBUG;43876;0000000000000000;BaslerControl::openCamera@36;"尝试连接第1台相机..."
2025/04/10;09:24:10.563;DEBUG;43876;0000000000000000;BaslerControl::openCamera@41;"尝试打开第1台Basler相机..."
2025/04/10;09:24:10.565;ERROR;43876;0000000000000000;BaslerControl::openCamera@46;"Basler相机连接失败，可能存在其它程序正在使用相机"
2025/04/10;09:24:11.657;DEBUG;43876;0000000000000000;BaslerControl::openCamera@25;"正在连接Basler相机... ..."
2025/04/10;09:24:11.914;DEBUG;43876;0000000000000000;BaslerControl::openCamera@36;"尝试连接第1台相机..."
2025/04/10;09:24:12.115;DEBUG;43876;0000000000000000;BaslerControl::openCamera@41;"尝试打开第1台Basler相机..."
2025/04/10;09:24:12.117;ERROR;43876;0000000000000000;BaslerControl::openCamera@46;"Basler相机连接失败，可能存在其它程序正在使用相机"
2025/04/10;09:24:12.577;DEBUG;43876;0000000000000000;BaslerControl::openCamera@25;"正在连接Basler相机... ..."
2025/04/10;09:24:12.829;DEBUG;43876;0000000000000000;BaslerControl::openCamera@36;"尝试连接第1台相机..."
2025/04/10;09:24:13.267;DEBUG;43876;0000000000000000;BaslerControl::openCamera@41;"尝试打开第1台Basler相机..."
2025/04/10;09:24:13.269;ERROR;43876;0000000000000000;BaslerControl::openCamera@46;"Basler相机连接失败，可能存在其它程序正在使用相机"
2025/04/10;09:24:13.799;DEBUG;43876;0000000000000000;BaslerControl::openCamera@25;"正在连接Basler相机... ..."
2025/04/10;09:24:14.053;DEBUG;43876;0000000000000000;BaslerControl::openCamera@36;"尝试连接第1台相机..."
2025/04/10;09:24:14.245;DEBUG;43876;0000000000000000;BaslerControl::openCamera@41;"尝试打开第1台Basler相机..."
2025/04/10;09:24:14.247;ERROR;43876;0000000000000000;BaslerControl::openCamera@46;"Basler相机连接失败，可能存在其它程序正在使用相机"
2025/04/10;09:24:14.677;DEBUG;43876;0000000000000000;BaslerControl::openCamera@25;"正在连接Basler相机... ..."
2025/04/10;09:24:14.932;DEBUG;43876;0000000000000000;BaslerControl::openCamera@36;"尝试连接第1台相机..."
2025/04/10;09:24:15.133;DEBUG;43876;0000000000000000;BaslerControl::openCamera@41;"尝试打开第1台Basler相机..."
2025/04/10;09:24:15.135;ERROR;43876;0000000000000000;BaslerControl::openCamera@46;"Basler相机连接失败，可能存在其它程序正在使用相机"
2025/04/10;09:24:15.307;DEBUG;43876;0000000000000000;BaslerControl::openCamera@25;"正在连接Basler相机... ..."
2025/04/10;09:24:15.558;DEBUG;43876;0000000000000000;BaslerControl::openCamera@36;"尝试连接第1台相机..."
2025/04/10;09:24:15.743;DEBUG;43876;0000000000000000;BaslerControl::openCamera@41;"尝试打开第1台Basler相机..."
2025/04/10;09:24:15.745;ERROR;43876;0000000000000000;BaslerControl::openCamera@46;"Basler相机连接失败，可能存在其它程序正在使用相机"
2025/04/10;09:24:15.746;DEBUG;43876;0000000000000000;BaslerControl::openCamera@25;"正在连接Basler相机... ..."
2025/04/10;09:24:15.998;DEBUG;43876;0000000000000000;BaslerControl::openCamera@36;"尝试连接第1台相机..."
2025/04/10;09:24:16.204;DEBUG;43876;0000000000000000;BaslerControl::openCamera@41;"尝试打开第1台Basler相机..."
2025/04/10;09:24:16.206;ERROR;43876;0000000000000000;BaslerControl::openCamera@46;"Basler相机连接失败，可能存在其它程序正在使用相机"
2025/04/10;09:24:16.207;DEBUG;43876;0000000000000000;BaslerControl::openCamera@25;"正在连接Basler相机... ..."
2025/04/10;09:24:16.458;DEBUG;43876;0000000000000000;BaslerControl::openCamera@36;"尝试连接第1台相机..."
2025/04/10;09:24:16.650;DEBUG;43876;0000000000000000;BaslerControl::openCamera@41;"尝试打开第1台Basler相机..."
2025/04/10;09:24:16.651;ERROR;43876;0000000000000000;BaslerControl::openCamera@46;"Basler相机连接失败，可能存在其它程序正在使用相机"
2025/04/10;09:24:16.651;DEBUG;43876;0000000000000000;BaslerControl::openCamera@25;"正在连接Basler相机... ..."
2025/04/10;09:24:16.903;DEBUG;43876;0000000000000000;BaslerControl::openCamera@36;"尝试连接第1台相机..."
2025/04/10;09:24:17.102;DEBUG;43876;0000000000000000;BaslerControl::openCamera@41;"尝试打开第1台Basler相机..."
2025/04/10;09:24:17.105;ERROR;43876;0000000000000000;BaslerControl::openCamera@46;"Basler相机连接失败，可能存在其它程序正在使用相机"
2025/04/10;09:24:17.105;DEBUG;43876;0000000000000000;BaslerControl::openCamera@25;"正在连接Basler相机... ..."
2025/04/10;09:24:17.363;DEBUG;43876;0000000000000000;BaslerControl::openCamera@36;"尝试连接第1台相机..."
2025/04/10;09:24:17.568;DEBUG;43876;0000000000000000;BaslerControl::openCamera@41;"尝试打开第1台Basler相机..."
2025/04/10;09:24:17.570;ERROR;43876;0000000000000000;BaslerControl::openCamera@46;"Basler相机连接失败，可能存在其它程序正在使用相机"
2025/04/10;09:24:17.571;DEBUG;43876;0000000000000000;BaslerControl::openCamera@25;"正在连接Basler相机... ..."
2025/04/10;09:24:17.825;DEBUG;43876;0000000000000000;BaslerControl::openCamera@36;"尝试连接第1台相机..."
2025/04/10;09:24:18.031;DEBUG;43876;0000000000000000;BaslerControl::openCamera@41;"尝试打开第1台Basler相机..."
2025/04/10;09:24:18.033;ERROR;43876;0000000000000000;BaslerControl::openCamera@46;"Basler相机连接失败，可能存在其它程序正在使用相机"
2025/04/10;09:24:18.033;DEBUG;43876;0000000000000000;BaslerControl::openCamera@25;"正在连接Basler相机... ..."
2025/04/10;09:24:18.287;DEBUG;43876;0000000000000000;BaslerControl::openCamera@36;"尝试连接第1台相机..."
2025/04/10;09:24:18.457;DEBUG;43876;0000000000000000;BaslerControl::openCamera@41;"尝试打开第1台Basler相机..."
2025/04/10;09:24:18.459;ERROR;43876;0000000000000000;BaslerControl::openCamera@46;"Basler相机连接失败，可能存在其它程序正在使用相机"
2025/04/10;09:24:18.459;DEBUG;43876;0000000000000000;BaslerControl::openCamera@25;"正在连接Basler相机... ..."
2025/04/10;09:24:18.718;DEBUG;43876;0000000000000000;BaslerControl::openCamera@36;"尝试连接第1台相机..."
2025/04/10;09:24:18.888;DEBUG;43876;0000000000000000;BaslerControl::openCamera@41;"尝试打开第1台Basler相机..."
2025/04/10;09:24:18.889;ERROR;43876;0000000000000000;BaslerControl::openCamera@46;"Basler相机连接失败，可能存在其它程序正在使用相机"
2025/04/10;09:24:18.889;DEBUG;43876;0000000000000000;BaslerControl::openCamera@25;"正在连接Basler相机... ..."
2025/04/10;09:24:19.147;DEBUG;43876;0000000000000000;BaslerControl::openCamera@36;"尝试连接第1台相机..."
2025/04/10;09:24:19.318;DEBUG;43876;0000000000000000;BaslerControl::openCamera@41;"尝试打开第1台Basler相机..."
2025/04/10;09:24:19.320;ERROR;43876;0000000000000000;BaslerControl::openCamera@46;"Basler相机连接失败，可能存在其它程序正在使用相机"
2025/04/10;09:24:19.320;DEBUG;43876;0000000000000000;BaslerControl::openCamera@25;"正在连接Basler相机... ..."
2025/04/10;09:24:19.578;DEBUG;43876;0000000000000000;BaslerControl::openCamera@36;"尝试连接第1台相机..."
2025/04/10;09:24:19.739;DEBUG;43876;0000000000000000;BaslerControl::openCamera@41;"尝试打开第1台Basler相机..."
2025/04/10;09:24:19.740;ERROR;43876;0000000000000000;BaslerControl::openCamera@46;"Basler相机连接失败，可能存在其它程序正在使用相机"
2025/04/10;09:24:20.994;DEBUG;43876;0000000000000000;BaslerControl::closeCamera@144;"Basler相机断开连接"
2025/04/10;09:24:21.610;DEBUG;43876;0000000000000000;BaslerControl::closeCamera@144;"Basler相机断开连接"
2025/04/10;09:24:21.807;DEBUG;43876;0000000000000000;BaslerControl::closeCamera@144;"Basler相机断开连接"
2025/04/10;09:24:21.983;DEBUG;43876;0000000000000000;BaslerControl::closeCamera@144;"Basler相机断开连接"
2025/04/10;09:24:22.143;DEBUG;43876;0000000000000000;BaslerControl::closeCamera@144;"Basler相机断开连接"
2025/04/10;09:24:22.304;DEBUG;43876;0000000000000000;BaslerControl::closeCamera@144;"Basler相机断开连接"
2025/04/10;09:25:03.690;DEBUG;4968;0000000000000000;BaslerControl::openCamera@25;"正在连接Basler相机... ..."
2025/04/10;09:25:03.958;DEBUG;4968;0000000000000000;BaslerControl::openCamera@36;"尝试连接第1台相机..."
2025/04/10;09:25:04.116;DEBUG;4968;0000000000000000;BaslerControl::openCamera@41;"尝试打开第1台Basler相机..."
2025/04/10;09:25:04.118;ERROR;4968;0000000000000000;BaslerControl::openCamera@46;"Basler相机连接失败，可能存在其它程序正在使用相机"
2025/04/10;09:25:06.393;DEBUG;4968;0000000000000000;BaslerControl::openCamera@25;"正在连接Basler相机... ..."
2025/04/10;09:25:06.645;DEBUG;4968;0000000000000000;BaslerControl::openCamera@36;"尝试连接第1台相机..."
2025/04/10;09:25:06.820;DEBUG;4968;0000000000000000;BaslerControl::openCamera@41;"尝试打开第1台Basler相机..."
2025/04/10;09:25:06.821;ERROR;4968;0000000000000000;BaslerControl::openCamera@46;"Basler相机连接失败，可能存在其它程序正在使用相机"
2025/04/10;09:25:07.644;DEBUG;4968;0000000000000000;BaslerControl::openCamera@25;"正在连接Basler相机... ..."
2025/04/10;09:25:07.905;DEBUG;4968;0000000000000000;BaslerControl::openCamera@36;"尝试连接第1台相机..."
2025/04/10;09:25:08.097;DEBUG;4968;0000000000000000;BaslerControl::openCamera@41;"尝试打开第1台Basler相机..."
2025/04/10;09:25:08.098;ERROR;4968;0000000000000000;BaslerControl::openCamera@46;"Basler相机连接失败，可能存在其它程序正在使用相机"
2025/04/10;09:25:09.553;DEBUG;4968;0000000000000000;BaslerControl::openCamera@25;"正在连接Basler相机... ..."
2025/04/10;09:25:09.819;DEBUG;4968;0000000000000000;BaslerControl::openCamera@36;"尝试连接第1台相机..."
2025/04/10;09:25:10.014;DEBUG;4968;0000000000000000;BaslerControl::openCamera@41;"尝试打开第1台Basler相机..."
2025/04/10;09:25:10.016;ERROR;4968;0000000000000000;BaslerControl::openCamera@46;"Basler相机连接失败，可能存在其它程序正在使用相机"
2025/04/10;09:25:10.352;DEBUG;4968;0000000000000000;BaslerControl::openCamera@25;"正在连接Basler相机... ..."
2025/04/10;09:25:10.605;DEBUG;4968;0000000000000000;BaslerControl::openCamera@36;"尝试连接第1台相机..."
2025/04/10;09:25:10.816;DEBUG;4968;0000000000000000;BaslerControl::openCamera@41;"尝试打开第1台Basler相机..."
2025/04/10;09:25:10.818;ERROR;4968;0000000000000000;BaslerControl::openCamera@46;"Basler相机连接失败，可能存在其它程序正在使用相机"
2025/04/10;09:25:11.206;DEBUG;4968;0000000000000000;BaslerControl::openCamera@25;"正在连接Basler相机... ..."
2025/04/10;09:25:11.457;DEBUG;4968;0000000000000000;BaslerControl::openCamera@36;"尝试连接第1台相机..."
2025/04/10;09:25:11.644;DEBUG;4968;0000000000000000;BaslerControl::openCamera@41;"尝试打开第1台Basler相机..."
2025/04/10;09:25:11.645;ERROR;4968;0000000000000000;BaslerControl::openCamera@46;"Basler相机连接失败，可能存在其它程序正在使用相机"
2025/04/10;09:25:12.006;DEBUG;4968;0000000000000000;BaslerControl::openCamera@25;"正在连接Basler相机... ..."
2025/04/10;09:25:12.259;DEBUG;4968;0000000000000000;BaslerControl::openCamera@36;"尝试连接第1台相机..."
2025/04/10;09:25:12.461;DEBUG;4968;0000000000000000;BaslerControl::openCamera@41;"尝试打开第1台Basler相机..."
2025/04/10;09:25:12.463;ERROR;4968;0000000000000000;BaslerControl::openCamera@46;"Basler相机连接失败，可能存在其它程序正在使用相机"
2025/04/10;09:25:12.684;DEBUG;4968;0000000000000000;BaslerControl::openCamera@25;"正在连接Basler相机... ..."
2025/04/10;09:25:12.951;DEBUG;4968;0000000000000000;BaslerControl::openCamera@36;"尝试连接第1台相机..."
2025/04/10;09:25:13.137;DEBUG;4968;0000000000000000;BaslerControl::openCamera@41;"尝试打开第1台Basler相机..."
2025/04/10;09:25:13.139;ERROR;4968;0000000000000000;BaslerControl::openCamera@46;"Basler相机连接失败，可能存在其它程序正在使用相机"
2025/04/10;09:25:33.591;DEBUG;4968;0000000000000000;BaslerControl::openCamera@25;"正在连接Basler相机... ..."
2025/04/10;09:25:33.844;ERROR;4968;0000000000000000;BaslerControl::openCamera@31;"未找到Basler相机，请检查相机连接情况"
2025/04/10;09:25:34.500;DEBUG;4968;0000000000000000;BaslerControl::openCamera@25;"正在连接Basler相机... ..."
2025/04/10;09:25:34.759;ERROR;4968;0000000000000000;BaslerControl::openCamera@31;"未找到Basler相机，请检查相机连接情况"
2025/04/10;09:25:35.210;DEBUG;4968;0000000000000000;BaslerControl::openCamera@25;"正在连接Basler相机... ..."
2025/04/10;09:25:35.470;ERROR;4968;0000000000000000;BaslerControl::openCamera@31;"未找到Basler相机，请检查相机连接情况"
2025/04/10;09:25:35.745;DEBUG;4968;0000000000000000;BaslerControl::openCamera@25;"正在连接Basler相机... ..."
2025/04/10;09:25:36.006;ERROR;4968;0000000000000000;BaslerControl::openCamera@31;"未找到Basler相机，请检查相机连接情况"
2025/04/10;09:25:36.079;DEBUG;4968;0000000000000000;BaslerControl::openCamera@25;"正在连接Basler相机... ..."
2025/04/10;09:25:36.330;ERROR;4968;0000000000000000;BaslerControl::openCamera@31;"未找到Basler相机，请检查相机连接情况"
2025/04/10;09:25:36.330;DEBUG;4968;0000000000000000;BaslerControl::openCamera@25;"正在连接Basler相机... ..."
2025/04/10;09:25:36.595;ERROR;4968;0000000000000000;BaslerControl::openCamera@31;"未找到Basler相机，请检查相机连接情况"
2025/04/10;09:26:52.584;DEBUG;25948;0000000000000000;BaslerControl::openCamera@25;"正在连接Basler相机... ..."
2025/04/10;09:26:52.877;ERROR;25948;0000000000000000;BaslerControl::openCamera@31;"未找到Basler相机，请检查相机连接情况"
2025/04/10;09:26:56.776;DEBUG;25948;0000000000000000;BaslerControl::openCamera@25;"正在连接Basler相机... ..."
2025/04/10;09:26:57.038;DEBUG;25948;0000000000000000;BaslerControl::openCamera@36;"尝试连接第1台相机..."
2025/04/10;09:26:57.284;DEBUG;25948;0000000000000000;BaslerControl::openCamera@41;"尝试打开第1台Basler相机..."
2025/04/10;09:26:57.426;DEBUG;25948;0000000000000000;BaslerControl::openCamera@43;"已经打开第1台Basler相机"
2025/04/10;09:26:57.458;DEBUG;25948;0000000000000000;BaslerControl::openCamera@56;"第1台Basler相机连接成功"
2025/04/10;09:27:13.730;DEBUG;25948;0000000000000000;BaslerControl::openCamera@25;"正在连接Basler相机... ..."
2025/04/10;09:27:13.983;DEBUG;25948;0000000000000000;BaslerControl::openCamera@36;"尝试连接第1台相机..."
2025/04/10;09:27:14.258;DEBUG;25948;0000000000000000;BaslerControl::openCamera@41;"尝试打开第1台Basler相机..."
2025/04/10;09:27:14.887;DEBUG;25948;0000000000000000;BaslerControl::openCamera@43;"已经打开第1台Basler相机"
2025/04/10;09:27:14.916;DEBUG;25948;0000000000000000;BaslerControl::openCamera@56;"第1台Basler相机连接成功"
2025/04/10;09:27:14.916;DEBUG;25948;0000000000000000;BaslerControl::openCamera@36;"尝试连接第2台相机..."
2025/04/10;09:27:15.104;DEBUG;25948;0000000000000000;BaslerControl::openCamera@41;"尝试打开第2台Basler相机..."
2025/04/10;09:27:15.227;DEBUG;25948;0000000000000000;BaslerControl::openCamera@43;"已经打开第2台Basler相机"
2025/04/10;09:27:15.252;DEBUG;25948;0000000000000000;BaslerControl::openCamera@56;"第2台Basler相机连接成功"
2025/04/10;09:27:15.254;ERROR;25948;0000000000000000;BaslerControl::openCamera@127;"采图失败，退出采图程序。"
2025/04/10;09:27:19.979;DEBUG;25948;0000000000000000;BaslerControl::openCamera@25;"正在连接Basler相机... ..."
2025/04/10;09:27:20.231;DEBUG;25948;0000000000000000;BaslerControl::openCamera@36;"尝试连接第1台相机..."
2025/04/10;09:27:20.610;DEBUG;25948;0000000000000000;BaslerControl::openCamera@41;"尝试打开第1台Basler相机..."
2025/04/10;09:27:20.738;DEBUG;25948;0000000000000000;BaslerControl::openCamera@43;"已经打开第1台Basler相机"
2025/04/10;09:27:20.766;DEBUG;25948;0000000000000000;BaslerControl::openCamera@56;"第1台Basler相机连接成功"
2025/04/10;09:27:20.766;DEBUG;25948;0000000000000000;BaslerControl::openCamera@36;"尝试连接第2台相机..."
2025/04/10;09:27:21.100;DEBUG;25948;0000000000000000;BaslerControl::openCamera@41;"尝试打开第2台Basler相机..."
2025/04/10;09:27:21.229;DEBUG;25948;0000000000000000;BaslerControl::openCamera@43;"已经打开第2台Basler相机"
2025/04/10;09:27:21.254;DEBUG;25948;0000000000000000;BaslerControl::openCamera@56;"第2台Basler相机连接成功"
2025/04/10;09:27:21.257;ERROR;25948;0000000000000000;BaslerControl::openCamera@127;"采图失败，退出采图程序。"
2025/04/10;09:27:32.301;DEBUG;25948;0000000000000000;BaslerControl::closeCamera@144;"Basler相机断开连接"
2025/04/10;09:27:32.302;ERROR;25948;0000000000000000;BaslerControl::openCamera@127;"采图失败，退出采图程序。"
2025/04/10;09:27:41.904;DEBUG;33416;0000000000000000;BaslerControl::openCamera@25;"正在连接Basler相机... ..."
2025/04/10;09:27:42.188;DEBUG;33416;0000000000000000;BaslerControl::openCamera@36;"尝试连接第1台相机..."
2025/04/10;09:27:42.529;DEBUG;33416;0000000000000000;BaslerControl::openCamera@41;"尝试打开第1台Basler相机..."
2025/04/10;09:27:43.194;DEBUG;33416;0000000000000000;BaslerControl::openCamera@43;"已经打开第1台Basler相机"
2025/04/10;09:27:43.218;DEBUG;33416;0000000000000000;BaslerControl::openCamera@56;"第1台Basler相机连接成功"
2025/04/10;09:27:43.218;DEBUG;33416;0000000000000000;BaslerControl::openCamera@36;"尝试连接第2台相机..."
2025/04/10;09:27:43.410;DEBUG;33416;0000000000000000;BaslerControl::openCamera@41;"尝试打开第2台Basler相机..."
2025/04/10;09:27:43.522;DEBUG;33416;0000000000000000;BaslerControl::openCamera@43;"已经打开第2台Basler相机"
2025/04/10;09:27:43.549;DEBUG;33416;0000000000000000;BaslerControl::openCamera@56;"第2台Basler相机连接成功"
2025/04/10;09:27:47.056;DEBUG;33416;0000000000000000;BaslerControl::closeCamera@144;"Basler相机断开连接"
2025/04/10;09:27:47.057;ERROR;33416;0000000000000000;BaslerControl::openCamera@127;"采图失败，退出采图程序。"
2025/04/10;09:27:52.906;DEBUG;33492;0000000000000000;BaslerControl::openCamera@25;"正在连接Basler相机... ..."
2025/04/10;09:27:53.190;DEBUG;33492;0000000000000000;BaslerControl::openCamera@36;"尝试连接第1台相机..."
2025/04/10;09:27:53.432;DEBUG;33492;0000000000000000;BaslerControl::openCamera@41;"尝试打开第1台Basler相机..."
2025/04/10;09:27:53.548;DEBUG;33492;0000000000000000;BaslerControl::openCamera@43;"已经打开第1台Basler相机"
2025/04/10;09:27:53.571;DEBUG;33492;0000000000000000;BaslerControl::openCamera@56;"第1台Basler相机连接成功"
2025/04/10;09:27:53.571;DEBUG;33492;0000000000000000;BaslerControl::openCamera@36;"尝试连接第2台相机..."
2025/04/10;09:27:53.757;DEBUG;33492;0000000000000000;BaslerControl::openCamera@41;"尝试打开第2台Basler相机..."
2025/04/10;09:27:53.890;DEBUG;33492;0000000000000000;BaslerControl::openCamera@43;"已经打开第2台Basler相机"
2025/04/10;09:27:53.917;DEBUG;33492;0000000000000000;BaslerControl::openCamera@56;"第2台Basler相机连接成功"
2025/04/10;09:29:57.078;DEBUG;19840;0000000000000000;BaslerControl::openCamera@25;"正在连接Basler相机... ..."
2025/04/10;09:29:57.361;DEBUG;19840;0000000000000000;BaslerControl::openCamera@36;"尝试连接第1台相机..."
2025/04/10;09:29:57.701;DEBUG;19840;0000000000000000;BaslerControl::openCamera@41;"尝试打开第1台Basler相机..."
2025/04/10;09:29:57.813;DEBUG;19840;0000000000000000;BaslerControl::openCamera@43;"已经打开第1台Basler相机"
2025/04/10;09:29:57.836;DEBUG;19840;0000000000000000;BaslerControl::openCamera@56;"第1台Basler相机连接成功"
2025/04/10;09:29:57.836;DEBUG;19840;0000000000000000;BaslerControl::openCamera@36;"尝试连接第2台相机..."
2025/04/10;09:29:58.027;DEBUG;19840;0000000000000000;BaslerControl::openCamera@41;"尝试打开第2台Basler相机..."
2025/04/10;09:29:58.159;DEBUG;19840;0000000000000000;BaslerControl::openCamera@43;"已经打开第2台Basler相机"
2025/04/10;09:29:58.183;DEBUG;19840;0000000000000000;BaslerControl::openCamera@56;"第2台Basler相机连接成功"
2025/04/10;09:30:04.031;ERROR;19840;0000000000000000;BaslerControl::openCamera@92;"图片保存成功"
2025/04/10;09:30:33.641;DEBUG;13708;0000000000000000;BaslerControl::openCamera@25;"正在连接Basler相机... ..."
2025/04/10;09:30:33.928;DEBUG;13708;0000000000000000;BaslerControl::openCamera@36;"尝试连接第1台相机..."
2025/04/10;09:30:34.225;DEBUG;13708;0000000000000000;BaslerControl::openCamera@41;"尝试打开第1台Basler相机..."
2025/04/10;09:30:34.339;DEBUG;13708;0000000000000000;BaslerControl::openCamera@43;"已经打开第1台Basler相机"
2025/04/10;09:30:34.365;DEBUG;13708;0000000000000000;BaslerControl::openCamera@56;"第1台Basler相机连接成功"
2025/04/10;09:30:34.365;DEBUG;13708;0000000000000000;BaslerControl::openCamera@36;"尝试连接第2台相机..."
2025/04/10;09:30:34.562;DEBUG;13708;0000000000000000;BaslerControl::openCamera@41;"尝试打开第2台Basler相机..."
2025/04/10;09:30:34.683;DEBUG;13708;0000000000000000;BaslerControl::openCamera@43;"已经打开第2台Basler相机"
2025/04/10;09:30:34.711;DEBUG;13708;0000000000000000;BaslerControl::openCamera@56;"第2台Basler相机连接成功"
2025/04/10;09:31:18.712;ERROR;13708;0000000000000000;BaslerControl::openCamera@92;"图片保存成功"
2025/04/10;09:31:34.390;ERROR;13708;0000000000000000;BaslerControl::openCamera@92;"图片保存成功"
2025/04/10;09:31:47.218;ERROR;13708;0000000000000000;BaslerControl::openCamera@92;"图片保存成功"
2025/04/10;09:31:51.434;DEBUG;13708;0000000000000000;BaslerControl::closeCamera@144;"Basler相机断开连接"
2025/04/10;09:31:51.435;ERROR;13708;0000000000000000;BaslerControl::openCamera@127;"采图失败，退出采图程序。"
2025/04/10;21:18:34.308;DEBUG;30356;0000000000000000;BaslerControl::closeCamera@157;"Basler相机断开连接"
2025/04/12;19:38:04.439;DEBUG;13624;0000000000000000;BaslerControl::openCamera@25;"正在连接Basler相机... ..."
2025/04/12;19:38:04.804;DEBUG;13624;0000000000000000;BaslerControl::openCamera@36;"尝试连接第1台相机..."
2025/04/12;19:38:05.168;DEBUG;13624;0000000000000000;BaslerControl::openCamera@41;"尝试打开第1台Basler相机..."
2025/04/12;19:38:05.296;DEBUG;13624;0000000000000000;BaslerControl::openCamera@43;"已经打开第1台Basler相机"
2025/04/12;19:38:05.327;DEBUG;13624;0000000000000000;BaslerControl::openCamera@56;"第1台Basler相机连接成功"
2025/04/12;19:38:22.903;DEBUG;43416;0000000000000000;BaslerControl::openCamera@25;"正在连接Basler相机... ..."
2025/04/12;19:38:23.197;DEBUG;43416;0000000000000000;BaslerControl::openCamera@36;"尝试连接第1台相机..."
2025/04/12;19:38:23.558;DEBUG;43416;0000000000000000;BaslerControl::openCamera@41;"尝试打开第1台Basler相机..."
2025/04/12;19:38:23.678;DEBUG;43416;0000000000000000;BaslerControl::openCamera@43;"已经打开第1台Basler相机"
2025/04/12;19:38:23.703;DEBUG;43416;0000000000000000;BaslerControl::openCamera@56;"第1台Basler相机连接成功"
2025/04/12;19:38:51.619;DEBUG;17240;0000000000000000;BaslerControl::openCamera@25;"正在连接Basler相机... ..."
2025/04/12;19:38:51.976;DEBUG;17240;0000000000000000;BaslerControl::openCamera@36;"尝试连接第1台相机..."
2025/04/12;19:38:52.383;DEBUG;17240;0000000000000000;BaslerControl::openCamera@41;"尝试打开第1台Basler相机..."
2025/04/12;19:38:52.569;DEBUG;17240;0000000000000000;BaslerControl::openCamera@43;"已经打开第1台Basler相机"
2025/04/12;19:38:52.666;DEBUG;17240;0000000000000000;BaslerControl::openCamera@56;"第1台Basler相机连接成功"
2025/04/12;19:39:42.272;DEBUG;31912;0000000000000000;BaslerControl::openCamera@25;"正在连接Basler相机... ..."
2025/04/12;19:39:42.569;DEBUG;31912;0000000000000000;BaslerControl::openCamera@36;"尝试连接第1台相机..."
2025/04/12;19:39:42.791;DEBUG;31912;0000000000000000;BaslerControl::openCamera@41;"尝试打开第1台Basler相机..."
2025/04/12;19:39:42.795;ERROR;31912;0000000000000000;BaslerControl::openCamera@46;"Basler相机连接失败，可能存在其它程序正在使用相机"
2025/04/12;19:39:48.713;DEBUG;31912;0000000000000000;BaslerControl::openCamera@25;"正在连接Basler相机... ..."
2025/04/12;19:39:48.964;DEBUG;31912;0000000000000000;BaslerControl::openCamera@36;"尝试连接第1台相机..."
2025/04/12;19:39:49.190;DEBUG;31912;0000000000000000;BaslerControl::openCamera@41;"尝试打开第1台Basler相机..."
2025/04/12;19:39:49.192;ERROR;31912;0000000000000000;BaslerControl::openCamera@46;"Basler相机连接失败，可能存在其它程序正在使用相机"
2025/04/12;19:39:50.350;DEBUG;31912;0000000000000000;BaslerControl::openCamera@25;"正在连接Basler相机... ..."
2025/04/12;19:39:50.602;DEBUG;31912;0000000000000000;BaslerControl::openCamera@36;"尝试连接第1台相机..."
2025/04/12;19:39:50.805;DEBUG;31912;0000000000000000;BaslerControl::openCamera@41;"尝试打开第1台Basler相机..."
2025/04/12;19:39:50.807;ERROR;31912;0000000000000000;BaslerControl::openCamera@46;"Basler相机连接失败，可能存在其它程序正在使用相机"
2025/04/12;19:39:51.935;DEBUG;31912;0000000000000000;BaslerControl::openCamera@25;"正在连接Basler相机... ..."
2025/04/12;19:39:52.187;DEBUG;31912;0000000000000000;BaslerControl::openCamera@36;"尝试连接第1台相机..."
2025/04/12;19:39:52.403;DEBUG;31912;0000000000000000;BaslerControl::openCamera@41;"尝试打开第1台Basler相机..."
2025/04/12;19:39:52.405;ERROR;31912;0000000000000000;BaslerControl::openCamera@46;"Basler相机连接失败，可能存在其它程序正在使用相机"
2025/04/12;19:39:53.246;DEBUG;31912;0000000000000000;BaslerControl::openCamera@25;"正在连接Basler相机... ..."
2025/04/12;19:39:53.497;DEBUG;31912;0000000000000000;BaslerControl::openCamera@36;"尝试连接第1台相机..."
2025/04/12;19:39:53.708;DEBUG;31912;0000000000000000;BaslerControl::openCamera@41;"尝试打开第1台Basler相机..."
2025/04/12;19:39:53.710;ERROR;31912;0000000000000000;BaslerControl::openCamera@46;"Basler相机连接失败，可能存在其它程序正在使用相机"
2025/04/12;19:40:44.593;DEBUG;44720;0000000000000000;BaslerControl::openCamera@25;"正在连接Basler相机... ..."
2025/04/12;19:40:44.884;DEBUG;44720;0000000000000000;BaslerControl::openCamera@36;"尝试连接第1台相机..."
2025/04/12;19:40:45.119;DEBUG;44720;0000000000000000;BaslerControl::openCamera@41;"尝试打开第1台Basler相机..."
2025/04/12;19:40:45.121;ERROR;44720;0000000000000000;BaslerControl::openCamera@46;"Basler相机连接失败，可能存在其它程序正在使用相机"
2025/04/12;19:41:16.026;DEBUG;44720;0000000000000000;BaslerControl::openCamera@25;"正在连接Basler相机... ..."
2025/04/12;19:41:16.278;DEBUG;44720;0000000000000000;BaslerControl::openCamera@36;"尝试连接第1台相机..."
2025/04/12;19:41:16.537;DEBUG;44720;0000000000000000;BaslerControl::openCamera@41;"尝试打开第1台Basler相机..."
2025/04/12;19:41:17.171;DEBUG;44720;0000000000000000;BaslerControl::openCamera@43;"已经打开第1台Basler相机"
2025/04/12;19:41:17.197;DEBUG;44720;0000000000000000;BaslerControl::openCamera@56;"第1台Basler相机连接成功"
2025/04/12;19:41:24.319;ERROR;44720;0000000000000000;BaslerControl::openCamera@132;"图片保存成功"
2025/04/12;19:42:43.970;ERROR;44720;0000000000000000;BaslerControl::openCamera@132;"图片保存成功"
2025/04/14;16:22:20.843;DEBUG;25932;0000000000000000;BaslerControl::closeCamera@157;"Basler相机断开连接"
2025/04/14;16:26:48.981;DEBUG;59580;0000000000000000;BaslerControl::closeCamera@157;"Basler相机断开连接"
2025/04/14;16:28:10.909;DEBUG;88612;0000000000000000;BaslerControl::closeCamera@157;"Basler相机断开连接"
2025/04/14;16:30:05.203;DEBUG;64156;0000000000000000;BaslerControl::closeCamera@157;"Basler相机断开连接"
2025/04/14;16:44:18.875;DEBUG;94600;0000000000000000;BaslerControl::closeCamera@157;"Basler相机断开连接"
2025/04/14;17:32:30.360;DEBUG;97424;0000000000000000;BaslerControl::closeCamera@157;"Basler相机断开连接"
2025/04/14;17:33:39.101;DEBUG;17204;0000000000000000;BaslerControl::closeCamera@157;"Basler相机断开连接"
2025/04/14;17:52:12.360;DEBUG;83824;0000000000000000;BaslerControl::closeCamera@157;"Basler相机断开连接"
2025/04/14;17:54:31.436;DEBUG;37180;0000000000000000;BaslerControl::closeCamera@157;"Basler相机断开连接"
2025/04/14;17:55:09.873;DEBUG;91548;0000000000000000;BaslerControl::closeCamera@157;"Basler相机断开连接"
2025/04/14;20:38:05.799;DEBUG;81688;0000000000000000;BaslerControl::closeCamera@157;"Basler相机断开连接"
2025/04/14;21:19:11.542;DEBUG;53036;0000000000000000;BaslerControl::closeCamera@157;"Basler相机断开连接"
2025/04/14;21:19:38.425;DEBUG;98176;0000000000000000;BaslerControl::closeCamera@157;"Basler相机断开连接"
2025/04/14;21:22:15.571;DEBUG;53864;0000000000000000;BaslerControl::closeCamera@157;"Basler相机断开连接"
2025/04/14;21:40:30.080;DEBUG;46980;0000000000000000;BaslerControl::closeCamera@157;"Basler相机断开连接"
2025/04/15;10:57:08.319;DEBUG;41796;0000000000000000;BaslerControl::closeCamera@157;"Basler相机断开连接"
2025/04/15;11:07:01.036;DEBUG;92076;0000000000000000;BaslerControl::closeCamera@157;"Basler相机断开连接"
2025/04/15;11:07:19.989;DEBUG;97556;0000000000000000;BaslerControl::closeCamera@157;"Basler相机断开连接"
2025/04/15;11:15:01.743;DEBUG;98408;0000000000000000;BaslerControl::closeCamera@157;"Basler相机断开连接"
2025/04/15;11:15:24.150;DEBUG;49700;0000000000000000;BaslerControl::closeCamera@158;"Basler相机断开连接"
2025/04/15;11:16:51.360;DEBUG;33836;0000000000000000;BaslerControl::closeCamera@158;"Basler相机断开连接"
2025/04/15;11:17:18.903;DEBUG;6148;0000000000000000;BaslerControl::closeCamera@158;"Basler相机断开连接"
2025/04/15;11:18:09.588;DEBUG;40428;0000000000000000;BaslerControl::closeCamera@158;"Basler相机断开连接"
2025/04/15;11:21:20.986;DEBUG;22888;0000000000000000;BaslerControl::closeCamera@159;"Basler相机断开连接"
2025/04/15;11:22:05.252;DEBUG;89184;0000000000000000;BaslerControl::closeCamera@160;"Basler相机断开连接"
2025/04/15;11:22:31.245;DEBUG;84588;0000000000000000;BaslerControl::closeCamera@160;"Basler相机断开连接"
2025/04/15;11:23:35.543;DEBUG;45604;0000000000000000;BaslerControl::closeCamera@160;"Basler相机断开连接"
2025/04/15;11:23:48.700;DEBUG;66644;0000000000000000;BaslerControl::closeCamera@160;"Basler相机断开连接"
2025/04/15;11:27:59.571;DEBUG;6436;0000000000000000;BaslerControl::closeCamera@165;"Basler相机断开连接"
2025/04/15;11:28:35.434;DEBUG;7556;0000000000000000;BaslerControl::closeCamera@166;"Basler相机断开连接"
2025/04/15;11:30:30.079;DEBUG;56696;0000000000000000;BaslerControl::closeCamera@166;"Basler相机断开连接"
2025/04/15;11:30:33.458;DEBUG;56696;0000000000000000;BaslerControl::closeCamera@166;"Basler相机断开连接"
2025/04/15;11:36:57.637;DEBUG;23220;0000000000000000;BaslerControl::closeCamera@164;"Basler相机断开连接"
2025/04/15;11:36:59.636;DEBUG;23220;0000000000000000;BaslerControl::closeCamera@164;"Basler相机断开连接"
2025/04/15;11:37:00.502;DEBUG;23220;0000000000000000;BaslerControl::closeCamera@164;"Basler相机断开连接"
2025/04/15;11:37:01.036;DEBUG;23220;0000000000000000;BaslerControl::closeCamera@164;"Basler相机断开连接"
2025/04/15;11:37:01.605;DEBUG;23220;0000000000000000;BaslerControl::closeCamera@164;"Basler相机断开连接"
2025/04/15;11:37:02.169;DEBUG;23220;0000000000000000;BaslerControl::closeCamera@164;"Basler相机断开连接"
2025/04/15;11:37:02.761;DEBUG;83592;0000000000000000;BaslerControl::closeCamera@164;"Basler相机断开连接"
2025/04/15;11:43:00.450;DEBUG;80088;0000000000000000;BaslerControl::closeCamera@164;"Basler相机断开连接"
2025/04/15;16:32:15.249;DEBUG;108584;0000000000000000;BaslerControl::closeCamera@164;"Basler相机断开连接"
2025/04/15;20:55:28.945;DEBUG;94852;0000000000000000;BaslerControl::closeCamera@164;"Basler相机断开连接"
2025/04/15;20:56:03.870;DEBUG;58532;0000000000000000;BaslerControl::openCamera@32;"正在连接Basler相机... ..."
2025/04/15;20:56:04.229;DEBUG;58532;0000000000000000;BaslerControl::openCamera@43;"尝试连接第1台相机..."
2025/04/15;20:56:04.583;DEBUG;58532;0000000000000000;BaslerControl::openCamera@48;"尝试打开第1台Basler相机..."
2025/04/15;20:56:04.692;DEBUG;58532;0000000000000000;BaslerControl::openCamera@50;"已经打开第1台Basler相机"
2025/04/15;20:56:04.722;DEBUG;58532;0000000000000000;BaslerControl::openCamera@63;"第1台Basler相机连接成功"
2025/04/15;20:56:04.723;DEBUG;58532;0000000000000000;BaslerControl::openCamera@43;"尝试连接第2台相机..."
2025/04/15;20:56:04.951;DEBUG;58532;0000000000000000;BaslerControl::openCamera@48;"尝试打开第2台Basler相机..."
2025/04/15;20:56:05.097;DEBUG;58532;0000000000000000;BaslerControl::openCamera@50;"已经打开第2台Basler相机"
2025/04/15;20:56:05.132;DEBUG;58532;0000000000000000;BaslerControl::openCamera@63;"第2台Basler相机连接成功"
2025/04/15;20:56:05.132;DEBUG;58532;0000000000000000;BaslerControl::openCamera@43;"尝试连接第3台相机..."
2025/04/15;20:56:05.371;DEBUG;58532;0000000000000000;BaslerControl::openCamera@48;"尝试打开第3台Basler相机..."
2025/04/15;20:56:05.508;DEBUG;58532;0000000000000000;BaslerControl::openCamera@50;"已经打开第3台Basler相机"
2025/04/15;20:56:05.539;DEBUG;58532;0000000000000000;BaslerControl::openCamera@63;"第3台Basler相机连接成功"
2025/04/15;20:57:51.308;ERROR;58532;0000000000000000;BaslerControl::openCamera@146;"采图失败，退出采图程序。"
2025/04/15;20:57:51.491;DEBUG;81512;0000000000000000;BaslerControl::closeCamera@164;"Basler相机断开连接"
2025/04/15;20:57:58.640;DEBUG;19176;0000000000000000;BaslerControl::closeCamera@164;"Basler相机断开连接"
2025/04/15;20:58:18.179;DEBUG;95596;0000000000000000;BaslerControl::openCamera@32;"正在连接Basler相机... ..."
2025/04/15;20:58:18.464;DEBUG;95596;0000000000000000;BaslerControl::openCamera@43;"尝试连接第1台相机..."
2025/04/15;20:58:18.671;DEBUG;95596;0000000000000000;BaslerControl::openCamera@48;"尝试打开第1台Basler相机..."
2025/04/15;20:58:18.781;DEBUG;95596;0000000000000000;BaslerControl::openCamera@50;"已经打开第1台Basler相机"
2025/04/15;20:58:18.808;DEBUG;95596;0000000000000000;BaslerControl::openCamera@63;"第1台Basler相机连接成功"
2025/04/15;20:58:18.808;DEBUG;95596;0000000000000000;BaslerControl::openCamera@43;"尝试连接第2台相机..."
2025/04/15;20:58:19.021;DEBUG;95596;0000000000000000;BaslerControl::openCamera@48;"尝试打开第2台Basler相机..."
2025/04/15;20:58:19.167;DEBUG;95596;0000000000000000;BaslerControl::openCamera@50;"已经打开第2台Basler相机"
2025/04/15;20:58:19.200;DEBUG;95596;0000000000000000;BaslerControl::openCamera@63;"第2台Basler相机连接成功"
2025/04/15;20:58:19.200;DEBUG;95596;0000000000000000;BaslerControl::openCamera@43;"尝试连接第3台相机..."
2025/04/15;20:58:19.414;DEBUG;95596;0000000000000000;BaslerControl::openCamera@48;"尝试打开第3台Basler相机..."
2025/04/15;20:58:19.561;DEBUG;95596;0000000000000000;BaslerControl::openCamera@50;"已经打开第3台Basler相机"
2025/04/15;20:58:19.614;DEBUG;95596;0000000000000000;BaslerControl::openCamera@63;"第3台Basler相机连接成功"
2025/04/15;21:02:21.356;ERROR;95596;0000000000000000;BaslerControl::openCamera@146;"采图失败，退出采图程序。"
2025/04/15;21:02:21.387;DEBUG;106692;0000000000000000;BaslerControl::closeCamera@164;"Basler相机断开连接"
2025/04/15;22:11:33.716;DEBUG;84684;0000000000000000;BaslerControl::closeCamera@164;"Basler相机断开连接"
2025/04/16;10:11:09.044;DEBUG;13512;0000000000000000;BaslerControl::closeCamera@164;"Basler相机断开连接"
2025/04/16;10:12:36.160;DEBUG;19560;0000000000000000;BaslerControl::closeCamera@164;"Basler相机断开连接"
2025/04/16;10:13:17.570;DEBUG;19396;0000000000000000;BaslerControl::openCamera@32;"正在连接Basler相机... ..."
2025/04/16;10:13:17.868;DEBUG;19396;0000000000000000;BaslerControl::openCamera@43;"尝试连接第1台相机..."
2025/04/16;10:13:18.168;DEBUG;19396;0000000000000000;BaslerControl::openCamera@48;"尝试打开第1台Basler相机..."
2025/04/16;10:13:18.267;DEBUG;19396;0000000000000000;BaslerControl::openCamera@50;"已经打开第1台Basler相机"
2025/04/16;10:13:18.286;DEBUG;19396;0000000000000000;BaslerControl::openCamera@63;"第1台Basler相机连接成功"
2025/04/16;10:13:18.286;DEBUG;19396;0000000000000000;BaslerControl::openCamera@43;"尝试连接第2台相机..."
2025/04/16;10:13:18.439;DEBUG;19396;0000000000000000;BaslerControl::openCamera@48;"尝试打开第2台Basler相机..."
2025/04/16;10:13:18.566;DEBUG;19396;0000000000000000;BaslerControl::openCamera@50;"已经打开第2台Basler相机"
2025/04/16;10:13:18.591;DEBUG;19396;0000000000000000;BaslerControl::openCamera@63;"第2台Basler相机连接成功"
2025/04/16;10:13:18.591;DEBUG;19396;0000000000000000;BaslerControl::openCamera@43;"尝试连接第3台相机..."
2025/04/16;10:13:18.734;DEBUG;19396;0000000000000000;BaslerControl::openCamera@48;"尝试打开第3台Basler相机..."
2025/04/16;10:13:18.864;DEBUG;19396;0000000000000000;BaslerControl::openCamera@50;"已经打开第3台Basler相机"
2025/04/16;10:13:18.887;DEBUG;19396;0000000000000000;BaslerControl::openCamera@63;"第3台Basler相机连接成功"
2025/04/16;10:13:33.157;ERROR;19396;0000000000000000;BaslerControl::openCamera@111;"图片保存成功"
2025/04/16;10:13:34.810;ERROR;19396;0000000000000000;BaslerControl::openCamera@146;"采图失败，退出采图程序。"
2025/04/16;10:13:35.142;DEBUG;79492;0000000000000000;BaslerControl::closeCamera@164;"Basler相机断开连接"
2025/04/16;10:14:17.377;DEBUG;59644;0000000000000000;BaslerControl::openCamera@32;"正在连接Basler相机... ..."
2025/04/16;10:14:17.643;DEBUG;59644;0000000000000000;BaslerControl::openCamera@43;"尝试连接第1台相机..."
2025/04/16;10:14:17.893;DEBUG;59644;0000000000000000;BaslerControl::openCamera@48;"尝试打开第1台Basler相机..."
2025/04/16;10:14:18.481;DEBUG;59644;0000000000000000;BaslerControl::openCamera@50;"已经打开第1台Basler相机"
2025/04/16;10:14:18.499;DEBUG;59644;0000000000000000;BaslerControl::openCamera@63;"第1台Basler相机连接成功"
2025/04/16;10:14:18.499;DEBUG;59644;0000000000000000;BaslerControl::openCamera@43;"尝试连接第2台相机..."
2025/04/16;10:14:18.658;DEBUG;59644;0000000000000000;BaslerControl::openCamera@48;"尝试打开第2台Basler相机..."
2025/04/16;10:14:18.790;DEBUG;59644;0000000000000000;BaslerControl::openCamera@50;"已经打开第2台Basler相机"
2025/04/16;10:14:18.813;DEBUG;59644;0000000000000000;BaslerControl::openCamera@63;"第2台Basler相机连接成功"
2025/04/16;10:14:18.813;DEBUG;59644;0000000000000000;BaslerControl::openCamera@43;"尝试连接第3台相机..."
2025/04/16;10:14:18.972;DEBUG;59644;0000000000000000;BaslerControl::openCamera@48;"尝试打开第3台Basler相机..."
2025/04/16;10:14:19.103;DEBUG;59644;0000000000000000;BaslerControl::openCamera@50;"已经打开第3台Basler相机"
2025/04/16;10:14:19.126;DEBUG;59644;0000000000000000;BaslerControl::openCamera@63;"第3台Basler相机连接成功"
2025/04/16;10:14:21.515;ERROR;59644;0000000000000000;BaslerControl::openCamera@111;"图片保存成功"
2025/04/16;10:15:08.141;ERROR;59644;0000000000000000;BaslerControl::openCamera@146;"采图失败，退出采图程序。"
2025/04/16;10:15:08.556;DEBUG;11124;0000000000000000;BaslerControl::closeCamera@164;"Basler相机断开连接"
2025/04/16;10:15:25.719;DEBUG;21604;0000000000000000;BaslerControl::openCamera@32;"正在连接Basler相机... ..."
2025/04/16;10:15:25.986;DEBUG;21604;0000000000000000;BaslerControl::openCamera@43;"尝试连接第1台相机..."
2025/04/16;10:15:26.265;DEBUG;21604;0000000000000000;BaslerControl::openCamera@48;"尝试打开第1台Basler相机..."
2025/04/16;10:15:26.354;DEBUG;21604;0000000000000000;BaslerControl::openCamera@50;"已经打开第1台Basler相机"
2025/04/16;10:15:26.369;DEBUG;21604;0000000000000000;BaslerControl::openCamera@63;"第1台Basler相机连接成功"
2025/04/16;10:15:26.369;DEBUG;21604;0000000000000000;BaslerControl::openCamera@43;"尝试连接第2台相机..."
2025/04/16;10:15:26.523;DEBUG;21604;0000000000000000;BaslerControl::openCamera@48;"尝试打开第2台Basler相机..."
2025/04/16;10:15:27.165;DEBUG;21604;0000000000000000;BaslerControl::openCamera@50;"已经打开第2台Basler相机"
2025/04/16;10:15:27.187;DEBUG;21604;0000000000000000;BaslerControl::openCamera@63;"第2台Basler相机连接成功"
2025/04/16;10:15:27.187;DEBUG;21604;0000000000000000;BaslerControl::openCamera@43;"尝试连接第3台相机..."
2025/04/16;10:15:27.347;DEBUG;21604;0000000000000000;BaslerControl::openCamera@48;"尝试打开第3台Basler相机..."
2025/04/16;10:15:27.479;DEBUG;21604;0000000000000000;BaslerControl::openCamera@50;"已经打开第3台Basler相机"
2025/04/16;10:15:27.502;DEBUG;21604;0000000000000000;BaslerControl::openCamera@63;"第3台Basler相机连接成功"
2025/04/16;10:20:11.543;ERROR;21604;0000000000000000;BaslerControl::openCamera@111;"图片保存成功"
2025/04/16;10:20:30.038;ERROR;21604;0000000000000000;BaslerControl::openCamera@111;"图片保存成功"
2025/04/16;10:20:54.939;ERROR;21604;0000000000000000;BaslerControl::openCamera@111;"图片保存成功"
2025/04/16;10:21:17.680;ERROR;21604;0000000000000000;BaslerControl::openCamera@111;"图片保存成功"
2025/04/16;10:21:29.450;ERROR;21604;0000000000000000;BaslerControl::openCamera@111;"图片保存成功"
2025/04/16;10:21:54.109;ERROR;21604;0000000000000000;BaslerControl::openCamera@111;"图片保存成功"
2025/04/16;10:22:13.888;ERROR;21604;0000000000000000;BaslerControl::openCamera@111;"图片保存成功"
2025/04/16;10:22:37.105;ERROR;21604;0000000000000000;BaslerControl::openCamera@111;"图片保存成功"
2025/04/16;10:22:46.955;ERROR;21604;0000000000000000;BaslerControl::openCamera@111;"图片保存成功"
2025/04/16;10:22:57.843;ERROR;21604;0000000000000000;BaslerControl::openCamera@111;"图片保存成功"
2025/04/16;10:23:12.659;ERROR;21604;0000000000000000;BaslerControl::openCamera@111;"图片保存成功"
2025/04/16;10:23:38.357;ERROR;21604;0000000000000000;BaslerControl::openCamera@111;"图片保存成功"
2025/04/16;10:24:05.583;ERROR;21604;0000000000000000;BaslerControl::openCamera@111;"图片保存成功"
2025/04/16;10:24:19.752;ERROR;21604;0000000000000000;BaslerControl::openCamera@111;"图片保存成功"
2025/04/16;10:24:28.161;ERROR;21604;0000000000000000;BaslerControl::openCamera@111;"图片保存成功"
2025/04/16;10:24:45.213;ERROR;21604;0000000000000000;BaslerControl::openCamera@111;"图片保存成功"
2025/04/16;10:24:52.181;ERROR;21604;0000000000000000;BaslerControl::openCamera@111;"图片保存成功"
2025/04/16;10:25:02.908;ERROR;21604;0000000000000000;BaslerControl::openCamera@111;"图片保存成功"
2025/04/16;10:25:15.801;ERROR;21604;0000000000000000;BaslerControl::openCamera@111;"图片保存成功"
2025/04/16;10:26:01.117;ERROR;21604;0000000000000000;BaslerControl::openCamera@111;"图片保存成功"
2025/04/16;10:26:26.499;ERROR;21604;0000000000000000;BaslerControl::openCamera@111;"图片保存成功"
2025/04/16;10:26:39.790;ERROR;21604;0000000000000000;BaslerControl::openCamera@111;"图片保存成功"
2025/04/16;10:27:41.986;ERROR;21604;0000000000000000;BaslerControl::openCamera@146;"采图失败，退出采图程序。"
2025/04/16;10:27:42.212;DEBUG;79764;0000000000000000;BaslerControl::closeCamera@164;"Basler相机断开连接"
2025/04/16;10:28:07.315;DEBUG;84244;0000000000000000;BaslerControl::openCamera@32;"正在连接Basler相机... ..."
2025/04/16;10:28:07.581;DEBUG;84244;0000000000000000;BaslerControl::openCamera@43;"尝试连接第1台相机..."
2025/04/16;10:28:07.870;DEBUG;84244;0000000000000000;BaslerControl::openCamera@48;"尝试打开第1台Basler相机..."
2025/04/16;10:28:08.507;DEBUG;84244;0000000000000000;BaslerControl::openCamera@50;"已经打开第1台Basler相机"
2025/04/16;10:28:08.523;DEBUG;84244;0000000000000000;BaslerControl::openCamera@63;"第1台Basler相机连接成功"
2025/04/16;10:28:08.523;DEBUG;84244;0000000000000000;BaslerControl::openCamera@43;"尝试连接第2台相机..."
2025/04/16;10:28:08.672;DEBUG;84244;0000000000000000;BaslerControl::openCamera@48;"尝试打开第2台Basler相机..."
2025/04/16;10:28:08.800;DEBUG;84244;0000000000000000;BaslerControl::openCamera@50;"已经打开第2台Basler相机"
2025/04/16;10:28:08.821;DEBUG;84244;0000000000000000;BaslerControl::openCamera@63;"第2台Basler相机连接成功"
2025/04/16;10:28:08.822;DEBUG;84244;0000000000000000;BaslerControl::openCamera@43;"尝试连接第3台相机..."
2025/04/16;10:28:08.970;DEBUG;84244;0000000000000000;BaslerControl::openCamera@48;"尝试打开第3台Basler相机..."
2025/04/16;10:28:09.101;DEBUG;84244;0000000000000000;BaslerControl::openCamera@50;"已经打开第3台Basler相机"
2025/04/16;10:28:09.123;DEBUG;84244;0000000000000000;BaslerControl::openCamera@63;"第3台Basler相机连接成功"
2025/04/16;10:28:38.416;ERROR;84244;0000000000000000;BaslerControl::openCamera@146;"采图失败，退出采图程序。"
2025/04/16;10:28:38.677;DEBUG;68732;0000000000000000;BaslerControl::closeCamera@164;"Basler相机断开连接"
2025/04/16;10:31:40.264;DEBUG;50956;0000000000000000;BaslerControl::openCamera@32;"正在连接Basler相机... ..."
2025/04/16;10:31:40.530;DEBUG;50956;0000000000000000;BaslerControl::openCamera@43;"尝试连接第1台相机..."
2025/04/16;10:31:40.805;DEBUG;50956;0000000000000000;BaslerControl::openCamera@48;"尝试打开第1台Basler相机..."
2025/04/16;10:31:40.890;DEBUG;50956;0000000000000000;BaslerControl::openCamera@50;"已经打开第1台Basler相机"
2025/04/16;10:31:40.909;DEBUG;50956;0000000000000000;BaslerControl::openCamera@63;"第1台Basler相机连接成功"
2025/04/16;10:31:40.909;DEBUG;50956;0000000000000000;BaslerControl::openCamera@43;"尝试连接第2台相机..."
2025/04/16;10:31:41.057;DEBUG;50956;0000000000000000;BaslerControl::openCamera@48;"尝试打开第2台Basler相机..."
2025/04/16;10:31:41.186;DEBUG;50956;0000000000000000;BaslerControl::openCamera@50;"已经打开第2台Basler相机"
2025/04/16;10:31:41.208;DEBUG;50956;0000000000000000;BaslerControl::openCamera@63;"第2台Basler相机连接成功"
2025/04/16;10:31:41.208;DEBUG;50956;0000000000000000;BaslerControl::openCamera@43;"尝试连接第3台相机..."
2025/04/16;10:31:41.369;DEBUG;50956;0000000000000000;BaslerControl::openCamera@48;"尝试打开第3台Basler相机..."
2025/04/16;10:31:41.499;DEBUG;50956;0000000000000000;BaslerControl::openCamera@50;"已经打开第3台Basler相机"
2025/04/16;10:31:41.523;DEBUG;50956;0000000000000000;BaslerControl::openCamera@63;"第3台Basler相机连接成功"
2025/04/16;10:43:03.108;ERROR;50956;0000000000000000;BaslerControl::openCamera@111;"图片保存成功"
2025/04/16;10:43:18.800;ERROR;50956;0000000000000000;BaslerControl::openCamera@111;"图片保存成功"
2025/04/16;10:44:27.591;ERROR;50956;0000000000000000;BaslerControl::openCamera@111;"图片保存成功"
2025/04/16;10:44:50.655;ERROR;50956;0000000000000000;BaslerControl::openCamera@111;"图片保存成功"
2025/04/16;10:45:07.473;ERROR;50956;0000000000000000;BaslerControl::openCamera@111;"图片保存成功"
2025/04/16;10:45:36.780;ERROR;50956;0000000000000000;BaslerControl::openCamera@111;"图片保存成功"
2025/04/16;10:45:49.274;ERROR;50956;0000000000000000;BaslerControl::openCamera@111;"图片保存成功"
2025/04/16;10:46:06.889;ERROR;50956;0000000000000000;BaslerControl::openCamera@111;"图片保存成功"
2025/04/16;10:46:25.149;ERROR;50956;0000000000000000;BaslerControl::openCamera@111;"图片保存成功"
2025/04/16;10:46:47.488;ERROR;50956;0000000000000000;BaslerControl::openCamera@111;"图片保存成功"
2025/04/16;10:47:01.424;ERROR;50956;0000000000000000;BaslerControl::openCamera@111;"图片保存成功"
2025/04/16;10:47:28.727;ERROR;50956;0000000000000000;BaslerControl::openCamera@111;"图片保存成功"
2025/04/16;10:47:51.070;ERROR;50956;0000000000000000;BaslerControl::openCamera@111;"图片保存成功"
2025/04/16;10:48:04.439;ERROR;50956;0000000000000000;BaslerControl::openCamera@111;"图片保存成功"
2025/04/16;10:48:21.015;ERROR;50956;0000000000000000;BaslerControl::openCamera@111;"图片保存成功"
2025/04/16;10:48:30.066;ERROR;50956;0000000000000000;BaslerControl::openCamera@111;"图片保存成功"
2025/04/16;10:48:44.879;ERROR;50956;0000000000000000;BaslerControl::openCamera@111;"图片保存成功"
2025/04/16;10:49:16.269;ERROR;50956;0000000000000000;BaslerControl::openCamera@111;"图片保存成功"
2025/04/16;10:50:17.690;ERROR;50956;0000000000000000;BaslerControl::openCamera@111;"图片保存成功"
2025/04/16;10:56:34.466;ERROR;50956;0000000000000000;BaslerControl::openCamera@111;"图片保存成功"
2025/04/16;10:56:51.440;ERROR;50956;0000000000000000;BaslerControl::openCamera@111;"图片保存成功"
2025/04/16;10:57:11.220;ERROR;50956;0000000000000000;BaslerControl::openCamera@111;"图片保存成功"
2025/04/16;10:57:36.445;ERROR;50956;0000000000000000;BaslerControl::openCamera@111;"图片保存成功"
2025/04/16;10:58:28.394;ERROR;50956;0000000000000000;BaslerControl::openCamera@146;"采图失败，退出采图程序。"
2025/04/16;10:58:28.642;DEBUG;97504;0000000000000000;BaslerControl::closeCamera@164;"Basler相机断开连接"
2025/04/16;10:59:56.722;DEBUG;54268;0000000000000000;BaslerControl::openCamera@32;"正在连接Basler相机... ..."
2025/04/16;10:59:56.990;DEBUG;54268;0000000000000000;BaslerControl::openCamera@43;"尝试连接第1台相机..."
2025/04/16;10:59:57.292;DEBUG;54268;0000000000000000;BaslerControl::openCamera@48;"尝试打开第1台Basler相机..."
2025/04/16;10:59:57.865;DEBUG;54268;0000000000000000;BaslerControl::openCamera@50;"已经打开第1台Basler相机"
2025/04/16;10:59:57.882;DEBUG;54268;0000000000000000;BaslerControl::openCamera@63;"第1台Basler相机连接成功"
2025/04/16;10:59:57.882;DEBUG;54268;0000000000000000;BaslerControl::openCamera@43;"尝试连接第2台相机..."
2025/04/16;10:59:58.030;DEBUG;54268;0000000000000000;BaslerControl::openCamera@48;"尝试打开第2台Basler相机..."
2025/04/16;10:59:58.159;DEBUG;54268;0000000000000000;BaslerControl::openCamera@50;"已经打开第2台Basler相机"
2025/04/16;10:59:58.183;DEBUG;54268;0000000000000000;BaslerControl::openCamera@63;"第2台Basler相机连接成功"
2025/04/16;10:59:58.183;DEBUG;54268;0000000000000000;BaslerControl::openCamera@43;"尝试连接第3台相机..."
2025/04/16;10:59:58.332;DEBUG;54268;0000000000000000;BaslerControl::openCamera@48;"尝试打开第3台Basler相机..."
2025/04/16;10:59:58.479;DEBUG;54268;0000000000000000;BaslerControl::openCamera@50;"已经打开第3台Basler相机"
2025/04/16;10:59:58.502;DEBUG;54268;0000000000000000;BaslerControl::openCamera@63;"第3台Basler相机连接成功"
2025/04/16;11:06:58.335;ERROR;54268;0000000000000000;BaslerControl::openCamera@146;"采图失败，退出采图程序。"
2025/04/16;11:07:12.763;DEBUG;17428;0000000000000000;BaslerControl::closeCamera@164;"Basler相机断开连接"
2025/04/16;11:07:19.603;DEBUG;95888;0000000000000000;BaslerControl::openCamera@32;"正在连接Basler相机... ..."
2025/04/16;11:07:19.870;DEBUG;95888;0000000000000000;BaslerControl::openCamera@43;"尝试连接第1台相机..."
2025/04/16;11:07:20.092;DEBUG;95888;0000000000000000;BaslerControl::openCamera@48;"尝试打开第1台Basler相机..."
2025/04/16;11:07:20.176;DEBUG;95888;0000000000000000;BaslerControl::openCamera@50;"已经打开第1台Basler相机"
2025/04/16;11:07:20.193;DEBUG;95888;0000000000000000;BaslerControl::openCamera@63;"第1台Basler相机连接成功"
2025/04/16;11:07:20.193;DEBUG;95888;0000000000000000;BaslerControl::openCamera@43;"尝试连接第2台相机..."
2025/04/16;11:07:20.342;DEBUG;95888;0000000000000000;BaslerControl::openCamera@48;"尝试打开第2台Basler相机..."
2025/04/16;11:07:20.474;DEBUG;95888;0000000000000000;BaslerControl::openCamera@50;"已经打开第2台Basler相机"
2025/04/16;11:07:20.497;DEBUG;95888;0000000000000000;BaslerControl::openCamera@63;"第2台Basler相机连接成功"
2025/04/16;11:07:20.497;DEBUG;95888;0000000000000000;BaslerControl::openCamera@43;"尝试连接第3台相机..."
2025/04/16;11:07:20.656;DEBUG;95888;0000000000000000;BaslerControl::openCamera@48;"尝试打开第3台Basler相机..."
2025/04/16;11:07:20.787;DEBUG;95888;0000000000000000;BaslerControl::openCamera@50;"已经打开第3台Basler相机"
2025/04/16;11:07:20.809;DEBUG;95888;0000000000000000;BaslerControl::openCamera@63;"第3台Basler相机连接成功"
2025/04/16;11:13:16.990;ERROR;95888;0000000000000000;BaslerControl::openCamera@111;"图片保存成功"
2025/04/16;11:13:35.484;ERROR;95888;0000000000000000;BaslerControl::openCamera@111;"图片保存成功"
2025/04/16;11:14:24.378;ERROR;95888;0000000000000000;BaslerControl::openCamera@111;"图片保存成功"
2025/04/16;11:14:57.207;ERROR;95888;0000000000000000;BaslerControl::openCamera@111;"图片保存成功"
2025/04/16;11:15:31.593;ERROR;95888;0000000000000000;BaslerControl::openCamera@111;"图片保存成功"
2025/04/16;11:15:48.701;ERROR;95888;0000000000000000;BaslerControl::openCamera@111;"图片保存成功"
2025/04/16;11:16:25.502;ERROR;95888;0000000000000000;BaslerControl::openCamera@111;"图片保存成功"
2025/04/16;11:16:36.042;ERROR;95888;0000000000000000;BaslerControl::openCamera@111;"图片保存成功"
2025/04/16;11:17:06.971;ERROR;95888;0000000000000000;BaslerControl::openCamera@111;"图片保存成功"
2025/04/16;11:17:20.105;ERROR;95888;0000000000000000;BaslerControl::openCamera@111;"图片保存成功"
2025/04/16;11:17:51.032;ERROR;95888;0000000000000000;BaslerControl::openCamera@111;"图片保存成功"
2025/04/16;11:18:21.270;ERROR;95888;0000000000000000;BaslerControl::openCamera@111;"图片保存成功"
2025/04/16;11:18:40.450;ERROR;95888;0000000000000000;BaslerControl::openCamera@111;"图片保存成功"
2025/04/16;11:18:52.892;ERROR;95888;0000000000000000;BaslerControl::openCamera@111;"图片保存成功"
2025/04/16;11:21:22.007;ERROR;95888;0000000000000000;BaslerControl::openCamera@111;"图片保存成功"
2025/04/16;11:21:47.580;ERROR;95888;0000000000000000;BaslerControl::openCamera@111;"图片保存成功"
2025/04/16;11:22:07.104;ERROR;95888;0000000000000000;BaslerControl::openCamera@111;"图片保存成功"
2025/04/16;11:23:08.203;ERROR;95888;0000000000000000;BaslerControl::openCamera@146;"采图失败，退出采图程序。"
2025/04/16;11:23:08.214;DEBUG;2200;0000000000000000;BaslerControl::closeCamera@164;"Basler相机断开连接"
2025/04/16;14:52:10.663;DEBUG;91964;0000000000000000;BaslerControl::closeCamera@169;"Basler相机断开连接"
2025/04/16;15:06:12.043;DEBUG;88192;0000000000000000;BaslerControl::closeCamera@168;"Basler相机断开连接"
2025/04/16;15:07:16.859;DEBUG;84244;0000000000000000;BaslerControl::openCamera@32;"正在连接Basler相机... ..."
2025/04/16;15:07:17.126;DEBUG;84244;0000000000000000;BaslerControl::openCamera@43;"尝试连接第1台相机..."
2025/04/16;15:07:17.392;DEBUG;84244;0000000000000000;BaslerControl::openCamera@48;"尝试打开第1台Basler相机..."
2025/04/16;15:07:17.473;DEBUG;84244;0000000000000000;BaslerControl::openCamera@50;"已经打开第1台Basler相机"
2025/04/16;15:07:17.489;DEBUG;84244;0000000000000000;BaslerControl::openCamera@63;"第1台Basler相机连接成功"
2025/04/16;15:07:17.490;DEBUG;84244;0000000000000000;BaslerControl::openCamera@43;"尝试连接第2台相机..."
2025/04/16;15:07:17.627;DEBUG;84244;0000000000000000;BaslerControl::openCamera@48;"尝试打开第2台Basler相机..."
2025/04/16;15:07:17.745;DEBUG;84244;0000000000000000;BaslerControl::openCamera@50;"已经打开第2台Basler相机"
2025/04/16;15:07:17.768;DEBUG;84244;0000000000000000;BaslerControl::openCamera@63;"第2台Basler相机连接成功"
2025/04/16;15:07:17.769;DEBUG;84244;0000000000000000;BaslerControl::openCamera@43;"尝试连接第3台相机..."
2025/04/16;15:07:17.917;DEBUG;84244;0000000000000000;BaslerControl::openCamera@48;"尝试打开第3台Basler相机..."
2025/04/16;15:07:18.039;DEBUG;84244;0000000000000000;BaslerControl::openCamera@50;"已经打开第3台Basler相机"
2025/04/16;15:07:18.065;DEBUG;84244;0000000000000000;BaslerControl::openCamera@63;"第3台Basler相机连接成功"
2025/04/16;15:08:25.020;ERROR;84244;0000000000000000;BaslerControl::openCamera@150;"采图失败，退出采图程序。"
2025/04/16;15:08:25.283;DEBUG;28204;0000000000000000;BaslerControl::closeCamera@168;"Basler相机断开连接"
2025/04/16;15:10:13.054;DEBUG;106052;0000000000000000;BaslerControl::openCamera@32;"正在连接Basler相机... ..."
2025/04/16;15:10:13.320;DEBUG;106052;0000000000000000;BaslerControl::openCamera@43;"尝试连接第1台相机..."
2025/04/16;15:10:13.481;DEBUG;106052;0000000000000000;BaslerControl::openCamera@48;"尝试打开第1台Basler相机..."
2025/04/16;15:10:14.069;DEBUG;106052;0000000000000000;BaslerControl::openCamera@50;"已经打开第1台Basler相机"
2025/04/16;15:10:14.087;DEBUG;106052;0000000000000000;BaslerControl::openCamera@63;"第1台Basler相机连接成功"
2025/04/16;15:10:14.087;DEBUG;106052;0000000000000000;BaslerControl::openCamera@43;"尝试连接第2台相机..."
2025/04/16;15:10:14.241;DEBUG;106052;0000000000000000;BaslerControl::openCamera@48;"尝试打开第2台Basler相机..."
2025/04/16;15:10:14.371;DEBUG;106052;0000000000000000;BaslerControl::openCamera@50;"已经打开第2台Basler相机"
2025/04/16;15:10:14.394;DEBUG;106052;0000000000000000;BaslerControl::openCamera@63;"第2台Basler相机连接成功"
2025/04/16;15:10:14.395;DEBUG;106052;0000000000000000;BaslerControl::openCamera@43;"尝试连接第3台相机..."
2025/04/16;15:10:14.555;DEBUG;106052;0000000000000000;BaslerControl::openCamera@48;"尝试打开第3台Basler相机..."
2025/04/16;15:10:14.683;DEBUG;106052;0000000000000000;BaslerControl::openCamera@50;"已经打开第3台Basler相机"
2025/04/16;15:10:14.705;DEBUG;106052;0000000000000000;BaslerControl::openCamera@63;"第3台Basler相机连接成功"
2025/04/16;15:10:17.538;ERROR;106052;0000000000000000;BaslerControl::openCamera@115;"图片保存成功"
2025/04/16;15:10:27.710;ERROR;106052;0000000000000000;BaslerControl::openCamera@115;"图片保存成功"
2025/04/16;15:10:28.030;ERROR;106052;0000000000000000;BaslerControl::openCamera@115;"图片保存成功"
2025/04/16;15:10:28.430;ERROR;106052;0000000000000000;BaslerControl::openCamera@115;"图片保存成功"
2025/04/16;15:10:30.396;ERROR;106052;0000000000000000;BaslerControl::openCamera@115;"图片保存成功"
2025/04/16;15:10:30.715;ERROR;106052;0000000000000000;BaslerControl::openCamera@115;"图片保存成功"
2025/04/16;15:10:31.114;ERROR;106052;0000000000000000;BaslerControl::openCamera@115;"图片保存成功"
2025/04/16;15:10:47.873;ERROR;106052;0000000000000000;BaslerControl::openCamera@150;"采图失败，退出采图程序。"
2025/04/16;15:10:48.241;DEBUG;3860;0000000000000000;BaslerControl::closeCamera@168;"Basler相机断开连接"
2025/04/16;15:11:30.751;DEBUG;25884;0000000000000000;BaslerControl::openCamera@32;"正在连接Basler相机... ..."
2025/04/16;15:11:31.018;DEBUG;25884;0000000000000000;BaslerControl::openCamera@43;"尝试连接第1台相机..."
2025/04/16;15:11:31.191;DEBUG;25884;0000000000000000;BaslerControl::openCamera@48;"尝试打开第1台Basler相机..."
2025/04/16;15:11:31.272;DEBUG;25884;0000000000000000;BaslerControl::openCamera@50;"已经打开第1台Basler相机"
2025/04/16;15:11:31.287;DEBUG;25884;0000000000000000;BaslerControl::openCamera@63;"第1台Basler相机连接成功"
2025/04/16;15:11:31.288;DEBUG;25884;0000000000000000;BaslerControl::openCamera@43;"尝试连接第2台相机..."
2025/04/16;15:11:31.427;DEBUG;25884;0000000000000000;BaslerControl::openCamera@48;"尝试打开第2台Basler相机..."
2025/04/16;15:11:31.555;DEBUG;25884;0000000000000000;BaslerControl::openCamera@50;"已经打开第2台Basler相机"
2025/04/16;15:11:31.578;DEBUG;25884;0000000000000000;BaslerControl::openCamera@63;"第2台Basler相机连接成功"
2025/04/16;15:11:31.578;DEBUG;25884;0000000000000000;BaslerControl::openCamera@43;"尝试连接第3台相机..."
2025/04/16;15:11:31.726;DEBUG;25884;0000000000000000;BaslerControl::openCamera@48;"尝试打开第3台Basler相机..."
2025/04/16;15:11:31.850;DEBUG;25884;0000000000000000;BaslerControl::openCamera@50;"已经打开第3台Basler相机"
2025/04/16;15:11:31.872;DEBUG;25884;0000000000000000;BaslerControl::openCamera@63;"第3台Basler相机连接成功"
2025/04/16;15:11:42.070;ERROR;25884;0000000000000000;BaslerControl::openCamera@115;"图片保存成功"
2025/04/16;15:11:42.471;ERROR;25884;0000000000000000;BaslerControl::openCamera@115;"图片保存成功"
2025/04/16;15:11:42.951;ERROR;25884;0000000000000000;BaslerControl::openCamera@115;"图片保存成功"
2025/04/16;15:11:43.431;ERROR;25884;0000000000000000;BaslerControl::openCamera@115;"图片保存成功"
2025/04/16;15:11:44.072;ERROR;25884;0000000000000000;BaslerControl::openCamera@115;"图片保存成功"
2025/04/16;15:11:45.913;ERROR;25884;0000000000000000;BaslerControl::openCamera@115;"图片保存成功"
2025/04/16;15:11:48.690;ERROR;25884;0000000000000000;BaslerControl::openCamera@150;"采图失败，退出采图程序。"
2025/04/16;15:11:48.982;DEBUG;99476;0000000000000000;BaslerControl::closeCamera@168;"Basler相机断开连接"
2025/04/16;15:15:35.624;DEBUG;22272;0000000000000000;BaslerControl::openCamera@32;"正在连接Basler相机... ..."
2025/04/16;15:15:35.890;DEBUG;22272;0000000000000000;BaslerControl::openCamera@43;"尝试连接第1台相机..."
2025/04/16;15:15:36.169;DEBUG;22272;0000000000000000;BaslerControl::openCamera@48;"尝试打开第1台Basler相机..."
2025/04/16;15:15:36.323;DEBUG;22272;0000000000000000;BaslerControl::openCamera@50;"已经打开第1台Basler相机"
2025/04/16;15:15:36.360;DEBUG;22272;0000000000000000;BaslerControl::openCamera@63;"第1台Basler相机连接成功"
2025/04/16;15:15:36.360;DEBUG;22272;0000000000000000;BaslerControl::openCamera@43;"尝试连接第2台相机..."
2025/04/16;15:15:36.519;DEBUG;22272;0000000000000000;BaslerControl::openCamera@48;"尝试打开第2台Basler相机..."
2025/04/16;15:15:36.647;DEBUG;22272;0000000000000000;BaslerControl::openCamera@50;"已经打开第2台Basler相机"
2025/04/16;15:15:36.670;DEBUG;22272;0000000000000000;BaslerControl::openCamera@63;"第2台Basler相机连接成功"
2025/04/16;15:15:36.670;DEBUG;22272;0000000000000000;BaslerControl::openCamera@43;"尝试连接第3台相机..."
2025/04/16;15:15:36.829;DEBUG;22272;0000000000000000;BaslerControl::openCamera@48;"尝试打开第3台Basler相机..."
2025/04/16;15:15:36.958;DEBUG;22272;0000000000000000;BaslerControl::openCamera@50;"已经打开第3台Basler相机"
2025/04/16;15:15:36.979;DEBUG;22272;0000000000000000;BaslerControl::openCamera@63;"第3台Basler相机连接成功"
2025/04/16;15:15:40.154;ERROR;22272;0000000000000000;BaslerControl::openCamera@116;"图片保存成功"
2025/04/16;15:15:46.719;ERROR;22272;0000000000000000;BaslerControl::openCamera@116;"图片保存成功"
2025/04/16;15:15:47.584;ERROR;22272;0000000000000000;BaslerControl::openCamera@116;"图片保存成功"
2025/04/16;15:15:47.929;ERROR;22272;0000000000000000;BaslerControl::openCamera@116;"图片保存成功"
2025/04/16;15:15:48.447;ERROR;22272;0000000000000000;BaslerControl::openCamera@116;"图片保存成功"
2025/04/16;15:16:18.752;DEBUG;110024;0000000000000000;BaslerControl::openCamera@32;"正在连接Basler相机... ..."
2025/04/16;15:16:19.051;DEBUG;110024;0000000000000000;BaslerControl::openCamera@43;"尝试连接第1台相机..."
2025/04/16;15:16:19.426;DEBUG;110024;0000000000000000;BaslerControl::openCamera@48;"尝试打开第1台Basler相机..."
2025/04/16;15:16:19.536;DEBUG;110024;0000000000000000;BaslerControl::openCamera@50;"已经打开第1台Basler相机"
2025/04/16;15:16:19.574;DEBUG;110024;0000000000000000;BaslerControl::openCamera@63;"第1台Basler相机连接成功"
2025/04/16;15:16:19.574;DEBUG;110024;0000000000000000;BaslerControl::openCamera@43;"尝试连接第2台相机..."
2025/04/16;15:16:19.786;DEBUG;110024;0000000000000000;BaslerControl::openCamera@48;"尝试打开第2台Basler相机..."
2025/04/16;15:16:19.931;DEBUG;110024;0000000000000000;BaslerControl::openCamera@50;"已经打开第2台Basler相机"
2025/04/16;15:16:19.969;DEBUG;110024;0000000000000000;BaslerControl::openCamera@63;"第2台Basler相机连接成功"
2025/04/16;15:16:19.969;DEBUG;110024;0000000000000000;BaslerControl::openCamera@43;"尝试连接第3台相机..."
2025/04/16;15:16:20.180;DEBUG;110024;0000000000000000;BaslerControl::openCamera@48;"尝试打开第3台Basler相机..."
2025/04/16;15:16:20.317;DEBUG;110024;0000000000000000;BaslerControl::openCamera@50;"已经打开第3台Basler相机"
2025/04/16;15:16:20.357;DEBUG;110024;0000000000000000;BaslerControl::openCamera@63;"第3台Basler相机连接成功"
2025/04/16;15:16:28.370;ERROR;110024;0000000000000000;BaslerControl::openCamera@116;"图片保存成功"
2025/04/16;15:16:31.480;ERROR;110024;0000000000000000;BaslerControl::openCamera@116;"图片保存成功"
2025/04/16;15:16:32.862;ERROR;110024;0000000000000000;BaslerControl::openCamera@116;"图片保存成功"
2025/04/16;15:16:33.381;ERROR;110024;0000000000000000;BaslerControl::openCamera@116;"图片保存成功"
2025/04/16;15:16:44.689;ERROR;110024;0000000000000000;BaslerControl::openCamera@151;"采图失败，退出采图程序。"
2025/04/16;15:16:45.506;DEBUG;94316;0000000000000000;BaslerControl::closeCamera@169;"Basler相机断开连接"
2025/04/16;15:33:08.049;DEBUG;28324;0000000000000000;BaslerControl::openCamera@32;"正在连接Basler相机... ..."
2025/04/16;15:33:08.316;DEBUG;28324;0000000000000000;BaslerControl::openCamera@43;"尝试连接第1台相机..."
2025/04/16;15:33:08.481;DEBUG;28324;0000000000000000;BaslerControl::openCamera@48;"尝试打开第1台Basler相机..."
2025/04/16;15:33:09.071;DEBUG;28324;0000000000000000;BaslerControl::openCamera@50;"已经打开第1台Basler相机"
2025/04/16;15:33:09.088;DEBUG;28324;0000000000000000;BaslerControl::openCamera@63;"第1台Basler相机连接成功"
2025/04/16;15:33:09.088;DEBUG;28324;0000000000000000;BaslerControl::openCamera@43;"尝试连接第2台相机..."
2025/04/16;15:33:09.238;DEBUG;28324;0000000000000000;BaslerControl::openCamera@48;"尝试打开第2台Basler相机..."
2025/04/16;15:33:09.369;DEBUG;28324;0000000000000000;BaslerControl::openCamera@50;"已经打开第2台Basler相机"
2025/04/16;15:33:09.394;DEBUG;28324;0000000000000000;BaslerControl::openCamera@63;"第2台Basler相机连接成功"
2025/04/16;15:33:09.394;DEBUG;28324;0000000000000000;BaslerControl::openCamera@43;"尝试连接第3台相机..."
2025/04/16;15:33:09.535;DEBUG;28324;0000000000000000;BaslerControl::openCamera@48;"尝试打开第3台Basler相机..."
2025/04/16;15:33:09.659;DEBUG;28324;0000000000000000;BaslerControl::openCamera@50;"已经打开第3台Basler相机"
2025/04/16;15:33:09.683;DEBUG;28324;0000000000000000;BaslerControl::openCamera@63;"第3台Basler相机连接成功"
2025/04/16;15:33:14.759;ERROR;28324;0000000000000000;BaslerControl::openCamera@115;"图片保存成功"
2025/04/16;15:33:47.589;ERROR;28324;0000000000000000;BaslerControl::openCamera@115;"图片保存成功"
2025/04/16;15:34:11.780;ERROR;28324;0000000000000000;BaslerControl::openCamera@115;"图片保存成功"
2025/04/16;15:34:48.262;DEBUG;87432;0000000000000000;BaslerControl::openCamera@32;"正在连接Basler相机... ..."
2025/04/16;15:34:48.528;DEBUG;87432;0000000000000000;BaslerControl::openCamera@43;"尝试连接第1台相机..."
2025/04/16;15:34:48.813;DEBUG;87432;0000000000000000;BaslerControl::openCamera@48;"尝试打开第1台Basler相机..."
2025/04/16;15:34:49.460;DEBUG;87432;0000000000000000;BaslerControl::openCamera@50;"已经打开第1台Basler相机"
2025/04/16;15:34:49.480;DEBUG;87432;0000000000000000;BaslerControl::openCamera@63;"第1台Basler相机连接成功"
2025/04/16;15:34:49.480;DEBUG;87432;0000000000000000;BaslerControl::openCamera@43;"尝试连接第2台相机..."
2025/04/16;15:34:49.631;DEBUG;87432;0000000000000000;BaslerControl::openCamera@48;"尝试打开第2台Basler相机..."
2025/04/16;15:34:49.765;DEBUG;87432;0000000000000000;BaslerControl::openCamera@50;"已经打开第2台Basler相机"
2025/04/16;15:34:49.788;DEBUG;87432;0000000000000000;BaslerControl::openCamera@63;"第2台Basler相机连接成功"
2025/04/16;15:34:49.788;DEBUG;87432;0000000000000000;BaslerControl::openCamera@43;"尝试连接第3台相机..."
2025/04/16;15:34:49.947;DEBUG;87432;0000000000000000;BaslerControl::openCamera@48;"尝试打开第3台Basler相机..."
2025/04/16;15:34:50.079;DEBUG;87432;0000000000000000;BaslerControl::openCamera@50;"已经打开第3台Basler相机"
2025/04/16;15:34:50.100;DEBUG;87432;0000000000000000;BaslerControl::openCamera@63;"第3台Basler相机连接成功"
2025/04/16;15:34:57.524;ERROR;87432;0000000000000000;BaslerControl::openCamera@151;"采图失败，退出采图程序。"
2025/04/16;15:34:57.882;DEBUG;105652;0000000000000000;BaslerControl::closeCamera@169;"Basler相机断开连接"
2025/04/16;15:35:04.123;DEBUG;98908;0000000000000000;BaslerControl::openCamera@32;"正在连接Basler相机... ..."
2025/04/16;15:35:04.389;DEBUG;98908;0000000000000000;BaslerControl::openCamera@43;"尝试连接第1台相机..."
2025/04/16;15:35:04.638;DEBUG;98908;0000000000000000;BaslerControl::openCamera@48;"尝试打开第1台Basler相机..."
2025/04/16;15:35:04.718;DEBUG;98908;0000000000000000;BaslerControl::openCamera@50;"已经打开第1台Basler相机"
2025/04/16;15:35:04.734;DEBUG;98908;0000000000000000;BaslerControl::openCamera@63;"第1台Basler相机连接成功"
2025/04/16;15:35:04.734;DEBUG;98908;0000000000000000;BaslerControl::openCamera@43;"尝试连接第2台相机..."
2025/04/16;15:35:04.891;DEBUG;98908;0000000000000000;BaslerControl::openCamera@48;"尝试打开第2台Basler相机..."
2025/04/16;15:35:05.527;DEBUG;98908;0000000000000000;BaslerControl::openCamera@50;"已经打开第2台Basler相机"
2025/04/16;15:35:05.552;DEBUG;98908;0000000000000000;BaslerControl::openCamera@63;"第2台Basler相机连接成功"
2025/04/16;15:35:05.552;DEBUG;98908;0000000000000000;BaslerControl::openCamera@43;"尝试连接第3台相机..."
2025/04/16;15:35:05.692;DEBUG;98908;0000000000000000;BaslerControl::openCamera@48;"尝试打开第3台Basler相机..."
2025/04/16;15:35:05.824;DEBUG;98908;0000000000000000;BaslerControl::openCamera@50;"已经打开第3台Basler相机"
2025/04/16;15:35:05.847;DEBUG;98908;0000000000000000;BaslerControl::openCamera@63;"第3台Basler相机连接成功"
2025/04/16;15:41:44.266;ERROR;98908;0000000000000000;BaslerControl::openCamera@151;"采图失败，退出采图程序。"
2025/04/16;15:42:30.759;DEBUG;31456;0000000000000000;BaslerControl::closeCamera@169;"Basler相机断开连接"
2025/04/16;15:42:35.031;DEBUG;79924;0000000000000000;BaslerControl::openCamera@32;"正在连接Basler相机... ..."
2025/04/16;15:42:35.298;DEBUG;79924;0000000000000000;BaslerControl::openCamera@43;"尝试连接第1台相机..."
2025/04/16;15:42:35.595;DEBUG;79924;0000000000000000;BaslerControl::openCamera@48;"尝试打开第1台Basler相机..."
2025/04/16;15:42:35.730;DEBUG;79924;0000000000000000;BaslerControl::openCamera@50;"已经打开第1台Basler相机"
2025/04/16;15:42:35.746;DEBUG;79924;0000000000000000;BaslerControl::openCamera@63;"第1台Basler相机连接成功"
2025/04/16;15:42:35.747;DEBUG;79924;0000000000000000;BaslerControl::openCamera@43;"尝试连接第2台相机..."
2025/04/16;15:42:35.902;DEBUG;79924;0000000000000000;BaslerControl::openCamera@48;"尝试打开第2台Basler相机..."
2025/04/16;15:42:36.035;DEBUG;79924;0000000000000000;BaslerControl::openCamera@50;"已经打开第2台Basler相机"
2025/04/16;15:42:36.059;DEBUG;79924;0000000000000000;BaslerControl::openCamera@63;"第2台Basler相机连接成功"
2025/04/16;15:42:36.059;DEBUG;79924;0000000000000000;BaslerControl::openCamera@43;"尝试连接第3台相机..."
2025/04/16;15:42:36.203;DEBUG;79924;0000000000000000;BaslerControl::openCamera@48;"尝试打开第3台Basler相机..."
2025/04/16;15:42:36.330;DEBUG;79924;0000000000000000;BaslerControl::openCamera@50;"已经打开第3台Basler相机"
2025/04/16;15:42:36.351;DEBUG;79924;0000000000000000;BaslerControl::openCamera@63;"第3台Basler相机连接成功"
2025/04/16;15:43:13.537;ERROR;79924;0000000000000000;BaslerControl::openCamera@151;"采图失败，退出采图程序。"
2025/04/16;15:43:13.855;DEBUG;13444;0000000000000000;BaslerControl::closeCamera@169;"Basler相机断开连接"
2025/04/16;15:43:56.920;DEBUG;75108;0000000000000000;BaslerControl::openCamera@32;"正在连接Basler相机... ..."
2025/04/16;15:43:57.189;DEBUG;75108;0000000000000000;BaslerControl::openCamera@43;"尝试连接第1台相机..."
2025/04/16;15:43:57.476;DEBUG;75108;0000000000000000;BaslerControl::openCamera@48;"尝试打开第1台Basler相机..."
2025/04/16;15:43:57.604;DEBUG;75108;0000000000000000;BaslerControl::openCamera@50;"已经打开第1台Basler相机"
2025/04/16;15:43:57.619;DEBUG;75108;0000000000000000;BaslerControl::openCamera@63;"第1台Basler相机连接成功"
2025/04/16;15:43:57.620;DEBUG;75108;0000000000000000;BaslerControl::openCamera@43;"尝试连接第2台相机..."
2025/04/16;15:43:57.762;DEBUG;75108;0000000000000000;BaslerControl::openCamera@48;"尝试打开第2台Basler相机..."
2025/04/16;15:43:58.394;DEBUG;75108;0000000000000000;BaslerControl::openCamera@50;"已经打开第2台Basler相机"
2025/04/16;15:43:58.418;DEBUG;75108;0000000000000000;BaslerControl::openCamera@63;"第2台Basler相机连接成功"
2025/04/16;15:43:58.418;DEBUG;75108;0000000000000000;BaslerControl::openCamera@43;"尝试连接第3台相机..."
2025/04/16;15:43:58.559;DEBUG;75108;0000000000000000;BaslerControl::openCamera@48;"尝试打开第3台Basler相机..."
2025/04/16;15:43:58.685;DEBUG;75108;0000000000000000;BaslerControl::openCamera@50;"已经打开第3台Basler相机"
2025/04/16;15:43:58.708;DEBUG;75108;0000000000000000;BaslerControl::openCamera@63;"第3台Basler相机连接成功"
2025/04/16;15:49:43.865;ERROR;75108;0000000000000000;BaslerControl::openCamera@151;"采图失败，退出采图程序。"
2025/04/16;15:49:44.130;DEBUG;65092;0000000000000000;BaslerControl::closeCamera@169;"Basler相机断开连接"
2025/04/16;15:53:48.499;DEBUG;63912;0000000000000000;BaslerControl::openCamera@32;"正在连接Basler相机... ..."
2025/04/16;15:53:48.766;DEBUG;63912;0000000000000000;BaslerControl::openCamera@43;"尝试连接第1台相机..."
2025/04/16;15:53:49.040;DEBUG;63912;0000000000000000;BaslerControl::openCamera@48;"尝试打开第1台Basler相机..."
2025/04/16;15:53:49.180;DEBUG;63912;0000000000000000;BaslerControl::openCamera@50;"已经打开第1台Basler相机"
2025/04/16;15:53:49.216;DEBUG;63912;0000000000000000;BaslerControl::openCamera@63;"第1台Basler相机连接成功"
2025/04/16;15:53:49.216;DEBUG;63912;0000000000000000;BaslerControl::openCamera@43;"尝试连接第2台相机..."
2025/04/16;15:53:49.375;DEBUG;63912;0000000000000000;BaslerControl::openCamera@48;"尝试打开第2台Basler相机..."
2025/04/16;15:53:49.491;DEBUG;63912;0000000000000000;BaslerControl::openCamera@50;"已经打开第2台Basler相机"
2025/04/16;15:53:49.513;DEBUG;63912;0000000000000000;BaslerControl::openCamera@63;"第2台Basler相机连接成功"
2025/04/16;15:53:49.513;DEBUG;63912;0000000000000000;BaslerControl::openCamera@43;"尝试连接第3台相机..."
2025/04/16;15:53:49.661;DEBUG;63912;0000000000000000;BaslerControl::openCamera@48;"尝试打开第3台Basler相机..."
2025/04/16;15:53:49.785;DEBUG;63912;0000000000000000;BaslerControl::openCamera@50;"已经打开第3台Basler相机"
2025/04/16;15:53:49.808;DEBUG;63912;0000000000000000;BaslerControl::openCamera@63;"第3台Basler相机连接成功"
2025/04/16;15:55:02.109;ERROR;63912;0000000000000000;BaslerControl::openCamera@151;"采图失败，退出采图程序。"
2025/04/16;15:55:02.386;DEBUG;102344;0000000000000000;BaslerControl::closeCamera@169;"Basler相机断开连接"
2025/04/16;15:57:22.242;DEBUG;74688;0000000000000000;BaslerControl::openCamera@32;"正在连接Basler相机... ..."
2025/04/16;15:57:22.507;DEBUG;74688;0000000000000000;BaslerControl::openCamera@43;"尝试连接第1台相机..."
2025/04/16;15:57:22.782;DEBUG;74688;0000000000000000;BaslerControl::openCamera@48;"尝试打开第1台Basler相机..."
2025/04/16;15:57:22.906;DEBUG;74688;0000000000000000;BaslerControl::openCamera@50;"已经打开第1台Basler相机"
2025/04/16;15:57:22.922;DEBUG;74688;0000000000000000;BaslerControl::openCamera@63;"第1台Basler相机连接成功"
2025/04/16;15:57:22.922;DEBUG;74688;0000000000000000;BaslerControl::openCamera@43;"尝试连接第2台相机..."
2025/04/16;15:57:23.065;DEBUG;74688;0000000000000000;BaslerControl::openCamera@48;"尝试打开第2台Basler相机..."
2025/04/16;15:57:23.194;DEBUG;74688;0000000000000000;BaslerControl::openCamera@50;"已经打开第2台Basler相机"
2025/04/16;15:57:23.215;DEBUG;74688;0000000000000000;BaslerControl::openCamera@63;"第2台Basler相机连接成功"
2025/04/16;15:57:23.215;DEBUG;74688;0000000000000000;BaslerControl::openCamera@43;"尝试连接第3台相机..."
2025/04/16;15:57:23.359;DEBUG;74688;0000000000000000;BaslerControl::openCamera@48;"尝试打开第3台Basler相机..."
2025/04/16;15:57:23.489;DEBUG;74688;0000000000000000;BaslerControl::openCamera@50;"已经打开第3台Basler相机"
2025/04/16;15:57:23.513;DEBUG;74688;0000000000000000;BaslerControl::openCamera@63;"第3台Basler相机连接成功"
2025/04/16;15:58:04.989;ERROR;74688;0000000000000000;BaslerControl::openCamera@151;"采图失败，退出采图程序。"
2025/04/16;15:58:05.342;DEBUG;17736;0000000000000000;BaslerControl::closeCamera@169;"Basler相机断开连接"
2025/04/16;15:58:34.837;DEBUG;33760;0000000000000000;BaslerControl::closeCamera@169;"Basler相机断开连接"
2025/04/16;16:00:13.835;DEBUG;46424;0000000000000000;BaslerControl::closeCamera@171;"Basler相机断开连接"
2025/04/16;16:01:17.873;DEBUG;109000;0000000000000000;BaslerControl::openCamera@32;"正在连接Basler相机... ..."
2025/04/16;16:01:18.139;DEBUG;109000;0000000000000000;BaslerControl::openCamera@43;"尝试连接第1台相机..."
2025/04/16;16:01:18.367;DEBUG;109000;0000000000000000;BaslerControl::openCamera@48;"尝试打开第1台Basler相机..."
2025/04/16;16:01:18.448;DEBUG;109000;0000000000000000;BaslerControl::openCamera@50;"已经打开第1台Basler相机"
2025/04/16;16:01:18.464;DEBUG;109000;0000000000000000;BaslerControl::openCamera@63;"第1台Basler相机连接成功"
2025/04/16;16:01:18.464;DEBUG;109000;0000000000000000;BaslerControl::openCamera@43;"尝试连接第2台相机..."
2025/04/16;16:01:18.604;DEBUG;109000;0000000000000000;BaslerControl::openCamera@48;"尝试打开第2台Basler相机..."
2025/04/16;16:01:18.722;DEBUG;109000;0000000000000000;BaslerControl::openCamera@50;"已经打开第2台Basler相机"
2025/04/16;16:01:18.743;DEBUG;109000;0000000000000000;BaslerControl::openCamera@63;"第2台Basler相机连接成功"
2025/04/16;16:01:18.743;DEBUG;109000;0000000000000000;BaslerControl::openCamera@43;"尝试连接第3台相机..."
2025/04/16;16:01:18.886;DEBUG;109000;0000000000000000;BaslerControl::openCamera@48;"尝试打开第3台Basler相机..."
2025/04/16;16:01:19.006;DEBUG;109000;0000000000000000;BaslerControl::openCamera@50;"已经打开第3台Basler相机"
2025/04/16;16:01:19.029;DEBUG;109000;0000000000000000;BaslerControl::openCamera@63;"第3台Basler相机连接成功"
2025/04/16;16:02:10.871;DEBUG;44420;0000000000000000;BaslerControl::closeCamera@171;"Basler相机断开连接"
2025/04/16;16:02:15.985;DEBUG;93504;0000000000000000;BaslerControl::openCamera@32;"正在连接Basler相机... ..."
2025/04/16;16:02:16.252;DEBUG;93504;0000000000000000;BaslerControl::openCamera@43;"尝试连接第1台相机..."
2025/04/16;16:02:16.496;DEBUG;93504;0000000000000000;BaslerControl::openCamera@48;"尝试打开第1台Basler相机..."
2025/04/16;16:02:16.578;DEBUG;93504;0000000000000000;BaslerControl::openCamera@50;"已经打开第1台Basler相机"
2025/04/16;16:02:16.596;DEBUG;93504;0000000000000000;BaslerControl::openCamera@63;"第1台Basler相机连接成功"
2025/04/16;16:02:16.596;DEBUG;93504;0000000000000000;BaslerControl::openCamera@43;"尝试连接第2台相机..."
2025/04/16;16:02:16.740;DEBUG;93504;0000000000000000;BaslerControl::openCamera@48;"尝试打开第2台Basler相机..."
2025/04/16;16:02:16.860;DEBUG;93504;0000000000000000;BaslerControl::openCamera@50;"已经打开第2台Basler相机"
2025/04/16;16:02:16.882;DEBUG;93504;0000000000000000;BaslerControl::openCamera@63;"第2台Basler相机连接成功"
2025/04/16;16:02:16.882;DEBUG;93504;0000000000000000;BaslerControl::openCamera@43;"尝试连接第3台相机..."
2025/04/16;16:02:17.025;DEBUG;93504;0000000000000000;BaslerControl::openCamera@48;"尝试打开第3台Basler相机..."
2025/04/16;16:02:17.145;DEBUG;93504;0000000000000000;BaslerControl::openCamera@50;"已经打开第3台Basler相机"
2025/04/16;16:02:17.168;DEBUG;93504;0000000000000000;BaslerControl::openCamera@63;"第3台Basler相机连接成功"
2025/04/16;16:04:23.219;ERROR;93504;0000000000000000;BaslerControl::openCamera@153;"采图失败，退出采图程序。"
2025/04/16;16:04:23.480;DEBUG;90712;0000000000000000;BaslerControl::closeCamera@171;"Basler相机断开连接"
2025/04/16;16:04:37.858;DEBUG;43620;0000000000000000;BaslerControl::closeCamera@172;"Basler相机断开连接"
2025/04/16;16:04:44.516;DEBUG;97592;0000000000000000;BaslerControl::openCamera@32;"正在连接Basler相机... ..."
2025/04/16;16:04:44.782;DEBUG;97592;0000000000000000;BaslerControl::openCamera@43;"尝试连接第1台相机..."
2025/04/16;16:04:45.060;DEBUG;97592;0000000000000000;BaslerControl::openCamera@48;"尝试打开第1台Basler相机..."
2025/04/16;16:04:45.691;DEBUG;97592;0000000000000000;BaslerControl::openCamera@50;"已经打开第1台Basler相机"
2025/04/16;16:04:45.708;DEBUG;97592;0000000000000000;BaslerControl::openCamera@63;"第1台Basler相机连接成功"
2025/04/16;16:04:45.708;DEBUG;97592;0000000000000000;BaslerControl::openCamera@43;"尝试连接第2台相机..."
2025/04/16;16:04:45.860;DEBUG;97592;0000000000000000;BaslerControl::openCamera@48;"尝试打开第2台Basler相机..."
2025/04/16;16:04:45.991;DEBUG;97592;0000000000000000;BaslerControl::openCamera@50;"已经打开第2台Basler相机"
2025/04/16;16:04:46.014;DEBUG;97592;0000000000000000;BaslerControl::openCamera@63;"第2台Basler相机连接成功"
2025/04/16;16:04:46.014;DEBUG;97592;0000000000000000;BaslerControl::openCamera@43;"尝试连接第3台相机..."
2025/04/16;16:04:46.158;DEBUG;97592;0000000000000000;BaslerControl::openCamera@48;"尝试打开第3台Basler相机..."
2025/04/16;16:04:46.286;DEBUG;97592;0000000000000000;BaslerControl::openCamera@50;"已经打开第3台Basler相机"
2025/04/16;16:04:46.307;DEBUG;97592;0000000000000000;BaslerControl::openCamera@63;"第3台Basler相机连接成功"
2025/04/16;16:05:04.999;DEBUG;67652;0000000000000000;BaslerControl::closeCamera@172;"Basler相机断开连接"
2025/04/16;16:06:15.348;DEBUG;88868;0000000000000000;BaslerControl::openCamera@32;"正在连接Basler相机... ..."
2025/04/16;16:06:15.616;DEBUG;88868;0000000000000000;BaslerControl::openCamera@43;"尝试连接第1台相机..."
2025/04/16;16:06:15.819;DEBUG;88868;0000000000000000;BaslerControl::openCamera@48;"尝试打开第1台Basler相机..."
2025/04/16;16:06:15.904;DEBUG;88868;0000000000000000;BaslerControl::openCamera@50;"已经打开第1台Basler相机"
2025/04/16;16:06:15.922;DEBUG;88868;0000000000000000;BaslerControl::openCamera@63;"第1台Basler相机连接成功"
2025/04/16;16:06:15.922;DEBUG;88868;0000000000000000;BaslerControl::openCamera@43;"尝试连接第2台相机..."
2025/04/16;16:06:16.073;DEBUG;88868;0000000000000000;BaslerControl::openCamera@48;"尝试打开第2台Basler相机..."
2025/04/16;16:06:16.195;DEBUG;88868;0000000000000000;BaslerControl::openCamera@50;"已经打开第2台Basler相机"
2025/04/16;16:06:16.218;DEBUG;88868;0000000000000000;BaslerControl::openCamera@63;"第2台Basler相机连接成功"
2025/04/16;16:06:16.218;DEBUG;88868;0000000000000000;BaslerControl::openCamera@43;"尝试连接第3台相机..."
2025/04/16;16:06:16.377;DEBUG;88868;0000000000000000;BaslerControl::openCamera@48;"尝试打开第3台Basler相机..."
2025/04/16;16:06:16.501;DEBUG;88868;0000000000000000;BaslerControl::openCamera@50;"已经打开第3台Basler相机"
2025/04/16;16:06:16.524;DEBUG;88868;0000000000000000;BaslerControl::openCamera@63;"第3台Basler相机连接成功"
2025/04/16;16:07:08.197;DEBUG;20532;0000000000000000;BaslerControl::closeCamera@172;"Basler相机断开连接"
2025/04/16;16:07:21.986;DEBUG;11212;0000000000000000;BaslerControl::openCamera@32;"正在连接Basler相机... ..."
2025/04/16;16:07:22.251;DEBUG;11212;0000000000000000;BaslerControl::openCamera@43;"尝试连接第1台相机..."
2025/04/16;16:07:22.442;DEBUG;11212;0000000000000000;BaslerControl::openCamera@48;"尝试打开第1台Basler相机..."
2025/04/16;16:07:22.524;DEBUG;11212;0000000000000000;BaslerControl::openCamera@50;"已经打开第1台Basler相机"
2025/04/16;16:07:22.540;DEBUG;11212;0000000000000000;BaslerControl::openCamera@63;"第1台Basler相机连接成功"
2025/04/16;16:07:22.540;DEBUG;11212;0000000000000000;BaslerControl::openCamera@43;"尝试连接第2台相机..."
2025/04/16;16:07:22.686;DEBUG;11212;0000000000000000;BaslerControl::openCamera@48;"尝试打开第2台Basler相机..."
2025/04/16;16:07:23.317;DEBUG;11212;0000000000000000;BaslerControl::openCamera@50;"已经打开第2台Basler相机"
2025/04/16;16:07:23.342;DEBUG;11212;0000000000000000;BaslerControl::openCamera@63;"第2台Basler相机连接成功"
2025/04/16;16:07:23.342;DEBUG;11212;0000000000000000;BaslerControl::openCamera@43;"尝试连接第3台相机..."
2025/04/16;16:07:23.482;DEBUG;11212;0000000000000000;BaslerControl::openCamera@48;"尝试打开第3台Basler相机..."
2025/04/16;16:07:23.614;DEBUG;11212;0000000000000000;BaslerControl::openCamera@50;"已经打开第3台Basler相机"
2025/04/16;16:07:23.637;DEBUG;11212;0000000000000000;BaslerControl::openCamera@63;"第3台Basler相机连接成功"
2025/04/16;16:07:33.838;DEBUG;103748;0000000000000000;BaslerControl::closeCamera@172;"Basler相机断开连接"
2025/04/16;16:08:13.304;DEBUG;102012;0000000000000000;BaslerControl::openCamera@32;"正在连接Basler相机... ..."
2025/04/16;16:08:13.570;DEBUG;102012;0000000000000000;BaslerControl::openCamera@43;"尝试连接第1台相机..."
2025/04/16;16:08:13.857;DEBUG;102012;0000000000000000;BaslerControl::openCamera@48;"尝试打开第1台Basler相机..."
2025/04/16;16:08:13.999;DEBUG;102012;0000000000000000;BaslerControl::openCamera@50;"已经打开第1台Basler相机"
2025/04/16;16:08:14.024;DEBUG;102012;0000000000000000;BaslerControl::openCamera@63;"第1台Basler相机连接成功"
2025/04/16;16:08:14.024;DEBUG;102012;0000000000000000;BaslerControl::openCamera@43;"尝试连接第2台相机..."
2025/04/16;16:08:14.167;DEBUG;102012;0000000000000000;BaslerControl::openCamera@48;"尝试打开第2台Basler相机..."
2025/04/16;16:08:14.283;DEBUG;102012;0000000000000000;BaslerControl::openCamera@50;"已经打开第2台Basler相机"
2025/04/16;16:08:14.306;DEBUG;102012;0000000000000000;BaslerControl::openCamera@63;"第2台Basler相机连接成功"
2025/04/16;16:08:14.306;DEBUG;102012;0000000000000000;BaslerControl::openCamera@43;"尝试连接第3台相机..."
2025/04/16;16:08:14.458;DEBUG;102012;0000000000000000;BaslerControl::openCamera@48;"尝试打开第3台Basler相机..."
2025/04/16;16:08:14.589;DEBUG;102012;0000000000000000;BaslerControl::openCamera@50;"已经打开第3台Basler相机"
2025/04/16;16:08:14.613;DEBUG;102012;0000000000000000;BaslerControl::openCamera@63;"第3台Basler相机连接成功"
2025/04/16;16:08:23.097;DEBUG;96412;0000000000000000;BaslerControl::closeCamera@177;"Basler相机断开连接"
2025/04/16;16:13:34.284;DEBUG;15720;0000000000000000;BaslerControl::openCamera@32;"正在连接Basler相机... ..."
2025/04/16;16:13:34.550;DEBUG;15720;0000000000000000;BaslerControl::openCamera@43;"尝试连接第1台相机..."
2025/04/16;16:13:34.824;DEBUG;15720;0000000000000000;BaslerControl::openCamera@48;"尝试打开第1台Basler相机..."
2025/04/16;16:13:34.963;DEBUG;15720;0000000000000000;BaslerControl::openCamera@50;"已经打开第1台Basler相机"
2025/04/16;16:13:34.979;DEBUG;15720;0000000000000000;BaslerControl::openCamera@63;"第1台Basler相机连接成功"
2025/04/16;16:13:34.979;DEBUG;15720;0000000000000000;BaslerControl::openCamera@43;"尝试连接第2台相机..."
2025/04/16;16:13:35.128;DEBUG;15720;0000000000000000;BaslerControl::openCamera@48;"尝试打开第2台Basler相机..."
2025/04/16;16:13:35.774;DEBUG;15720;0000000000000000;BaslerControl::openCamera@50;"已经打开第2台Basler相机"
2025/04/16;16:13:35.797;DEBUG;15720;0000000000000000;BaslerControl::openCamera@63;"第2台Basler相机连接成功"
2025/04/16;16:13:35.797;DEBUG;15720;0000000000000000;BaslerControl::openCamera@43;"尝试连接第3台相机..."
2025/04/16;16:13:35.954;DEBUG;15720;0000000000000000;BaslerControl::openCamera@48;"尝试打开第3台Basler相机..."
2025/04/16;16:13:36.086;DEBUG;15720;0000000000000000;BaslerControl::openCamera@50;"已经打开第3台Basler相机"
2025/04/16;16:13:36.109;DEBUG;15720;0000000000000000;BaslerControl::openCamera@63;"第3台Basler相机连接成功"
2025/04/16;16:13:49.247;DEBUG;78728;0000000000000000;BaslerControl::closeCamera@178;"Basler相机断开连接"
2025/04/16;16:14:05.116;DEBUG;77372;0000000000000000;BaslerControl::openCamera@32;"正在连接Basler相机... ..."
2025/04/16;16:14:05.382;DEBUG;77372;0000000000000000;BaslerControl::openCamera@43;"尝试连接第1台相机..."
2025/04/16;16:14:05.678;DEBUG;77372;0000000000000000;BaslerControl::openCamera@48;"尝试打开第1台Basler相机..."
2025/04/16;16:14:05.826;DEBUG;77372;0000000000000000;BaslerControl::openCamera@50;"已经打开第1台Basler相机"
2025/04/16;16:14:05.844;DEBUG;77372;0000000000000000;BaslerControl::openCamera@63;"第1台Basler相机连接成功"
2025/04/16;16:14:05.844;DEBUG;77372;0000000000000000;BaslerControl::openCamera@43;"尝试连接第2台相机..."
2025/04/16;16:14:05.996;DEBUG;77372;0000000000000000;BaslerControl::openCamera@48;"尝试打开第2台Basler相机..."
2025/04/16;16:14:06.126;DEBUG;77372;0000000000000000;BaslerControl::openCamera@50;"已经打开第2台Basler相机"
2025/04/16;16:14:06.148;DEBUG;77372;0000000000000000;BaslerControl::openCamera@63;"第2台Basler相机连接成功"
2025/04/16;16:14:06.148;DEBUG;77372;0000000000000000;BaslerControl::openCamera@43;"尝试连接第3台相机..."
2025/04/16;16:14:06.309;DEBUG;77372;0000000000000000;BaslerControl::openCamera@48;"尝试打开第3台Basler相机..."
2025/04/16;16:14:06.440;DEBUG;77372;0000000000000000;BaslerControl::openCamera@50;"已经打开第3台Basler相机"
2025/04/16;16:14:06.463;DEBUG;77372;0000000000000000;BaslerControl::openCamera@63;"第3台Basler相机连接成功"
2025/04/16;16:14:13.730;DEBUG;76856;0000000000000000;BaslerControl::closeCamera@178;"Basler相机断开连接"
2025/04/16;16:14:44.937;DEBUG;47264;0000000000000000;BaslerControl::openCamera@32;"正在连接Basler相机... ..."
2025/04/16;16:14:45.204;DEBUG;47264;0000000000000000;BaslerControl::openCamera@43;"尝试连接第1台相机..."
2025/04/16;16:14:45.348;DEBUG;47264;0000000000000000;BaslerControl::openCamera@48;"尝试打开第1台Basler相机..."
2025/04/16;16:14:45.430;DEBUG;47264;0000000000000000;BaslerControl::openCamera@50;"已经打开第1台Basler相机"
2025/04/16;16:14:45.446;DEBUG;47264;0000000000000000;BaslerControl::openCamera@63;"第1台Basler相机连接成功"
2025/04/16;16:14:45.446;DEBUG;47264;0000000000000000;BaslerControl::openCamera@43;"尝试连接第2台相机..."
2025/04/16;16:14:45.591;DEBUG;47264;0000000000000000;BaslerControl::openCamera@48;"尝试打开第2台Basler相机..."
2025/04/16;16:14:45.711;DEBUG;47264;0000000000000000;BaslerControl::openCamera@50;"已经打开第2台Basler相机"
2025/04/16;16:14:45.733;DEBUG;47264;0000000000000000;BaslerControl::openCamera@63;"第2台Basler相机连接成功"
2025/04/16;16:14:45.733;DEBUG;47264;0000000000000000;BaslerControl::openCamera@43;"尝试连接第3台相机..."
2025/04/16;16:14:45.891;DEBUG;47264;0000000000000000;BaslerControl::openCamera@48;"尝试打开第3台Basler相机..."
2025/04/16;16:14:46.019;DEBUG;47264;0000000000000000;BaslerControl::openCamera@50;"已经打开第3台Basler相机"
2025/04/16;16:14:46.041;DEBUG;47264;0000000000000000;BaslerControl::openCamera@63;"第3台Basler相机连接成功"
2025/04/16;16:14:52.959;DEBUG;91188;0000000000000000;BaslerControl::closeCamera@178;"Basler相机断开连接"
2025/04/16;16:15:27.485;DEBUG;22608;0000000000000000;BaslerControl::openCamera@32;"正在连接Basler相机... ..."
2025/04/16;16:15:27.751;DEBUG;22608;0000000000000000;BaslerControl::openCamera@43;"尝试连接第1台相机..."
2025/04/16;16:15:28.024;DEBUG;22608;0000000000000000;BaslerControl::openCamera@48;"尝试打开第1台Basler相机..."
2025/04/16;16:15:28.165;DEBUG;22608;0000000000000000;BaslerControl::openCamera@50;"已经打开第1台Basler相机"
2025/04/16;16:15:28.199;DEBUG;22608;0000000000000000;BaslerControl::openCamera@63;"第1台Basler相机连接成功"
2025/04/16;16:15:28.200;DEBUG;22608;0000000000000000;BaslerControl::openCamera@43;"尝试连接第2台相机..."
2025/04/16;16:15:28.357;DEBUG;22608;0000000000000000;BaslerControl::openCamera@48;"尝试打开第2台Basler相机..."
2025/04/16;16:15:28.474;DEBUG;22608;0000000000000000;BaslerControl::openCamera@50;"已经打开第2台Basler相机"
2025/04/16;16:15:28.495;DEBUG;22608;0000000000000000;BaslerControl::openCamera@63;"第2台Basler相机连接成功"
2025/04/16;16:15:28.495;DEBUG;22608;0000000000000000;BaslerControl::openCamera@43;"尝试连接第3台相机..."
2025/04/16;16:15:28.634;DEBUG;22608;0000000000000000;BaslerControl::openCamera@48;"尝试打开第3台Basler相机..."
2025/04/16;16:15:28.760;DEBUG;22608;0000000000000000;BaslerControl::openCamera@50;"已经打开第3台Basler相机"
2025/04/16;16:15:28.782;DEBUG;22608;0000000000000000;BaslerControl::openCamera@63;"第3台Basler相机连接成功"
2025/04/16;16:15:39.673;DEBUG;31008;0000000000000000;BaslerControl::closeCamera@180;"Basler相机断开连接"
2025/04/16;16:16:56.591;DEBUG;97040;0000000000000000;BaslerControl::openCamera@32;"正在连接Basler相机... ..."
2025/04/16;16:16:56.858;DEBUG;97040;0000000000000000;BaslerControl::openCamera@43;"尝试连接第1台相机..."
2025/04/16;16:16:57.134;DEBUG;97040;0000000000000000;BaslerControl::openCamera@48;"尝试打开第1台Basler相机..."
2025/04/16;16:16:57.773;DEBUG;97040;0000000000000000;BaslerControl::openCamera@50;"已经打开第1台Basler相机"
2025/04/16;16:16:57.789;DEBUG;97040;0000000000000000;BaslerControl::openCamera@63;"第1台Basler相机连接成功"
2025/04/16;16:16:57.789;DEBUG;97040;0000000000000000;BaslerControl::openCamera@43;"尝试连接第2台相机..."
2025/04/16;16:16:57.945;DEBUG;97040;0000000000000000;BaslerControl::openCamera@48;"尝试打开第2台Basler相机..."
2025/04/16;16:16:58.078;DEBUG;97040;0000000000000000;BaslerControl::openCamera@50;"已经打开第2台Basler相机"
2025/04/16;16:16:58.101;DEBUG;97040;0000000000000000;BaslerControl::openCamera@63;"第2台Basler相机连接成功"
2025/04/16;16:16:58.101;DEBUG;97040;0000000000000000;BaslerControl::openCamera@43;"尝试连接第3台相机..."
2025/04/16;16:16:58.247;DEBUG;97040;0000000000000000;BaslerControl::openCamera@48;"尝试打开第3台Basler相机..."
2025/04/16;16:16:58.379;DEBUG;97040;0000000000000000;BaslerControl::openCamera@50;"已经打开第3台Basler相机"
2025/04/16;16:16:58.402;DEBUG;97040;0000000000000000;BaslerControl::openCamera@63;"第3台Basler相机连接成功"
2025/04/16;16:20:03.196;DEBUG;6876;0000000000000000;BaslerControl::openCamera@32;"正在连接Basler相机... ..."
2025/04/16;16:20:03.494;DEBUG;6876;0000000000000000;BaslerControl::openCamera@43;"尝试连接第1台相机..."
2025/04/16;16:20:03.882;DEBUG;6876;0000000000000000;BaslerControl::openCamera@48;"尝试打开第1台Basler相机..."
2025/04/16;16:20:03.997;DEBUG;6876;0000000000000000;BaslerControl::openCamera@50;"已经打开第1台Basler相机"
2025/04/16;16:20:04.031;DEBUG;6876;0000000000000000;BaslerControl::openCamera@63;"第1台Basler相机连接成功"
2025/04/16;16:20:04.031;DEBUG;6876;0000000000000000;BaslerControl::openCamera@43;"尝试连接第2台相机..."
2025/04/16;16:20:04.242;DEBUG;6876;0000000000000000;BaslerControl::openCamera@48;"尝试打开第2台Basler相机..."
2025/04/16;16:20:04.897;DEBUG;6876;0000000000000000;BaslerControl::openCamera@50;"已经打开第2台Basler相机"
2025/04/16;16:20:04.938;DEBUG;6876;0000000000000000;BaslerControl::openCamera@63;"第2台Basler相机连接成功"
2025/04/16;16:20:04.938;DEBUG;6876;0000000000000000;BaslerControl::openCamera@43;"尝试连接第3台相机..."
2025/04/16;16:20:05.147;DEBUG;6876;0000000000000000;BaslerControl::openCamera@48;"尝试打开第3台Basler相机..."
2025/04/16;16:20:05.284;DEBUG;6876;0000000000000000;BaslerControl::openCamera@50;"已经打开第3台Basler相机"
2025/04/16;16:20:05.325;DEBUG;6876;0000000000000000;BaslerControl::openCamera@63;"第3台Basler相机连接成功"
2025/04/16;16:21:19.901;DEBUG;26916;0000000000000000;BaslerControl::openCamera@32;"正在连接Basler相机... ..."
2025/04/16;16:21:20.166;DEBUG;26916;0000000000000000;BaslerControl::openCamera@43;"尝试连接第1台相机..."
2025/04/16;16:21:20.292;DEBUG;26916;0000000000000000;BaslerControl::openCamera@48;"尝试打开第1台Basler相机..."
2025/04/16;16:21:20.293;ERROR;26916;0000000000000000;BaslerControl::openCamera@53;"Basler相机连接失败，可能存在其它程序正在使用相机"
2025/04/16;16:21:22.587;DEBUG;26916;0000000000000000;BaslerControl::closeCamera@173;"Basler相机断开连接"
2025/04/16;16:21:24.177;DEBUG;69940;0000000000000000;BaslerControl::closeCamera@173;"Basler相机断开连接"
2025/04/16;16:23:01.128;DEBUG;18712;0000000000000000;BaslerControl::openCamera@32;"正在连接Basler相机... ..."
2025/04/16;16:23:01.484;DEBUG;18712;0000000000000000;BaslerControl::openCamera@43;"尝试连接第1台相机..."
2025/04/16;16:23:01.726;DEBUG;18712;0000000000000000;BaslerControl::openCamera@48;"尝试打开第1台Basler相机..."
2025/04/16;16:23:01.763;ERROR;18712;0000000000000000;BaslerControl::openCamera@53;"Basler相机连接失败，可能存在其它程序正在使用相机"
2025/04/16;16:23:10.234;DEBUG;18712;0000000000000000;BaslerControl::closeCamera@173;"Basler相机断开连接"
2025/04/16;16:23:11.402;DEBUG;18712;0000000000000000;BaslerControl::openCamera@32;"正在连接Basler相机... ..."
2025/04/16;16:23:11.689;DEBUG;18712;0000000000000000;BaslerControl::openCamera@43;"尝试连接第1台相机..."
2025/04/16;16:23:14.522;DEBUG;18712;0000000000000000;BaslerControl::openCamera@48;"尝试打开第1台Basler相机..."
2025/04/16;16:23:14.544;ERROR;18712;0000000000000000;BaslerControl::openCamera@53;"Basler相机连接失败，可能存在其它程序正在使用相机"
2025/04/16;16:23:17.133;DEBUG;7928;0000000000000000;BaslerControl::closeCamera@173;"Basler相机断开连接"
2025/04/16;16:23:41.906;DEBUG;92516;0000000000000000;BaslerControl::openCamera@32;"正在连接Basler相机... ..."
2025/04/16;16:23:42.173;DEBUG;92516;0000000000000000;BaslerControl::openCamera@43;"尝试连接第1台相机..."
2025/04/16;16:23:42.293;DEBUG;92516;0000000000000000;BaslerControl::openCamera@48;"尝试打开第1台Basler相机..."
2025/04/16;16:23:42.294;ERROR;92516;0000000000000000;BaslerControl::openCamera@53;"Basler相机连接失败，可能存在其它程序正在使用相机"
2025/04/16;16:23:44.128;DEBUG;92516;0000000000000000;BaslerControl::closeCamera@173;"Basler相机断开连接"
2025/04/16;16:23:44.705;DEBUG;92516;0000000000000000;BaslerControl::openCamera@32;"正在连接Basler相机... ..."
2025/04/16;16:23:44.970;DEBUG;92516;0000000000000000;BaslerControl::openCamera@43;"尝试连接第1台相机..."
2025/04/16;16:23:45.091;DEBUG;92516;0000000000000000;BaslerControl::openCamera@48;"尝试打开第1台Basler相机..."
2025/04/16;16:23:45.092;ERROR;92516;0000000000000000;BaslerControl::openCamera@53;"Basler相机连接失败，可能存在其它程序正在使用相机"
2025/04/16;16:23:45.776;DEBUG;92516;0000000000000000;BaslerControl::openCamera@32;"正在连接Basler相机... ..."
2025/04/16;16:23:46.027;DEBUG;92516;0000000000000000;BaslerControl::openCamera@43;"尝试连接第1台相机..."
2025/04/16;16:23:46.161;DEBUG;92516;0000000000000000;BaslerControl::openCamera@48;"尝试打开第1台Basler相机..."
2025/04/16;16:23:46.162;ERROR;92516;0000000000000000;BaslerControl::openCamera@53;"Basler相机连接失败，可能存在其它程序正在使用相机"
2025/04/16;16:23:46.647;DEBUG;92516;0000000000000000;BaslerControl::openCamera@32;"正在连接Basler相机... ..."
2025/04/16;16:23:46.897;DEBUG;92516;0000000000000000;BaslerControl::openCamera@43;"尝试连接第1台相机..."
2025/04/16;16:23:47.020;DEBUG;92516;0000000000000000;BaslerControl::openCamera@48;"尝试打开第1台Basler相机..."
2025/04/16;16:23:47.021;ERROR;92516;0000000000000000;BaslerControl::openCamera@53;"Basler相机连接失败，可能存在其它程序正在使用相机"
2025/04/16;16:26:56.476;DEBUG;51144;0000000000000000;BaslerControl::closeCamera@173;"Basler相机断开连接"
2025/04/16;16:27:05.753;DEBUG;54592;0000000000000000;BaslerControl::openCamera@32;"正在连接Basler相机... ..."
2025/04/16;16:27:06.020;DEBUG;54592;0000000000000000;BaslerControl::openCamera@43;"尝试连接第1台相机..."
2025/04/16;16:27:06.293;DEBUG;54592;0000000000000000;BaslerControl::openCamera@48;"尝试打开第1台Basler相机..."
2025/04/16;16:27:06.375;DEBUG;54592;0000000000000000;BaslerControl::openCamera@50;"已经打开第1台Basler相机"
2025/04/16;16:27:06.391;DEBUG;54592;0000000000000000;BaslerControl::openCamera@63;"第1台Basler相机连接成功"
2025/04/16;16:27:06.391;DEBUG;54592;0000000000000000;BaslerControl::openCamera@43;"尝试连接第2台相机..."
2025/04/16;16:27:06.539;DEBUG;54592;0000000000000000;BaslerControl::openCamera@48;"尝试打开第2台Basler相机..."
2025/04/16;16:27:06.659;DEBUG;54592;0000000000000000;BaslerControl::openCamera@50;"已经打开第2台Basler相机"
2025/04/16;16:27:06.681;DEBUG;54592;0000000000000000;BaslerControl::openCamera@63;"第2台Basler相机连接成功"
2025/04/16;16:27:06.681;DEBUG;54592;0000000000000000;BaslerControl::openCamera@43;"尝试连接第3台相机..."
2025/04/16;16:27:06.825;DEBUG;54592;0000000000000000;BaslerControl::openCamera@48;"尝试打开第3台Basler相机..."
2025/04/16;16:27:06.958;DEBUG;54592;0000000000000000;BaslerControl::openCamera@50;"已经打开第3台Basler相机"
2025/04/16;16:27:06.982;DEBUG;54592;0000000000000000;BaslerControl::openCamera@63;"第3台Basler相机连接成功"
2025/04/16;16:28:14.875;DEBUG;42284;0000000000000000;BaslerControl::closeCamera@173;"Basler相机断开连接"
2025/04/16;16:30:20.585;DEBUG;76092;0000000000000000;BaslerControl::openCamera@32;"正在连接Basler相机... ..."
2025/04/16;16:30:20.851;DEBUG;76092;0000000000000000;BaslerControl::openCamera@43;"尝试连接第1台相机..."
2025/04/16;16:30:21.134;DEBUG;76092;0000000000000000;BaslerControl::openCamera@48;"尝试打开第1台Basler相机..."
2025/04/16;16:30:21.220;DEBUG;76092;0000000000000000;BaslerControl::openCamera@50;"已经打开第1台Basler相机"
2025/04/16;16:30:21.235;DEBUG;76092;0000000000000000;BaslerControl::openCamera@63;"第1台Basler相机连接成功"
2025/04/16;16:30:21.235;DEBUG;76092;0000000000000000;BaslerControl::openCamera@43;"尝试连接第2台相机..."
2025/04/16;16:30:21.392;DEBUG;76092;0000000000000000;BaslerControl::openCamera@48;"尝试打开第2台Basler相机..."
2025/04/16;16:30:21.508;DEBUG;76092;0000000000000000;BaslerControl::openCamera@50;"已经打开第2台Basler相机"
2025/04/16;16:30:21.530;DEBUG;76092;0000000000000000;BaslerControl::openCamera@63;"第2台Basler相机连接成功"
2025/04/16;16:30:21.530;DEBUG;76092;0000000000000000;BaslerControl::openCamera@43;"尝试连接第3台相机..."
2025/04/16;16:30:21.688;DEBUG;76092;0000000000000000;BaslerControl::openCamera@48;"尝试打开第3台Basler相机..."
2025/04/16;16:30:21.820;DEBUG;76092;0000000000000000;BaslerControl::openCamera@50;"已经打开第3台Basler相机"
2025/04/16;16:30:21.845;DEBUG;76092;0000000000000000;BaslerControl::openCamera@63;"第3台Basler相机连接成功"
2025/04/16;16:31:41.687;DEBUG;16812;0000000000000000;BaslerControl::closeCamera@173;"Basler相机断开连接"
2025/04/16;16:32:43.706;DEBUG;107276;0000000000000000;BaslerControl::openCamera@32;"正在连接Basler相机... ..."
2025/04/16;16:32:43.973;DEBUG;107276;0000000000000000;BaslerControl::openCamera@43;"尝试连接第1台相机..."
2025/04/16;16:32:44.258;DEBUG;107276;0000000000000000;BaslerControl::openCamera@48;"尝试打开第1台Basler相机..."
2025/04/16;16:32:44.399;DEBUG;107276;0000000000000000;BaslerControl::openCamera@50;"已经打开第1台Basler相机"
2025/04/16;16:32:44.429;DEBUG;107276;0000000000000000;BaslerControl::openCamera@63;"第1台Basler相机连接成功"
2025/04/16;16:32:44.429;DEBUG;107276;0000000000000000;BaslerControl::openCamera@43;"尝试连接第2台相机..."
2025/04/16;16:32:44.566;DEBUG;107276;0000000000000000;BaslerControl::openCamera@48;"尝试打开第2台Basler相机..."
2025/04/16;16:32:44.685;DEBUG;107276;0000000000000000;BaslerControl::openCamera@50;"已经打开第2台Basler相机"
2025/04/16;16:32:44.704;DEBUG;107276;0000000000000000;BaslerControl::openCamera@63;"第2台Basler相机连接成功"
2025/04/16;16:32:44.704;DEBUG;107276;0000000000000000;BaslerControl::openCamera@43;"尝试连接第3台相机..."
2025/04/16;16:32:44.847;DEBUG;107276;0000000000000000;BaslerControl::openCamera@48;"尝试打开第3台Basler相机..."
2025/04/16;16:32:44.968;DEBUG;107276;0000000000000000;BaslerControl::openCamera@50;"已经打开第3台Basler相机"
2025/04/16;16:32:44.991;DEBUG;107276;0000000000000000;BaslerControl::openCamera@63;"第3台Basler相机连接成功"
2025/04/16;16:33:21.801;DEBUG;14376;0000000000000000;BaslerControl::closeCamera@173;"Basler相机断开连接"
2025/04/16;16:34:09.033;DEBUG;110300;0000000000000000;BaslerControl::openCamera@32;"正在连接Basler相机... ..."
2025/04/16;16:34:09.299;DEBUG;110300;0000000000000000;BaslerControl::openCamera@43;"尝试连接第1台相机..."
2025/04/16;16:34:09.525;DEBUG;110300;0000000000000000;BaslerControl::openCamera@48;"尝试打开第1台Basler相机..."
2025/04/16;16:34:09.625;DEBUG;110300;0000000000000000;BaslerControl::openCamera@50;"已经打开第1台Basler相机"
2025/04/16;16:34:09.642;DEBUG;110300;0000000000000000;BaslerControl::openCamera@63;"第1台Basler相机连接成功"
2025/04/16;16:34:09.642;DEBUG;110300;0000000000000000;BaslerControl::openCamera@43;"尝试连接第2台相机..."
2025/04/16;16:34:09.804;DEBUG;110300;0000000000000000;BaslerControl::openCamera@48;"尝试打开第2台Basler相机..."
2025/04/16;16:34:09.926;DEBUG;110300;0000000000000000;BaslerControl::openCamera@50;"已经打开第2台Basler相机"
2025/04/16;16:34:09.952;DEBUG;110300;0000000000000000;BaslerControl::openCamera@63;"第2台Basler相机连接成功"
2025/04/16;16:34:09.952;DEBUG;110300;0000000000000000;BaslerControl::openCamera@43;"尝试连接第3台相机..."
2025/04/16;16:34:10.130;DEBUG;110300;0000000000000000;BaslerControl::openCamera@48;"尝试打开第3台Basler相机..."
2025/04/16;16:34:10.265;DEBUG;110300;0000000000000000;BaslerControl::openCamera@50;"已经打开第3台Basler相机"
2025/04/16;16:34:10.289;DEBUG;110300;0000000000000000;BaslerControl::openCamera@63;"第3台Basler相机连接成功"
2025/04/16;16:34:39.676;DEBUG;39228;0000000000000000;BaslerControl::openCamera@32;"正在连接Basler相机... ..."
2025/04/16;16:34:39.944;DEBUG;39228;0000000000000000;BaslerControl::openCamera@43;"尝试连接第1台相机..."
2025/04/16;16:34:40.228;DEBUG;39228;0000000000000000;BaslerControl::openCamera@48;"尝试打开第1台Basler相机..."
2025/04/16;16:34:40.860;DEBUG;39228;0000000000000000;BaslerControl::openCamera@50;"已经打开第1台Basler相机"
2025/04/16;16:34:40.875;DEBUG;39228;0000000000000000;BaslerControl::openCamera@63;"第1台Basler相机连接成功"
2025/04/16;16:34:40.875;DEBUG;39228;0000000000000000;BaslerControl::openCamera@43;"尝试连接第2台相机..."
2025/04/16;16:34:41.015;DEBUG;39228;0000000000000000;BaslerControl::openCamera@48;"尝试打开第2台Basler相机..."
2025/04/16;16:34:41.143;DEBUG;39228;0000000000000000;BaslerControl::openCamera@50;"已经打开第2台Basler相机"
2025/04/16;16:34:41.166;DEBUG;39228;0000000000000000;BaslerControl::openCamera@63;"第2台Basler相机连接成功"
2025/04/16;16:34:41.166;DEBUG;39228;0000000000000000;BaslerControl::openCamera@43;"尝试连接第3台相机..."
2025/04/16;16:34:41.313;DEBUG;39228;0000000000000000;BaslerControl::openCamera@48;"尝试打开第3台Basler相机..."
2025/04/16;16:34:41.435;DEBUG;39228;0000000000000000;BaslerControl::openCamera@50;"已经打开第3台Basler相机"
2025/04/16;16:34:41.457;DEBUG;39228;0000000000000000;BaslerControl::openCamera@63;"第3台Basler相机连接成功"
2025/04/16;16:36:11.499;ERROR;39228;0000000000000000;BaslerControl::openCamera@155;"采图失败，退出采图程序。"
2025/04/16;16:36:11.829;DEBUG;25904;0000000000000000;BaslerControl::closeCamera@173;"Basler相机断开连接"
2025/04/16;16:36:15.925;DEBUG;98160;0000000000000000;BaslerControl::openCamera@32;"正在连接Basler相机... ..."
2025/04/16;16:36:16.192;DEBUG;98160;0000000000000000;BaslerControl::openCamera@43;"尝试连接第1台相机..."
2025/04/16;16:36:16.475;DEBUG;98160;0000000000000000;BaslerControl::openCamera@48;"尝试打开第1台Basler相机..."
2025/04/16;16:36:16.559;DEBUG;98160;0000000000000000;BaslerControl::openCamera@50;"已经打开第1台Basler相机"
2025/04/16;16:36:16.576;DEBUG;98160;0000000000000000;BaslerControl::openCamera@63;"第1台Basler相机连接成功"
2025/04/16;16:36:16.576;DEBUG;98160;0000000000000000;BaslerControl::openCamera@43;"尝试连接第2台相机..."
2025/04/16;16:36:16.726;DEBUG;98160;0000000000000000;BaslerControl::openCamera@48;"尝试打开第2台Basler相机..."
2025/04/16;16:36:16.859;DEBUG;98160;0000000000000000;BaslerControl::openCamera@50;"已经打开第2台Basler相机"
2025/04/16;16:36:16.881;DEBUG;98160;0000000000000000;BaslerControl::openCamera@63;"第2台Basler相机连接成功"
2025/04/16;16:36:16.881;DEBUG;98160;0000000000000000;BaslerControl::openCamera@43;"尝试连接第3台相机..."
2025/04/16;16:36:17.025;DEBUG;98160;0000000000000000;BaslerControl::openCamera@48;"尝试打开第3台Basler相机..."
2025/04/16;16:36:17.157;DEBUG;98160;0000000000000000;BaslerControl::openCamera@50;"已经打开第3台Basler相机"
2025/04/16;16:36:17.180;DEBUG;98160;0000000000000000;BaslerControl::openCamera@63;"第3台Basler相机连接成功"
2025/04/16;16:38:26.082;ERROR;98160;0000000000000000;BaslerControl::openCamera@155;"采图失败，退出采图程序。"
2025/04/16;16:38:26.437;DEBUG;11616;0000000000000000;BaslerControl::closeCamera@173;"Basler相机断开连接"
2025/04/16;16:40:48.404;DEBUG;27076;0000000000000000;BaslerControl::openCamera@32;"正在连接Basler相机... ..."
2025/04/16;16:40:48.672;DEBUG;27076;0000000000000000;BaslerControl::openCamera@43;"尝试连接第1台相机..."
2025/04/16;16:40:48.935;DEBUG;27076;0000000000000000;BaslerControl::openCamera@48;"尝试打开第1台Basler相机..."
2025/04/16;16:40:49.015;DEBUG;27076;0000000000000000;BaslerControl::openCamera@50;"已经打开第1台Basler相机"
2025/04/16;16:40:49.031;DEBUG;27076;0000000000000000;BaslerControl::openCamera@63;"第1台Basler相机连接成功"
2025/04/16;16:40:49.031;DEBUG;27076;0000000000000000;BaslerControl::openCamera@43;"尝试连接第2台相机..."
2025/04/16;16:40:49.168;DEBUG;27076;0000000000000000;BaslerControl::openCamera@48;"尝试打开第2台Basler相机..."
2025/04/16;16:40:49.288;DEBUG;27076;0000000000000000;BaslerControl::openCamera@50;"已经打开第2台Basler相机"
2025/04/16;16:40:49.309;DEBUG;27076;0000000000000000;BaslerControl::openCamera@63;"第2台Basler相机连接成功"
2025/04/16;16:40:49.309;DEBUG;27076;0000000000000000;BaslerControl::openCamera@43;"尝试连接第3台相机..."
2025/04/16;16:40:49.456;DEBUG;27076;0000000000000000;BaslerControl::openCamera@48;"尝试打开第3台Basler相机..."
2025/04/16;16:40:49.593;DEBUG;27076;0000000000000000;BaslerControl::openCamera@50;"已经打开第3台Basler相机"
2025/04/16;16:40:49.614;DEBUG;27076;0000000000000000;BaslerControl::openCamera@63;"第3台Basler相机连接成功"
2025/04/16;16:41:51.030;ERROR;27076;0000000000000000;BaslerControl::openCamera@155;"采图失败，退出采图程序。"
2025/04/16;16:41:51.309;DEBUG;96172;0000000000000000;BaslerControl::closeCamera@173;"Basler相机断开连接"
2025/04/16;16:42:30.076;DEBUG;103952;0000000000000000;BaslerControl::openCamera@32;"正在连接Basler相机... ..."
2025/04/16;16:42:30.343;DEBUG;103952;0000000000000000;BaslerControl::openCamera@43;"尝试连接第1台相机..."
2025/04/16;16:42:30.531;DEBUG;103952;0000000000000000;BaslerControl::openCamera@48;"尝试打开第1台Basler相机..."
2025/04/16;16:42:30.626;DEBUG;103952;0000000000000000;BaslerControl::openCamera@50;"已经打开第1台Basler相机"
2025/04/16;16:42:30.643;DEBUG;103952;0000000000000000;BaslerControl::openCamera@63;"第1台Basler相机连接成功"
2025/04/16;16:42:30.643;DEBUG;103952;0000000000000000;BaslerControl::openCamera@43;"尝试连接第2台相机..."
2025/04/16;16:42:30.797;DEBUG;103952;0000000000000000;BaslerControl::openCamera@48;"尝试打开第2台Basler相机..."
2025/04/16;16:42:30.927;DEBUG;103952;0000000000000000;BaslerControl::openCamera@50;"已经打开第2台Basler相机"
2025/04/16;16:42:30.952;DEBUG;103952;0000000000000000;BaslerControl::openCamera@63;"第2台Basler相机连接成功"
2025/04/16;16:42:30.952;DEBUG;103952;0000000000000000;BaslerControl::openCamera@43;"尝试连接第3台相机..."
2025/04/16;16:42:31.114;DEBUG;103952;0000000000000000;BaslerControl::openCamera@48;"尝试打开第3台Basler相机..."
2025/04/16;16:42:31.256;DEBUG;103952;0000000000000000;BaslerControl::openCamera@50;"已经打开第3台Basler相机"
2025/04/16;16:42:31.279;DEBUG;103952;0000000000000000;BaslerControl::openCamera@63;"第3台Basler相机连接成功"
2025/04/16;16:43:37.133;ERROR;103952;0000000000000000;BaslerControl::openCamera@155;"采图失败，退出采图程序。"
2025/04/16;16:43:37.473;DEBUG;15608;0000000000000000;BaslerControl::closeCamera@173;"Basler相机断开连接"
2025/04/16;16:48:09.895;DEBUG;30200;0000000000000000;BaslerControl::openCamera@32;"正在连接Basler相机... ..."
2025/04/16;16:48:10.160;DEBUG;30200;0000000000000000;BaslerControl::openCamera@43;"尝试连接第1台相机..."
2025/04/16;16:48:10.438;DEBUG;30200;0000000000000000;BaslerControl::openCamera@48;"尝试打开第1台Basler相机..."
2025/04/16;16:48:11.032;DEBUG;30200;0000000000000000;BaslerControl::openCamera@50;"已经打开第1台Basler相机"
2025/04/16;16:48:11.050;DEBUG;30200;0000000000000000;BaslerControl::openCamera@63;"第1台Basler相机连接成功"
2025/04/16;16:48:11.050;DEBUG;30200;0000000000000000;BaslerControl::openCamera@43;"尝试连接第2台相机..."
2025/04/16;16:48:11.192;DEBUG;30200;0000000000000000;BaslerControl::openCamera@48;"尝试打开第2台Basler相机..."
2025/04/16;16:48:11.310;DEBUG;30200;0000000000000000;BaslerControl::openCamera@50;"已经打开第2台Basler相机"
2025/04/16;16:48:11.332;DEBUG;30200;0000000000000000;BaslerControl::openCamera@63;"第2台Basler相机连接成功"
2025/04/16;16:48:11.332;DEBUG;30200;0000000000000000;BaslerControl::openCamera@43;"尝试连接第3台相机..."
2025/04/16;16:48:11.483;DEBUG;30200;0000000000000000;BaslerControl::openCamera@48;"尝试打开第3台Basler相机..."
2025/04/16;16:48:11.614;DEBUG;30200;0000000000000000;BaslerControl::openCamera@50;"已经打开第3台Basler相机"
2025/04/16;16:48:11.635;DEBUG;30200;0000000000000000;BaslerControl::openCamera@63;"第3台Basler相机连接成功"
2025/04/16;16:48:39.662;ERROR;30200;0000000000000000;BaslerControl::openCamera@155;"采图失败，退出采图程序。"
2025/04/16;16:48:39.988;DEBUG;97700;0000000000000000;BaslerControl::closeCamera@173;"Basler相机断开连接"
2025/04/16;16:53:47.008;DEBUG;76324;0000000000000000;BaslerControl::openCamera@32;"正在连接Basler相机... ..."
2025/04/16;16:53:47.273;DEBUG;76324;0000000000000000;BaslerControl::openCamera@43;"尝试连接第1台相机..."
2025/04/16;16:53:47.556;DEBUG;76324;0000000000000000;BaslerControl::openCamera@48;"尝试打开第1台Basler相机..."
2025/04/16;16:53:48.174;DEBUG;76324;0000000000000000;BaslerControl::openCamera@50;"已经打开第1台Basler相机"
2025/04/16;16:53:48.190;DEBUG;76324;0000000000000000;BaslerControl::openCamera@63;"第1台Basler相机连接成功"
2025/04/16;16:53:48.190;DEBUG;76324;0000000000000000;BaslerControl::openCamera@43;"尝试连接第2台相机..."
2025/04/16;16:53:48.343;DEBUG;76324;0000000000000000;BaslerControl::openCamera@48;"尝试打开第2台Basler相机..."
2025/04/16;16:53:48.475;DEBUG;76324;0000000000000000;BaslerControl::openCamera@50;"已经打开第2台Basler相机"
2025/04/16;16:53:48.498;DEBUG;76324;0000000000000000;BaslerControl::openCamera@63;"第2台Basler相机连接成功"
2025/04/16;16:53:48.498;DEBUG;76324;0000000000000000;BaslerControl::openCamera@43;"尝试连接第3台相机..."
2025/04/16;16:53:48.640;DEBUG;76324;0000000000000000;BaslerControl::openCamera@48;"尝试打开第3台Basler相机..."
2025/04/16;16:53:48.762;DEBUG;76324;0000000000000000;BaslerControl::openCamera@50;"已经打开第3台Basler相机"
2025/04/16;16:53:48.783;DEBUG;76324;0000000000000000;BaslerControl::openCamera@63;"第3台Basler相机连接成功"
2025/04/16;16:55:20.133;DEBUG;108648;0000000000000000;BaslerControl::openCamera@32;"正在连接Basler相机... ..."
2025/04/16;16:55:20.454;DEBUG;108648;0000000000000000;BaslerControl::openCamera@43;"尝试连接第1台相机..."
2025/04/16;16:55:20.845;DEBUG;108648;0000000000000000;BaslerControl::openCamera@48;"尝试打开第1台Basler相机..."
2025/04/16;16:55:20.946;DEBUG;108648;0000000000000000;BaslerControl::openCamera@50;"已经打开第1台Basler相机"
2025/04/16;16:55:20.975;DEBUG;108648;0000000000000000;BaslerControl::openCamera@63;"第1台Basler相机连接成功"
2025/04/16;16:55:20.975;DEBUG;108648;0000000000000000;BaslerControl::openCamera@43;"尝试连接第2台相机..."
2025/04/16;16:55:21.165;DEBUG;108648;0000000000000000;BaslerControl::openCamera@48;"尝试打开第2台Basler相机..."
2025/04/16;16:55:21.297;DEBUG;108648;0000000000000000;BaslerControl::openCamera@50;"已经打开第2台Basler相机"
2025/04/16;16:55:21.333;DEBUG;108648;0000000000000000;BaslerControl::openCamera@63;"第2台Basler相机连接成功"
2025/04/16;16:55:21.333;DEBUG;108648;0000000000000000;BaslerControl::openCamera@43;"尝试连接第3台相机..."
2025/04/16;16:55:21.542;DEBUG;108648;0000000000000000;BaslerControl::openCamera@48;"尝试打开第3台Basler相机..."
2025/04/16;16:55:21.692;DEBUG;108648;0000000000000000;BaslerControl::openCamera@50;"已经打开第3台Basler相机"
2025/04/16;16:55:21.730;DEBUG;108648;0000000000000000;BaslerControl::openCamera@63;"第3台Basler相机连接成功"
2025/04/16;16:56:44.148;ERROR;108648;0000000000000000;BaslerControl::openCamera@155;"采图失败，退出采图程序。"
2025/04/16;16:56:45.180;DEBUG;5808;0000000000000000;BaslerControl::closeCamera@173;"Basler相机断开连接"
2025/04/16;16:56:50.836;DEBUG;77656;0000000000000000;BaslerControl::openCamera@32;"正在连接Basler相机... ..."
2025/04/16;16:56:51.103;DEBUG;77656;0000000000000000;BaslerControl::openCamera@43;"尝试连接第1台相机..."
2025/04/16;16:56:51.362;DEBUG;77656;0000000000000000;BaslerControl::openCamera@48;"尝试打开第1台Basler相机..."
2025/04/16;16:56:51.446;DEBUG;77656;0000000000000000;BaslerControl::openCamera@50;"已经打开第1台Basler相机"
2025/04/16;16:56:51.463;DEBUG;77656;0000000000000000;BaslerControl::openCamera@63;"第1台Basler相机连接成功"
2025/04/16;16:56:51.463;DEBUG;77656;0000000000000000;BaslerControl::openCamera@43;"尝试连接第2台相机..."
2025/04/16;16:56:51.608;DEBUG;77656;0000000000000000;BaslerControl::openCamera@48;"尝试打开第2台Basler相机..."
2025/04/16;16:56:51.737;DEBUG;77656;0000000000000000;BaslerControl::openCamera@50;"已经打开第2台Basler相机"
2025/04/16;16:56:51.760;DEBUG;77656;0000000000000000;BaslerControl::openCamera@63;"第2台Basler相机连接成功"
2025/04/16;16:56:51.760;DEBUG;77656;0000000000000000;BaslerControl::openCamera@43;"尝试连接第3台相机..."
2025/04/16;16:56:51.909;DEBUG;77656;0000000000000000;BaslerControl::openCamera@48;"尝试打开第3台Basler相机..."
2025/04/16;16:56:52.035;DEBUG;77656;0000000000000000;BaslerControl::openCamera@50;"已经打开第3台Basler相机"
2025/04/16;16:56:52.056;DEBUG;77656;0000000000000000;BaslerControl::openCamera@63;"第3台Basler相机连接成功"
2025/04/16;16:57:11.749;ERROR;77656;0000000000000000;BaslerControl::openCamera@155;"采图失败，退出采图程序。"
2025/04/16;16:57:12.103;DEBUG;38368;0000000000000000;BaslerControl::closeCamera@173;"Basler相机断开连接"
2025/04/16;16:57:32.696;DEBUG;48000;0000000000000000;BaslerControl::openCamera@32;"正在连接Basler相机... ..."
2025/04/16;16:57:32.962;DEBUG;48000;0000000000000000;BaslerControl::openCamera@43;"尝试连接第1台相机..."
2025/04/16;16:57:33.245;DEBUG;48000;0000000000000000;BaslerControl::openCamera@48;"尝试打开第1台Basler相机..."
2025/04/16;16:57:33.397;DEBUG;48000;0000000000000000;BaslerControl::openCamera@50;"已经打开第1台Basler相机"
2025/04/16;16:57:33.430;DEBUG;48000;0000000000000000;BaslerControl::openCamera@63;"第1台Basler相机连接成功"
2025/04/16;16:57:33.430;DEBUG;48000;0000000000000000;BaslerControl::openCamera@43;"尝试连接第2台相机..."
2025/04/16;16:57:33.575;DEBUG;48000;0000000000000000;BaslerControl::openCamera@48;"尝试打开第2台Basler相机..."
2025/04/16;16:57:33.692;DEBUG;48000;0000000000000000;BaslerControl::openCamera@50;"已经打开第2台Basler相机"
2025/04/16;16:57:33.713;DEBUG;48000;0000000000000000;BaslerControl::openCamera@63;"第2台Basler相机连接成功"
2025/04/16;16:57:33.713;DEBUG;48000;0000000000000000;BaslerControl::openCamera@43;"尝试连接第3台相机..."
2025/04/16;16:57:33.858;DEBUG;48000;0000000000000000;BaslerControl::openCamera@48;"尝试打开第3台Basler相机..."
2025/04/16;16:57:33.990;DEBUG;48000;0000000000000000;BaslerControl::openCamera@50;"已经打开第3台Basler相机"
2025/04/16;16:57:34.012;DEBUG;48000;0000000000000000;BaslerControl::openCamera@63;"第3台Basler相机连接成功"
2025/04/16;16:57:47.413;ERROR;48000;0000000000000000;BaslerControl::openCamera@155;"采图失败，退出采图程序。"
2025/04/16;16:57:47.670;DEBUG;49220;0000000000000000;BaslerControl::closeCamera@173;"Basler相机断开连接"
2025/04/16;17:01:03.347;DEBUG;78536;0000000000000000;BaslerControl::openCamera@32;"正在连接Basler相机... ..."
2025/04/16;17:01:03.613;DEBUG;78536;0000000000000000;BaslerControl::openCamera@43;"尝试连接第1台相机..."
2025/04/16;17:01:03.814;DEBUG;78536;0000000000000000;BaslerControl::openCamera@48;"尝试打开第1台Basler相机..."
2025/04/16;17:01:03.898;DEBUG;78536;0000000000000000;BaslerControl::openCamera@50;"已经打开第1台Basler相机"
2025/04/16;17:01:03.914;DEBUG;78536;0000000000000000;BaslerControl::openCamera@63;"第1台Basler相机连接成功"
2025/04/16;17:01:03.914;DEBUG;78536;0000000000000000;BaslerControl::openCamera@43;"尝试连接第2台相机..."
2025/04/16;17:01:04.053;DEBUG;78536;0000000000000000;BaslerControl::openCamera@48;"尝试打开第2台Basler相机..."
2025/04/16;17:01:04.173;DEBUG;78536;0000000000000000;BaslerControl::openCamera@50;"已经打开第2台Basler相机"
2025/04/16;17:01:04.195;DEBUG;78536;0000000000000000;BaslerControl::openCamera@63;"第2台Basler相机连接成功"
2025/04/16;17:01:04.195;DEBUG;78536;0000000000000000;BaslerControl::openCamera@43;"尝试连接第3台相机..."
2025/04/16;17:01:04.338;DEBUG;78536;0000000000000000;BaslerControl::openCamera@48;"尝试打开第3台Basler相机..."
2025/04/16;17:01:04.466;DEBUG;78536;0000000000000000;BaslerControl::openCamera@50;"已经打开第3台Basler相机"
2025/04/16;17:01:04.490;DEBUG;78536;0000000000000000;BaslerControl::openCamera@63;"第3台Basler相机连接成功"
2025/04/16;17:02:10.684;DEBUG;70176;0000000000000000;BaslerControl::closeCamera@173;"Basler相机断开连接"
2025/04/16;17:02:16.851;DEBUG;51500;0000000000000000;BaslerControl::openCamera@32;"正在连接Basler相机... ..."
2025/04/16;17:02:17.117;DEBUG;51500;0000000000000000;BaslerControl::openCamera@43;"尝试连接第1台相机..."
2025/04/16;17:02:17.398;DEBUG;51500;0000000000000000;BaslerControl::openCamera@48;"尝试打开第1台Basler相机..."
2025/04/16;17:02:18.020;DEBUG;51500;0000000000000000;BaslerControl::openCamera@50;"已经打开第1台Basler相机"
2025/04/16;17:02:18.037;DEBUG;51500;0000000000000000;BaslerControl::openCamera@63;"第1台Basler相机连接成功"
2025/04/16;17:02:18.038;DEBUG;51500;0000000000000000;BaslerControl::openCamera@43;"尝试连接第2台相机..."
2025/04/16;17:02:18.181;DEBUG;51500;0000000000000000;BaslerControl::openCamera@48;"尝试打开第2台Basler相机..."
2025/04/16;17:02:18.301;DEBUG;51500;0000000000000000;BaslerControl::openCamera@50;"已经打开第2台Basler相机"
2025/04/16;17:02:18.327;DEBUG;51500;0000000000000000;BaslerControl::openCamera@63;"第2台Basler相机连接成功"
2025/04/16;17:02:18.328;DEBUG;51500;0000000000000000;BaslerControl::openCamera@43;"尝试连接第3台相机..."
2025/04/16;17:02:18.481;DEBUG;51500;0000000000000000;BaslerControl::openCamera@48;"尝试打开第3台Basler相机..."
2025/04/16;17:02:18.610;DEBUG;51500;0000000000000000;BaslerControl::openCamera@50;"已经打开第3台Basler相机"
2025/04/16;17:02:18.631;DEBUG;51500;0000000000000000;BaslerControl::openCamera@63;"第3台Basler相机连接成功"
2025/04/16;17:05:53.379;DEBUG;75932;0000000000000000;BaslerControl::closeCamera@173;"Basler相机断开连接"
2025/04/16;17:05:58.603;DEBUG;9812;0000000000000000;BaslerControl::openCamera@32;"正在连接Basler相机... ..."
2025/04/16;17:05:58.869;ERROR;9812;0000000000000000;BaslerControl::openCamera@38;"未找到Basler相机，请检查相机连接情况"
2025/04/16;17:06:01.596;DEBUG;91616;0000000000000000;BaslerControl::closeCamera@173;"Basler相机断开连接"
2025/04/16;17:08:54.201;DEBUG;75512;0000000000000000;BaslerControl::closeCamera@173;"Basler相机断开连接"
2025/04/16;17:14:10.554;DEBUG;72716;0000000000000000;BaslerControl::closeCamera@173;"Basler相机断开连接"
2025/04/16;17:14:57.595;DEBUG;109144;0000000000000000;BaslerControl::closeCamera@173;"Basler相机断开连接"
2025/04/16;17:25:14.600;DEBUG;13984;0000000000000000;BaslerControl::closeCamera@173;"Basler相机断开连接"
2025/04/16;17:25:52.915;DEBUG;21812;0000000000000000;BaslerControl::closeCamera@173;"Basler相机断开连接"
2025/04/16;18:52:52.848;DEBUG;82524;0000000000000000;BaslerControl::closeCamera@173;"Basler相机断开连接"
2025/04/16;18:53:15.300;DEBUG;23616;0000000000000000;BaslerControl::closeCamera@173;"Basler相机断开连接"
2025/04/16;18:56:13.000;DEBUG;20916;0000000000000000;BaslerControl::closeCamera@173;"Basler相机断开连接"
2025/04/16;18:59:14.810;DEBUG;37924;0000000000000000;BaslerControl::closeCamera@173;"Basler相机断开连接"
2025/04/16;18:59:50.660;DEBUG;55512;0000000000000000;BaslerControl::closeCamera@173;"Basler相机断开连接"
2025/04/16;19:08:25.175;DEBUG;78116;0000000000000000;BaslerControl::closeCamera@173;"Basler相机断开连接"
2025/04/16;19:09:46.816;DEBUG;108708;0000000000000000;BaslerControl::closeCamera@173;"Basler相机断开连接"
2025/04/17;15:31:42.906;DEBUG;75112;0000000000000000;BaslerControl::closeCamera@173;"Basler相机断开连接"
2025/04/17;15:32:01.787;DEBUG;51840;0000000000000000;BaslerControl::closeCamera@173;"Basler相机断开连接"
2025/04/17;15:55:37.227;DEBUG;109196;0000000000000000;BaslerControl::closeCamera@173;"Basler相机断开连接"
2025/04/17;15:56:15.019;DEBUG;10792;0000000000000000;BaslerControl::closeCamera@173;"Basler相机断开连接"
2025/04/17;15:56:54.295;DEBUG;57872;0000000000000000;BaslerControl::closeCamera@173;"Basler相机断开连接"
2025/04/17;15:57:21.874;DEBUG;38396;0000000000000000;BaslerControl::closeCamera@173;"Basler相机断开连接"
2025/04/17;16:10:26.330;DEBUG;93668;0000000000000000;BaslerControl::closeCamera@173;"Basler相机断开连接"
2025/04/17;16:11:21.797;DEBUG;22108;0000000000000000;BaslerControl::closeCamera@173;"Basler相机断开连接"
2025/04/17;16:11:53.866;DEBUG;103988;0000000000000000;BaslerControl::closeCamera@173;"Basler相机断开连接"
2025/04/17;16:12:11.693;DEBUG;99540;0000000000000000;BaslerControl::closeCamera@173;"Basler相机断开连接"
2025/04/17;16:12:56.116;DEBUG;81064;0000000000000000;BaslerControl::closeCamera@173;"Basler相机断开连接"
2025/04/17;16:16:21.331;DEBUG;12760;0000000000000000;BaslerControl::closeCamera@173;"Basler相机断开连接"
2025/04/17;16:16:42.979;DEBUG;83748;0000000000000000;BaslerControl::closeCamera@173;"Basler相机断开连接"
2025/04/17;16:57:49.379;DEBUG;72816;0000000000000000;BaslerControl::closeCamera@173;"Basler相机断开连接"
2025/04/17;17:02:28.100;DEBUG;73284;0000000000000000;BaslerControl::closeCamera@173;"Basler相机断开连接"
2025/04/17;17:03:06.580;DEBUG;15052;0000000000000000;BaslerControl::closeCamera@173;"Basler相机断开连接"
2025/04/17;17:04:00.986;DEBUG;76256;0000000000000000;BaslerControl::closeCamera@173;"Basler相机断开连接"
2025/04/17;17:04:29.558;DEBUG;55956;0000000000000000;BaslerControl::closeCamera@173;"Basler相机断开连接"
2025/04/17;17:07:21.461;DEBUG;76052;0000000000000000;BaslerControl::closeCamera@173;"Basler相机断开连接"
2025/04/17;17:17:21.273;DEBUG;12856;0000000000000000;BaslerControl::closeCamera@173;"Basler相机断开连接"
2025/04/17;17:18:42.317;DEBUG;55940;0000000000000000;BaslerControl::closeCamera@173;"Basler相机断开连接"
2025/04/17;17:29:45.747;DEBUG;36332;0000000000000000;BaslerControl::closeCamera@173;"Basler相机断开连接"
2025/04/17;17:31:35.139;DEBUG;38676;0000000000000000;BaslerControl::closeCamera@173;"Basler相机断开连接"
2025/04/17;17:32:02.129;DEBUG;26132;0000000000000000;BaslerControl::closeCamera@173;"Basler相机断开连接"
2025/04/17;17:35:22.073;DEBUG;67808;0000000000000000;BaslerControl::closeCamera@173;"Basler相机断开连接"
2025/04/17;18:20:06.026;DEBUG;40220;0000000000000000;BaslerControl::closeCamera@173;"Basler相机断开连接"
2025/04/17;18:21:02.787;DEBUG;100924;0000000000000000;BaslerControl::closeCamera@173;"Basler相机断开连接"
2025/04/17;18:22:00.067;DEBUG;94372;0000000000000000;BaslerControl::closeCamera@173;"Basler相机断开连接"
2025/04/17;18:22:18.167;DEBUG;54132;0000000000000000;BaslerControl::closeCamera@173;"Basler相机断开连接"
2025/04/17;18:23:56.510;DEBUG;104664;0000000000000000;BaslerControl::closeCamera@173;"Basler相机断开连接"
2025/04/17;18:24:21.638;DEBUG;74460;0000000000000000;BaslerControl::closeCamera@173;"Basler相机断开连接"
2025/04/17;18:35:13.466;DEBUG;101768;0000000000000000;BaslerControl::closeCamera@173;"Basler相机断开连接"
2025/04/17;18:36:02.327;DEBUG;31380;0000000000000000;BaslerControl::closeCamera@173;"Basler相机断开连接"
2025/04/17;18:37:25.881;DEBUG;39792;0000000000000000;BaslerControl::closeCamera@173;"Basler相机断开连接"
2025/04/17;18:39:19.907;DEBUG;97160;0000000000000000;BaslerControl::closeCamera@173;"Basler相机断开连接"
2025/04/17;18:42:59.239;DEBUG;43396;0000000000000000;BaslerControl::closeCamera@173;"Basler相机断开连接"
2025/04/17;18:44:37.925;DEBUG;86440;0000000000000000;BaslerControl::closeCamera@173;"Basler相机断开连接"
2025/04/17;18:44:56.984;DEBUG;63976;0000000000000000;BaslerControl::closeCamera@173;"Basler相机断开连接"
2025/04/17;18:45:58.298;DEBUG;102368;0000000000000000;BaslerControl::closeCamera@173;"Basler相机断开连接"
2025/04/17;18:46:19.097;DEBUG;11508;0000000000000000;BaslerControl::closeCamera@173;"Basler相机断开连接"
2025/04/17;18:46:54.011;DEBUG;59500;0000000000000000;BaslerControl::closeCamera@173;"Basler相机断开连接"
2025/04/17;18:49:49.101;DEBUG;74408;0000000000000000;BaslerControl::closeCamera@173;"Basler相机断开连接"
2025/04/17;18:50:11.331;DEBUG;48692;0000000000000000;BaslerControl::closeCamera@173;"Basler相机断开连接"
2025/04/17;18:51:20.342;DEBUG;65492;0000000000000000;BaslerControl::closeCamera@173;"Basler相机断开连接"
2025/04/17;18:51:44.959;DEBUG;69188;0000000000000000;BaslerControl::closeCamera@173;"Basler相机断开连接"
2025/04/17;18:53:20.309;DEBUG;4596;0000000000000000;BaslerControl::closeCamera@173;"Basler相机断开连接"
2025/04/17;18:53:43.333;DEBUG;55596;0000000000000000;BaslerControl::closeCamera@173;"Basler相机断开连接"
2025/04/17;18:57:39.630;DEBUG;86696;0000000000000000;BaslerControl::closeCamera@173;"Basler相机断开连接"
2025/04/17;18:58:51.517;DEBUG;29712;0000000000000000;BaslerControl::closeCamera@173;"Basler相机断开连接"
2025/04/17;19:00:18.143;DEBUG;46408;0000000000000000;BaslerControl::closeCamera@173;"Basler相机断开连接"
2025/04/17;19:04:01.320;DEBUG;30968;0000000000000000;BaslerControl::closeCamera@173;"Basler相机断开连接"
2025/04/17;19:14:27.083;DEBUG;81812;0000000000000000;BaslerControl::closeCamera@173;"Basler相机断开连接"
2025/04/17;19:16:44.973;DEBUG;70916;0000000000000000;BaslerControl::closeCamera@173;"Basler相机断开连接"
2025/04/17;19:17:28.891;DEBUG;77024;0000000000000000;BaslerControl::closeCamera@173;"Basler相机断开连接"
2025/04/17;19:21:06.665;DEBUG;105664;0000000000000000;BaslerControl::closeCamera@173;"Basler相机断开连接"
2025/04/17;19:28:50.711;DEBUG;13388;0000000000000000;BaslerControl::closeCamera@173;"Basler相机断开连接"
2025/04/17;19:29:47.182;DEBUG;47640;0000000000000000;BaslerControl::closeCamera@173;"Basler相机断开连接"
2025/04/17;19:29:55.120;DEBUG;22960;0000000000000000;BaslerControl::closeCamera@173;"Basler相机断开连接"
2025/04/17;19:35:12.030;DEBUG;49412;0000000000000000;BaslerControl::closeCamera@173;"Basler相机断开连接"
2025/04/17;19:36:30.293;DEBUG;47216;0000000000000000;BaslerControl::closeCamera@173;"Basler相机断开连接"
2025/04/17;19:38:06.096;DEBUG;67500;0000000000000000;BaslerControl::closeCamera@173;"Basler相机断开连接"
2025/04/17;19:42:32.118;DEBUG;62808;0000000000000000;BaslerControl::closeCamera@173;"Basler相机断开连接"
2025/04/17;19:43:07.529;DEBUG;60868;0000000000000000;BaslerControl::closeCamera@173;"Basler相机断开连接"
2025/04/17;19:43:54.502;DEBUG;27412;0000000000000000;BaslerControl::closeCamera@173;"Basler相机断开连接"
2025/04/17;19:48:29.818;DEBUG;34144;0000000000000000;BaslerControl::closeCamera@173;"Basler相机断开连接"
2025/04/17;19:59:42.076;DEBUG;81172;0000000000000000;BaslerControl::closeCamera@173;"Basler相机断开连接"
2025/04/17;20:00:27.604;DEBUG;85740;0000000000000000;BaslerControl::closeCamera@173;"Basler相机断开连接"
2025/04/17;20:04:16.745;DEBUG;100244;0000000000000000;BaslerControl::closeCamera@173;"Basler相机断开连接"
2025/04/17;20:12:56.607;DEBUG;100944;0000000000000000;BaslerControl::closeCamera@173;"Basler相机断开连接"
2025/04/17;20:13:50.149;DEBUG;48824;0000000000000000;BaslerControl::closeCamera@173;"Basler相机断开连接"
2025/04/17;20:14:45.206;DEBUG;101392;0000000000000000;BaslerControl::closeCamera@173;"Basler相机断开连接"
2025/04/17;20:15:26.321;DEBUG;93676;0000000000000000;BaslerControl::closeCamera@173;"Basler相机断开连接"
2025/04/17;20:19:11.487;DEBUG;16936;0000000000000000;BaslerControl::closeCamera@173;"Basler相机断开连接"
2025/04/17;20:25:20.327;DEBUG;66456;0000000000000000;BaslerControl::closeCamera@173;"Basler相机断开连接"
2025/04/17;20:25:52.909;DEBUG;24304;0000000000000000;BaslerControl::closeCamera@173;"Basler相机断开连接"
2025/04/17;20:28:27.704;DEBUG;44516;0000000000000000;BaslerControl::closeCamera@173;"Basler相机断开连接"
2025/04/17;20:38:22.361;DEBUG;55696;0000000000000000;BaslerControl::closeCamera@173;"Basler相机断开连接"
2025/04/17;20:46:17.723;DEBUG;13928;0000000000000000;BaslerControl::closeCamera@173;"Basler相机断开连接"
2025/04/17;20:48:48.516;DEBUG;84432;0000000000000000;BaslerControl::closeCamera@173;"Basler相机断开连接"
2025/04/17;20:50:20.724;DEBUG;62892;0000000000000000;BaslerControl::closeCamera@173;"Basler相机断开连接"
2025/04/17;21:02:17.555;DEBUG;56496;0000000000000000;BaslerControl::closeCamera@173;"Basler相机断开连接"
2025/04/17;21:02:27.707;DEBUG;35456;0000000000000000;BaslerControl::closeCamera@173;"Basler相机断开连接"
2025/04/17;21:02:53.662;DEBUG;65352;0000000000000000;BaslerControl::closeCamera@173;"Basler相机断开连接"
2025/04/17;21:05:23.039;DEBUG;51816;0000000000000000;BaslerControl::closeCamera@173;"Basler相机断开连接"
2025/04/17;21:09:31.838;DEBUG;97760;0000000000000000;BaslerControl::closeCamera@173;"Basler相机断开连接"
2025/04/17;21:10:41.565;DEBUG;70712;0000000000000000;BaslerControl::closeCamera@173;"Basler相机断开连接"
2025/04/17;21:11:23.301;DEBUG;50888;0000000000000000;BaslerControl::closeCamera@173;"Basler相机断开连接"
2025/04/17;21:23:47.742;DEBUG;68820;0000000000000000;BaslerControl::openCamera@32;"正在连接Basler相机... ..."
2025/04/17;21:23:48.044;DEBUG;68820;0000000000000000;BaslerControl::openCamera@43;"尝试连接第1台相机..."
2025/04/17;21:23:48.336;DEBUG;68820;0000000000000000;BaslerControl::openCamera@48;"尝试打开第1台Basler相机..."
2025/04/17;21:23:48.477;DEBUG;68820;0000000000000000;BaslerControl::openCamera@50;"已经打开第1台Basler相机"
2025/04/17;21:23:48.497;DEBUG;68820;0000000000000000;BaslerControl::openCamera@63;"第1台Basler相机连接成功"
2025/04/17;21:23:48.497;DEBUG;68820;0000000000000000;BaslerControl::openCamera@43;"尝试连接第2台相机..."
2025/04/17;21:23:48.655;DEBUG;68820;0000000000000000;BaslerControl::openCamera@48;"尝试打开第2台Basler相机..."
2025/04/17;21:23:48.775;DEBUG;68820;0000000000000000;BaslerControl::openCamera@50;"已经打开第2台Basler相机"
2025/04/17;21:23:48.799;DEBUG;68820;0000000000000000;BaslerControl::openCamera@63;"第2台Basler相机连接成功"
2025/04/17;21:23:48.799;DEBUG;68820;0000000000000000;BaslerControl::openCamera@43;"尝试连接第3台相机..."
2025/04/17;21:23:48.963;DEBUG;68820;0000000000000000;BaslerControl::openCamera@48;"尝试打开第3台Basler相机..."
2025/04/17;21:23:49.088;DEBUG;68820;0000000000000000;BaslerControl::openCamera@50;"已经打开第3台Basler相机"
2025/04/17;21:23:49.114;DEBUG;68820;0000000000000000;BaslerControl::openCamera@63;"第3台Basler相机连接成功"
2025/04/17;21:33:05.184;ERROR;68820;0000000000000000;BaslerControl::openCamera@155;"采图失败，退出采图程序。"
2025/04/17;21:33:05.339;DEBUG;42840;0000000000000000;BaslerControl::closeCamera@173;"Basler相机断开连接"
2025/04/17;21:33:39.141;DEBUG;14560;0000000000000000;BaslerControl::openCamera@32;"正在连接Basler相机... ..."
2025/04/17;21:33:39.411;DEBUG;14560;0000000000000000;BaslerControl::openCamera@43;"尝试连接第1台相机..."
2025/04/17;21:33:39.688;DEBUG;14560;0000000000000000;BaslerControl::openCamera@48;"尝试打开第1台Basler相机..."
2025/04/17;21:33:40.325;DEBUG;14560;0000000000000000;BaslerControl::openCamera@50;"已经打开第1台Basler相机"
2025/04/17;21:33:40.342;DEBUG;14560;0000000000000000;BaslerControl::openCamera@63;"第1台Basler相机连接成功"
2025/04/17;21:33:40.342;DEBUG;14560;0000000000000000;BaslerControl::openCamera@43;"尝试连接第2台相机..."
2025/04/17;21:33:40.502;DEBUG;14560;0000000000000000;BaslerControl::openCamera@48;"尝试打开第2台Basler相机..."
2025/04/17;21:33:40.629;DEBUG;14560;0000000000000000;BaslerControl::openCamera@50;"已经打开第2台Basler相机"
2025/04/17;21:33:40.653;DEBUG;14560;0000000000000000;BaslerControl::openCamera@63;"第2台Basler相机连接成功"
2025/04/17;21:33:40.653;DEBUG;14560;0000000000000000;BaslerControl::openCamera@43;"尝试连接第3台相机..."
2025/04/17;21:33:40.818;DEBUG;14560;0000000000000000;BaslerControl::openCamera@48;"尝试打开第3台Basler相机..."
2025/04/17;21:33:40.946;DEBUG;14560;0000000000000000;BaslerControl::openCamera@50;"已经打开第3台Basler相机"
2025/04/17;21:33:40.970;DEBUG;14560;0000000000000000;BaslerControl::openCamera@63;"第3台Basler相机连接成功"
2025/04/17;21:34:32.931;DEBUG;23324;0000000000000000;BaslerControl::openCamera@32;"正在连接Basler相机... ..."
2025/04/17;21:34:33.205;DEBUG;23324;0000000000000000;BaslerControl::openCamera@43;"尝试连接第1台相机..."
2025/04/17;21:34:33.475;DEBUG;23324;0000000000000000;BaslerControl::openCamera@48;"尝试打开第1台Basler相机..."
2025/04/17;21:34:33.558;DEBUG;23324;0000000000000000;BaslerControl::openCamera@50;"已经打开第1台Basler相机"
2025/04/17;21:34:33.576;DEBUG;23324;0000000000000000;BaslerControl::openCamera@63;"第1台Basler相机连接成功"
2025/04/17;21:34:33.576;DEBUG;23324;0000000000000000;BaslerControl::openCamera@43;"尝试连接第2台相机..."
2025/04/17;21:34:33.735;DEBUG;23324;0000000000000000;BaslerControl::openCamera@48;"尝试打开第2台Basler相机..."
2025/04/17;21:34:33.862;DEBUG;23324;0000000000000000;BaslerControl::openCamera@50;"已经打开第2台Basler相机"
2025/04/17;21:34:33.888;DEBUG;23324;0000000000000000;BaslerControl::openCamera@63;"第2台Basler相机连接成功"
2025/04/17;21:34:33.888;DEBUG;23324;0000000000000000;BaslerControl::openCamera@43;"尝试连接第3台相机..."
2025/04/17;21:34:34.051;DEBUG;23324;0000000000000000;BaslerControl::openCamera@48;"尝试打开第3台Basler相机..."
2025/04/17;21:34:34.180;DEBUG;23324;0000000000000000;BaslerControl::openCamera@50;"已经打开第3台Basler相机"
2025/04/17;21:34:34.204;DEBUG;23324;0000000000000000;BaslerControl::openCamera@63;"第3台Basler相机连接成功"
2025/04/17;21:34:44.924;DEBUG;54612;0000000000000000;BaslerControl::closeCamera@173;"Basler相机断开连接"
2025/04/17;21:35:16.610;DEBUG;72844;0000000000000000;BaslerControl::openCamera@32;"正在连接Basler相机... ..."
2025/04/17;21:35:16.879;DEBUG;72844;0000000000000000;BaslerControl::openCamera@43;"尝试连接第1台相机..."
2025/04/17;21:35:17.164;DEBUG;72844;0000000000000000;BaslerControl::openCamera@48;"尝试打开第1台Basler相机..."
2025/04/17;21:35:17.310;DEBUG;72844;0000000000000000;BaslerControl::openCamera@50;"已经打开第1台Basler相机"
2025/04/17;21:35:17.346;DEBUG;72844;0000000000000000;BaslerControl::openCamera@63;"第1台Basler相机连接成功"
2025/04/17;21:35:17.346;DEBUG;72844;0000000000000000;BaslerControl::openCamera@43;"尝试连接第2台相机..."
2025/04/17;21:35:17.527;DEBUG;72844;0000000000000000;BaslerControl::openCamera@48;"尝试打开第2台Basler相机..."
2025/04/17;21:35:17.654;DEBUG;72844;0000000000000000;BaslerControl::openCamera@50;"已经打开第2台Basler相机"
2025/04/17;21:35:17.678;DEBUG;72844;0000000000000000;BaslerControl::openCamera@63;"第2台Basler相机连接成功"
2025/04/17;21:35:17.678;DEBUG;72844;0000000000000000;BaslerControl::openCamera@43;"尝试连接第3台相机..."
2025/04/17;21:35:17.823;DEBUG;72844;0000000000000000;BaslerControl::openCamera@48;"尝试打开第3台Basler相机..."
2025/04/17;21:35:17.950;DEBUG;72844;0000000000000000;BaslerControl::openCamera@50;"已经打开第3台Basler相机"
2025/04/17;21:35:17.974;DEBUG;72844;0000000000000000;BaslerControl::openCamera@63;"第3台Basler相机连接成功"
2025/04/17;21:47:25.441;DEBUG;9960;0000000000000000;BaslerControl::openCamera@32;"正在连接Basler相机... ..."
2025/04/17;21:47:25.711;DEBUG;9960;0000000000000000;BaslerControl::openCamera@43;"尝试连接第1台相机..."
2025/04/17;21:47:25.987;DEBUG;9960;0000000000000000;BaslerControl::openCamera@48;"尝试打开第1台Basler相机..."
2025/04/17;21:47:26.609;DEBUG;9960;0000000000000000;BaslerControl::openCamera@50;"已经打开第1台Basler相机"
2025/04/17;21:47:26.625;DEBUG;9960;0000000000000000;BaslerControl::openCamera@63;"第1台Basler相机连接成功"
2025/04/17;21:47:26.625;DEBUG;9960;0000000000000000;BaslerControl::openCamera@43;"尝试连接第2台相机..."
2025/04/17;21:47:26.782;DEBUG;9960;0000000000000000;BaslerControl::openCamera@48;"尝试打开第2台Basler相机..."
2025/04/17;21:47:26.911;DEBUG;9960;0000000000000000;BaslerControl::openCamera@50;"已经打开第2台Basler相机"
2025/04/17;21:47:26.934;DEBUG;9960;0000000000000000;BaslerControl::openCamera@63;"第2台Basler相机连接成功"
2025/04/17;21:47:26.934;DEBUG;9960;0000000000000000;BaslerControl::openCamera@43;"尝试连接第3台相机..."
2025/04/17;21:47:27.083;DEBUG;9960;0000000000000000;BaslerControl::openCamera@48;"尝试打开第3台Basler相机..."
2025/04/17;21:47:27.211;DEBUG;9960;0000000000000000;BaslerControl::openCamera@50;"已经打开第3台Basler相机"
2025/04/17;21:47:27.234;DEBUG;9960;0000000000000000;BaslerControl::openCamera@63;"第3台Basler相机连接成功"
2025/04/17;21:48:10.770;DEBUG;58600;0000000000000000;BaslerControl::openCamera@32;"正在连接Basler相机... ..."
2025/04/17;21:48:11.041;DEBUG;58600;0000000000000000;BaslerControl::openCamera@43;"尝试连接第1台相机..."
2025/04/17;21:48:11.295;DEBUG;58600;0000000000000000;BaslerControl::openCamera@48;"尝试打开第1台Basler相机..."
2025/04/17;21:48:11.377;DEBUG;58600;0000000000000000;BaslerControl::openCamera@50;"已经打开第1台Basler相机"
2025/04/17;21:48:11.394;DEBUG;58600;0000000000000000;BaslerControl::openCamera@63;"第1台Basler相机连接成功"
2025/04/17;21:48:11.394;DEBUG;58600;0000000000000000;BaslerControl::openCamera@43;"尝试连接第2台相机..."
2025/04/17;21:48:11.542;DEBUG;58600;0000000000000000;BaslerControl::openCamera@48;"尝试打开第2台Basler相机..."
2025/04/17;21:48:11.665;DEBUG;58600;0000000000000000;BaslerControl::openCamera@50;"已经打开第2台Basler相机"
2025/04/17;21:48:11.688;DEBUG;58600;0000000000000000;BaslerControl::openCamera@63;"第2台Basler相机连接成功"
2025/04/17;21:48:11.688;DEBUG;58600;0000000000000000;BaslerControl::openCamera@43;"尝试连接第3台相机..."
2025/04/17;21:48:11.836;DEBUG;58600;0000000000000000;BaslerControl::openCamera@48;"尝试打开第3台Basler相机..."
2025/04/17;21:48:11.966;DEBUG;58600;0000000000000000;BaslerControl::openCamera@50;"已经打开第3台Basler相机"
2025/04/17;21:48:11.989;DEBUG;58600;0000000000000000;BaslerControl::openCamera@63;"第3台Basler相机连接成功"
2025/04/17;21:48:35.908;ERROR;58600;0000000000000000;BaslerControl::openCamera@155;"采图失败，退出采图程序。"
2025/04/17;21:48:36.169;DEBUG;45724;0000000000000000;BaslerControl::closeCamera@173;"Basler相机断开连接"
2025/04/17;21:49:06.579;DEBUG;105188;0000000000000000;BaslerControl::openCamera@32;"正在连接Basler相机... ..."
2025/04/17;21:49:06.848;DEBUG;105188;0000000000000000;BaslerControl::openCamera@43;"尝试连接第1台相机..."
2025/04/17;21:49:07.124;DEBUG;105188;0000000000000000;BaslerControl::openCamera@48;"尝试打开第1台Basler相机..."
2025/04/17;21:49:07.264;DEBUG;105188;0000000000000000;BaslerControl::openCamera@50;"已经打开第1台Basler相机"
2025/04/17;21:49:07.298;DEBUG;105188;0000000000000000;BaslerControl::openCamera@63;"第1台Basler相机连接成功"
2025/04/17;21:49:07.298;DEBUG;105188;0000000000000000;BaslerControl::openCamera@43;"尝试连接第2台相机..."
2025/04/17;21:49:07.470;DEBUG;105188;0000000000000000;BaslerControl::openCamera@48;"尝试打开第2台Basler相机..."
2025/04/17;21:49:08.087;DEBUG;105188;0000000000000000;BaslerControl::openCamera@50;"已经打开第2台Basler相机"
2025/04/17;21:49:08.110;DEBUG;105188;0000000000000000;BaslerControl::openCamera@63;"第2台Basler相机连接成功"
2025/04/17;21:49:08.110;DEBUG;105188;0000000000000000;BaslerControl::openCamera@43;"尝试连接第3台相机..."
2025/04/17;21:49:08.256;DEBUG;105188;0000000000000000;BaslerControl::openCamera@48;"尝试打开第3台Basler相机..."
2025/04/17;21:49:08.382;DEBUG;105188;0000000000000000;BaslerControl::openCamera@50;"已经打开第3台Basler相机"
2025/04/17;21:49:08.404;DEBUG;105188;0000000000000000;BaslerControl::openCamera@63;"第3台Basler相机连接成功"
2025/04/17;21:49:46.798;DEBUG;54936;0000000000000000;BaslerControl::openCamera@32;"正在连接Basler相机... ..."
2025/04/17;21:49:47.067;DEBUG;54936;0000000000000000;BaslerControl::openCamera@43;"尝试连接第1台相机..."
2025/04/17;21:49:47.305;DEBUG;54936;0000000000000000;BaslerControl::openCamera@48;"尝试打开第1台Basler相机..."
2025/04/17;21:49:47.385;DEBUG;54936;0000000000000000;BaslerControl::openCamera@50;"已经打开第1台Basler相机"
2025/04/17;21:49:47.401;DEBUG;54936;0000000000000000;BaslerControl::openCamera@63;"第1台Basler相机连接成功"
2025/04/17;21:49:47.401;DEBUG;54936;0000000000000000;BaslerControl::openCamera@43;"尝试连接第2台相机..."
2025/04/17;21:49:47.550;DEBUG;54936;0000000000000000;BaslerControl::openCamera@48;"尝试打开第2台Basler相机..."
2025/04/17;21:49:47.666;DEBUG;54936;0000000000000000;BaslerControl::openCamera@50;"已经打开第2台Basler相机"
2025/04/17;21:49:47.687;DEBUG;54936;0000000000000000;BaslerControl::openCamera@63;"第2台Basler相机连接成功"
2025/04/17;21:49:47.688;DEBUG;54936;0000000000000000;BaslerControl::openCamera@43;"尝试连接第3台相机..."
2025/04/17;21:49:47.844;DEBUG;54936;0000000000000000;BaslerControl::openCamera@48;"尝试打开第3台Basler相机..."
2025/04/17;21:49:47.983;DEBUG;54936;0000000000000000;BaslerControl::openCamera@50;"已经打开第3台Basler相机"
2025/04/17;21:49:48.005;DEBUG;54936;0000000000000000;BaslerControl::openCamera@63;"第3台Basler相机连接成功"
2025/04/17;21:50:32.229;DEBUG;86464;0000000000000000;BaslerControl::openCamera@32;"正在连接Basler相机... ..."
2025/04/17;21:50:32.498;DEBUG;86464;0000000000000000;BaslerControl::openCamera@43;"尝试连接第1台相机..."
2025/04/17;21:50:32.771;DEBUG;86464;0000000000000000;BaslerControl::openCamera@48;"尝试打开第1台Basler相机..."
2025/04/17;21:50:32.852;DEBUG;86464;0000000000000000;BaslerControl::openCamera@50;"已经打开第1台Basler相机"
2025/04/17;21:50:32.868;DEBUG;86464;0000000000000000;BaslerControl::openCamera@63;"第1台Basler相机连接成功"
2025/04/17;21:50:32.868;DEBUG;86464;0000000000000000;BaslerControl::openCamera@43;"尝试连接第2台相机..."
2025/04/17;21:50:33.014;DEBUG;86464;0000000000000000;BaslerControl::openCamera@48;"尝试打开第2台Basler相机..."
2025/04/17;21:50:33.135;DEBUG;86464;0000000000000000;BaslerControl::openCamera@50;"已经打开第2台Basler相机"
2025/04/17;21:50:33.158;DEBUG;86464;0000000000000000;BaslerControl::openCamera@63;"第2台Basler相机连接成功"
2025/04/17;21:50:33.158;DEBUG;86464;0000000000000000;BaslerControl::openCamera@43;"尝试连接第3台相机..."
2025/04/17;21:50:33.313;DEBUG;86464;0000000000000000;BaslerControl::openCamera@48;"尝试打开第3台Basler相机..."
2025/04/17;21:50:33.441;DEBUG;86464;0000000000000000;BaslerControl::openCamera@50;"已经打开第3台Basler相机"
2025/04/17;21:50:33.463;DEBUG;86464;0000000000000000;BaslerControl::openCamera@63;"第3台Basler相机连接成功"
2025/04/17;21:51:19.581;ERROR;86464;0000000000000000;BaslerControl::openCamera@155;"采图失败，退出采图程序。"
2025/04/17;21:51:19.778;DEBUG;90968;0000000000000000;BaslerControl::closeCamera@173;"Basler相机断开连接"
2025/04/17;21:51:24.491;DEBUG;5840;0000000000000000;BaslerControl::openCamera@32;"正在连接Basler相机... ..."
2025/04/17;21:51:24.760;DEBUG;5840;0000000000000000;BaslerControl::openCamera@43;"尝试连接第1台相机..."
2025/04/17;21:51:24.899;DEBUG;5840;0000000000000000;BaslerControl::openCamera@48;"尝试打开第1台Basler相机..."
2025/04/17;21:51:24.991;DEBUG;5840;0000000000000000;BaslerControl::openCamera@50;"已经打开第1台Basler相机"
2025/04/17;21:51:25.008;DEBUG;5840;0000000000000000;BaslerControl::openCamera@63;"第1台Basler相机连接成功"
2025/04/17;21:51:25.008;DEBUG;5840;0000000000000000;BaslerControl::openCamera@43;"尝试连接第2台相机..."
2025/04/17;21:51:25.166;DEBUG;5840;0000000000000000;BaslerControl::openCamera@48;"尝试打开第2台Basler相机..."
2025/04/17;21:51:25.291;DEBUG;5840;0000000000000000;BaslerControl::openCamera@50;"已经打开第2台Basler相机"
2025/04/17;21:51:25.313;DEBUG;5840;0000000000000000;BaslerControl::openCamera@63;"第2台Basler相机连接成功"
2025/04/17;21:51:25.313;DEBUG;5840;0000000000000000;BaslerControl::openCamera@43;"尝试连接第3台相机..."
2025/04/17;21:51:25.479;DEBUG;5840;0000000000000000;BaslerControl::openCamera@48;"尝试打开第3台Basler相机..."
2025/04/17;21:51:25.604;DEBUG;5840;0000000000000000;BaslerControl::openCamera@50;"已经打开第3台Basler相机"
2025/04/17;21:51:25.627;DEBUG;5840;0000000000000000;BaslerControl::openCamera@63;"第3台Basler相机连接成功"
2025/04/17;21:52:02.961;DEBUG;88280;0000000000000000;BaslerControl::closeCamera@173;"Basler相机断开连接"
2025/04/17;21:52:17.376;DEBUG;84384;0000000000000000;BaslerControl::openCamera@32;"正在连接Basler相机... ..."
2025/04/17;21:52:17.646;DEBUG;84384;0000000000000000;BaslerControl::openCamera@43;"尝试连接第1台相机..."
2025/04/17;21:52:17.853;DEBUG;84384;0000000000000000;BaslerControl::openCamera@48;"尝试打开第1台Basler相机..."
2025/04/17;21:52:17.940;DEBUG;84384;0000000000000000;BaslerControl::openCamera@50;"已经打开第1台Basler相机"
2025/04/17;21:52:17.957;DEBUG;84384;0000000000000000;BaslerControl::openCamera@63;"第1台Basler相机连接成功"
2025/04/17;21:52:17.957;DEBUG;84384;0000000000000000;BaslerControl::openCamera@43;"尝试连接第2台相机..."
2025/04/17;21:52:18.116;DEBUG;84384;0000000000000000;BaslerControl::openCamera@48;"尝试打开第2台Basler相机..."
2025/04/17;21:52:18.760;DEBUG;84384;0000000000000000;BaslerControl::openCamera@50;"已经打开第2台Basler相机"
2025/04/17;21:52:18.783;DEBUG;84384;0000000000000000;BaslerControl::openCamera@63;"第2台Basler相机连接成功"
2025/04/17;21:52:18.784;DEBUG;84384;0000000000000000;BaslerControl::openCamera@43;"尝试连接第3台相机..."
2025/04/17;21:52:18.934;DEBUG;84384;0000000000000000;BaslerControl::openCamera@48;"尝试打开第3台Basler相机..."
2025/04/17;21:52:19.064;DEBUG;84384;0000000000000000;BaslerControl::openCamera@50;"已经打开第3台Basler相机"
2025/04/17;21:52:19.089;DEBUG;84384;0000000000000000;BaslerControl::openCamera@63;"第3台Basler相机连接成功"
2025/04/17;21:53:03.308;DEBUG;32164;0000000000000000;BaslerControl::closeCamera@173;"Basler相机断开连接"
2025/04/17;21:55:25.754;DEBUG;68996;0000000000000000;BaslerControl::openCamera@32;"正在连接Basler相机... ..."
2025/04/17;21:55:26.024;DEBUG;68996;0000000000000000;BaslerControl::openCamera@43;"尝试连接第1台相机..."
2025/04/17;21:55:26.257;DEBUG;68996;0000000000000000;BaslerControl::openCamera@48;"尝试打开第1台Basler相机..."
2025/04/17;21:55:26.348;DEBUG;68996;0000000000000000;BaslerControl::openCamera@50;"已经打开第1台Basler相机"
2025/04/17;21:55:26.364;DEBUG;68996;0000000000000000;BaslerControl::openCamera@63;"第1台Basler相机连接成功"
2025/04/17;21:55:26.364;DEBUG;68996;0000000000000000;BaslerControl::openCamera@43;"尝试连接第2台相机..."
2025/04/17;21:55:26.511;DEBUG;68996;0000000000000000;BaslerControl::openCamera@48;"尝试打开第2台Basler相机..."
2025/04/17;21:55:26.633;DEBUG;68996;0000000000000000;BaslerControl::openCamera@50;"已经打开第2台Basler相机"
2025/04/17;21:55:26.656;DEBUG;68996;0000000000000000;BaslerControl::openCamera@63;"第2台Basler相机连接成功"
2025/04/17;21:55:26.656;DEBUG;68996;0000000000000000;BaslerControl::openCamera@43;"尝试连接第3台相机..."
2025/04/17;21:55:26.810;DEBUG;68996;0000000000000000;BaslerControl::openCamera@48;"尝试打开第3台Basler相机..."
2025/04/17;21:55:26.936;DEBUG;68996;0000000000000000;BaslerControl::openCamera@50;"已经打开第3台Basler相机"
2025/04/17;21:55:26.959;DEBUG;68996;0000000000000000;BaslerControl::openCamera@63;"第3台Basler相机连接成功"
2025/04/17;21:55:46.365;ERROR;68996;0000000000000000;BaslerControl::openCamera@155;"采图失败，退出采图程序。"
2025/04/17;21:55:46.644;DEBUG;43116;0000000000000000;BaslerControl::closeCamera@173;"Basler相机断开连接"
2025/04/17;21:57:40.825;DEBUG;75736;0000000000000000;BaslerControl::closeCamera@173;"Basler相机断开连接"
2025/04/17;21:58:48.759;DEBUG;36876;0000000000000000;BaslerControl::closeCamera@173;"Basler相机断开连接"
2025/04/17;22:01:15.574;DEBUG;53940;0000000000000000;BaslerControl::openCamera@32;"正在连接Basler相机... ..."
2025/04/17;22:01:15.843;DEBUG;53940;0000000000000000;BaslerControl::openCamera@43;"尝试连接第1台相机..."
2025/04/17;22:01:15.989;DEBUG;53940;0000000000000000;BaslerControl::openCamera@48;"尝试打开第1台Basler相机..."
2025/04/17;22:01:16.074;DEBUG;53940;0000000000000000;BaslerControl::openCamera@50;"已经打开第1台Basler相机"
2025/04/17;22:01:16.090;DEBUG;53940;0000000000000000;BaslerControl::openCamera@63;"第1台Basler相机连接成功"
2025/04/17;22:01:16.090;DEBUG;53940;0000000000000000;BaslerControl::openCamera@43;"尝试连接第2台相机..."
2025/04/17;22:01:16.235;DEBUG;53940;0000000000000000;BaslerControl::openCamera@48;"尝试打开第2台Basler相机..."
2025/04/17;22:01:16.353;DEBUG;53940;0000000000000000;BaslerControl::openCamera@50;"已经打开第2台Basler相机"
2025/04/17;22:01:16.375;DEBUG;53940;0000000000000000;BaslerControl::openCamera@63;"第2台Basler相机连接成功"
2025/04/17;22:01:16.375;DEBUG;53940;0000000000000000;BaslerControl::openCamera@43;"尝试连接第3台相机..."
2025/04/17;22:01:16.525;DEBUG;53940;0000000000000000;BaslerControl::openCamera@48;"尝试打开第3台Basler相机..."
2025/04/17;22:01:16.650;DEBUG;53940;0000000000000000;BaslerControl::openCamera@50;"已经打开第3台Basler相机"
2025/04/17;22:01:16.672;DEBUG;53940;0000000000000000;BaslerControl::openCamera@63;"第3台Basler相机连接成功"
2025/04/17;22:01:38.801;DEBUG;29860;0000000000000000;BaslerControl::closeCamera@173;"Basler相机断开连接"
2025/04/18;08:58:42.715;DEBUG;100884;0000000000000000;BaslerControl::closeCamera@173;"Basler相机断开连接"
2025/04/18;08:59:52.995;DEBUG;35040;0000000000000000;BaslerControl::closeCamera@173;"Basler相机断开连接"
2025/04/18;09:01:00.009;DEBUG;41780;0000000000000000;BaslerControl::closeCamera@173;"Basler相机断开连接"
2025/04/18;09:05:40.746;DEBUG;62104;0000000000000000;BaslerControl::closeCamera@173;"Basler相机断开连接"
2025/04/18;09:05:57.306;DEBUG;84252;0000000000000000;BaslerControl::openCamera@32;"正在连接Basler相机... ..."
2025/04/18;09:05:57.608;DEBUG;84252;0000000000000000;BaslerControl::openCamera@43;"尝试连接第1台相机..."
2025/04/18;09:05:57.874;DEBUG;84252;0000000000000000;BaslerControl::openCamera@48;"尝试打开第1台Basler相机..."
2025/04/18;09:05:57.952;DEBUG;84252;0000000000000000;BaslerControl::openCamera@50;"已经打开第1台Basler相机"
2025/04/18;09:05:57.971;DEBUG;84252;0000000000000000;BaslerControl::openCamera@63;"第1台Basler相机连接成功"
2025/04/18;09:05:57.971;DEBUG;84252;0000000000000000;BaslerControl::openCamera@43;"尝试连接第2台相机..."
2025/04/18;09:05:58.129;DEBUG;84252;0000000000000000;BaslerControl::openCamera@48;"尝试打开第2台Basler相机..."
2025/04/18;09:05:58.246;DEBUG;84252;0000000000000000;BaslerControl::openCamera@50;"已经打开第2台Basler相机"
2025/04/18;09:05:58.271;DEBUG;84252;0000000000000000;BaslerControl::openCamera@63;"第2台Basler相机连接成功"
2025/04/18;09:05:58.272;DEBUG;84252;0000000000000000;BaslerControl::openCamera@43;"尝试连接第3台相机..."
2025/04/18;09:05:58.433;DEBUG;84252;0000000000000000;BaslerControl::openCamera@48;"尝试打开第3台Basler相机..."
2025/04/18;09:05:58.557;DEBUG;84252;0000000000000000;BaslerControl::openCamera@50;"已经打开第3台Basler相机"
2025/04/18;09:05:58.582;DEBUG;84252;0000000000000000;BaslerControl::openCamera@63;"第3台Basler相机连接成功"
2025/04/18;09:06:06.714;DEBUG;102608;0000000000000000;BaslerControl::closeCamera@173;"Basler相机断开连接"
2025/04/18;09:09:45.413;DEBUG;16680;0000000000000000;BaslerControl::closeCamera@173;"Basler相机断开连接"
2025/04/18;09:10:50.038;DEBUG;50628;0000000000000000;BaslerControl::closeCamera@173;"Basler相机断开连接"
2025/04/18;09:13:59.089;DEBUG;53588;0000000000000000;BaslerControl::openCamera@32;"正在连接Basler相机... ..."
2025/04/18;09:13:59.372;DEBUG;53588;0000000000000000;BaslerControl::openCamera@43;"尝试连接第1台相机..."
2025/04/18;09:13:59.672;DEBUG;53588;0000000000000000;BaslerControl::openCamera@48;"尝试打开第1台Basler相机..."
2025/04/18;09:13:59.782;DEBUG;53588;0000000000000000;BaslerControl::openCamera@50;"已经打开第1台Basler相机"
2025/04/18;09:13:59.801;DEBUG;53588;0000000000000000;BaslerControl::openCamera@63;"第1台Basler相机连接成功"
2025/04/18;09:13:59.801;DEBUG;53588;0000000000000000;BaslerControl::openCamera@43;"尝试连接第2台相机..."
2025/04/18;09:13:59.965;DEBUG;53588;0000000000000000;BaslerControl::openCamera@48;"尝试打开第2台Basler相机..."
2025/04/18;09:14:00.087;DEBUG;53588;0000000000000000;BaslerControl::openCamera@50;"已经打开第2台Basler相机"
2025/04/18;09:14:00.113;DEBUG;53588;0000000000000000;BaslerControl::openCamera@63;"第2台Basler相机连接成功"
2025/04/18;09:14:00.113;DEBUG;53588;0000000000000000;BaslerControl::openCamera@43;"尝试连接第3台相机..."
2025/04/18;09:14:00.267;DEBUG;53588;0000000000000000;BaslerControl::openCamera@48;"尝试打开第3台Basler相机..."
2025/04/18;09:14:00.405;DEBUG;53588;0000000000000000;BaslerControl::openCamera@50;"已经打开第3台Basler相机"
2025/04/18;09:14:00.431;DEBUG;53588;0000000000000000;BaslerControl::openCamera@63;"第3台Basler相机连接成功"
2025/04/18;09:33:50.801;ERROR;53588;0000000000000000;BaslerControl::openCamera@155;"采图失败，退出采图程序。"
2025/04/18;09:37:51.521;DEBUG;53588;0000000000000000;BaslerControl::openCamera@32;"正在连接Basler相机... ..."
2025/04/18;09:37:51.773;DEBUG;53588;0000000000000000;BaslerControl::openCamera@43;"尝试连接第1台相机..."
2025/04/18;09:37:51.987;DEBUG;53588;0000000000000000;BaslerControl::openCamera@48;"尝试打开第1台Basler相机..."
2025/04/18;09:37:52.076;DEBUG;53588;0000000000000000;BaslerControl::openCamera@50;"已经打开第1台Basler相机"
2025/04/18;09:37:52.093;DEBUG;53588;0000000000000000;BaslerControl::openCamera@63;"第1台Basler相机连接成功"
2025/04/18;09:37:52.093;DEBUG;53588;0000000000000000;BaslerControl::openCamera@43;"尝试连接第2台相机..."
2025/04/18;09:37:52.322;DEBUG;53588;0000000000000000;BaslerControl::openCamera@48;"尝试打开第2台Basler相机..."
2025/04/18;09:37:52.453;DEBUG;53588;0000000000000000;BaslerControl::openCamera@50;"已经打开第2台Basler相机"
2025/04/18;09:37:52.476;DEBUG;53588;0000000000000000;BaslerControl::openCamera@63;"第2台Basler相机连接成功"
2025/04/18;09:37:52.476;DEBUG;53588;0000000000000000;BaslerControl::openCamera@43;"尝试连接第3台相机..."
2025/04/18;09:37:52.695;DEBUG;53588;0000000000000000;BaslerControl::openCamera@48;"尝试打开第3台Basler相机..."
2025/04/18;09:37:52.816;DEBUG;53588;0000000000000000;BaslerControl::openCamera@50;"已经打开第3台Basler相机"
2025/04/18;09:37:52.839;DEBUG;53588;0000000000000000;BaslerControl::openCamera@63;"第3台Basler相机连接成功"
2025/04/18;09:37:52.841;ERROR;53588;0000000000000000;BaslerControl::openCamera@155;"采图失败，退出采图程序。"
2025/04/18;09:37:56.962;DEBUG;88160;0000000000000000;BaslerControl::closeCamera@173;"Basler相机断开连接"
2025/04/18;09:39:00.131;DEBUG;19576;0000000000000000;BaslerControl::openCamera@32;"正在连接Basler相机... ..."
2025/04/18;09:39:00.425;DEBUG;19576;0000000000000000;BaslerControl::openCamera@43;"尝试连接第1台相机..."
2025/04/18;09:39:00.701;DEBUG;19576;0000000000000000;BaslerControl::openCamera@48;"尝试打开第1台Basler相机..."
2025/04/18;09:39:00.796;DEBUG;19576;0000000000000000;BaslerControl::openCamera@50;"已经打开第1台Basler相机"
2025/04/18;09:39:00.812;DEBUG;19576;0000000000000000;BaslerControl::openCamera@63;"第1台Basler相机连接成功"
2025/04/18;09:39:00.812;DEBUG;19576;0000000000000000;BaslerControl::openCamera@43;"尝试连接第2台相机..."
2025/04/18;09:39:00.968;DEBUG;19576;0000000000000000;BaslerControl::openCamera@48;"尝试打开第2台Basler相机..."
2025/04/18;09:39:01.093;DEBUG;19576;0000000000000000;BaslerControl::openCamera@50;"已经打开第2台Basler相机"
2025/04/18;09:39:01.117;DEBUG;19576;0000000000000000;BaslerControl::openCamera@63;"第2台Basler相机连接成功"
2025/04/18;09:39:01.117;DEBUG;19576;0000000000000000;BaslerControl::openCamera@43;"尝试连接第3台相机..."
2025/04/18;09:39:01.283;DEBUG;19576;0000000000000000;BaslerControl::openCamera@48;"尝试打开第3台Basler相机..."
2025/04/18;09:39:01.418;DEBUG;19576;0000000000000000;BaslerControl::openCamera@50;"已经打开第3台Basler相机"
2025/04/18;09:39:01.442;DEBUG;19576;0000000000000000;BaslerControl::openCamera@63;"第3台Basler相机连接成功"
2025/04/18;09:54:46.994;ERROR;19576;0000000000000000;BaslerControl::openCamera@155;"采图失败，退出采图程序。"
2025/04/18;11:11:28.731;DEBUG;68080;0000000000000000;BaslerControl::closeCamera@173;"Basler相机断开连接"
2025/04/18;11:13:56.675;DEBUG;105664;0000000000000000;BaslerControl::closeCamera@173;"Basler相机断开连接"
2025/04/18;11:20:40.024;DEBUG;98992;0000000000000000;BaslerControl::closeCamera@173;"Basler相机断开连接"
2025/04/18;11:22:15.927;DEBUG;43660;0000000000000000;BaslerControl::closeCamera@173;"Basler相机断开连接"
2025/04/18;11:24:52.702;DEBUG;29884;0000000000000000;BaslerControl::closeCamera@173;"Basler相机断开连接"
2025/04/18;11:26:06.611;DEBUG;71208;0000000000000000;BaslerControl::openCamera@32;"正在连接Basler相机... ..."
2025/04/18;11:26:06.882;ERROR;71208;0000000000000000;BaslerControl::openCamera@38;"未找到Basler相机，请检查相机连接情况"
2025/04/18;11:26:08.963;DEBUG;70180;0000000000000000;BaslerControl::closeCamera@173;"Basler相机断开连接"
2025/04/18;11:26:38.266;DEBUG;95564;0000000000000000;BaslerControl::openCamera@32;"正在连接Basler相机... ..."
2025/04/18;11:26:38.536;DEBUG;95564;0000000000000000;BaslerControl::openCamera@43;"尝试连接第1台相机..."
2025/04/18;11:26:38.721;DEBUG;95564;0000000000000000;BaslerControl::openCamera@48;"尝试打开第1台Basler相机..."
2025/04/18;11:26:38.798;DEBUG;95564;0000000000000000;BaslerControl::openCamera@50;"已经打开第1台Basler相机"
2025/04/18;11:26:38.815;DEBUG;95564;0000000000000000;BaslerControl::openCamera@63;"第1台Basler相机连接成功"
2025/04/18;11:26:38.816;DEBUG;95564;0000000000000000;BaslerControl::openCamera@43;"尝试连接第2台相机..."
2025/04/18;11:26:38.963;DEBUG;95564;0000000000000000;BaslerControl::openCamera@48;"尝试打开第2台Basler相机..."
2025/04/18;11:26:39.090;DEBUG;95564;0000000000000000;BaslerControl::openCamera@50;"已经打开第2台Basler相机"
2025/04/18;11:26:39.115;DEBUG;95564;0000000000000000;BaslerControl::openCamera@63;"第2台Basler相机连接成功"
2025/04/18;11:26:39.115;DEBUG;95564;0000000000000000;BaslerControl::openCamera@43;"尝试连接第3台相机..."
2025/04/18;11:26:39.273;DEBUG;95564;0000000000000000;BaslerControl::openCamera@48;"尝试打开第3台Basler相机..."
2025/04/18;11:26:39.398;DEBUG;95564;0000000000000000;BaslerControl::openCamera@50;"已经打开第3台Basler相机"
2025/04/18;11:26:39.423;DEBUG;95564;0000000000000000;BaslerControl::openCamera@63;"第3台Basler相机连接成功"
2025/04/18;11:26:44.817;DEBUG;95564;0000000000000000;BaslerControl::openCamera@32;"正在连接Basler相机... ..."
2025/04/18;11:26:45.069;DEBUG;95564;0000000000000000;BaslerControl::openCamera@43;"尝试连接第1台相机..."
2025/04/18;11:26:45.235;DEBUG;95564;0000000000000000;BaslerControl::openCamera@48;"尝试打开第1台Basler相机..."
2025/04/18;11:26:45.312;DEBUG;95564;0000000000000000;BaslerControl::openCamera@50;"已经打开第1台Basler相机"
2025/04/18;11:26:45.327;DEBUG;95564;0000000000000000;BaslerControl::openCamera@63;"第1台Basler相机连接成功"
2025/04/18;11:26:45.327;DEBUG;95564;0000000000000000;BaslerControl::openCamera@43;"尝试连接第2台相机..."
2025/04/18;11:26:45.588;DEBUG;95564;0000000000000000;BaslerControl::openCamera@48;"尝试打开第2台Basler相机..."
2025/04/18;11:26:45.707;DEBUG;95564;0000000000000000;BaslerControl::openCamera@50;"已经打开第2台Basler相机"
2025/04/18;11:26:45.731;DEBUG;95564;0000000000000000;BaslerControl::openCamera@63;"第2台Basler相机连接成功"
2025/04/18;11:26:45.731;DEBUG;95564;0000000000000000;BaslerControl::openCamera@43;"尝试连接第3台相机..."
2025/04/18;11:26:46.167;DEBUG;95564;0000000000000000;BaslerControl::openCamera@48;"尝试打开第3台Basler相机..."
2025/04/18;11:26:46.298;DEBUG;95564;0000000000000000;BaslerControl::openCamera@50;"已经打开第3台Basler相机"
2025/04/18;11:26:46.322;DEBUG;95564;0000000000000000;BaslerControl::openCamera@63;"第3台Basler相机连接成功"
2025/04/18;11:26:46.323;ERROR;95564;0000000000000000;BaslerControl::openCamera@155;"采图失败，退出采图程序。"
2025/04/18;11:27:13.191;ERROR;95564;0000000000000000;BaslerControl::openCamera@155;"采图失败，退出采图程序。"
2025/04/18;11:27:13.283;DEBUG;39216;0000000000000000;BaslerControl::closeCamera@173;"Basler相机断开连接"
2025/04/18;11:27:23.401;DEBUG;872;0000000000000000;BaslerControl::openCamera@32;"正在连接Basler相机... ..."
2025/04/18;11:27:23.670;DEBUG;872;0000000000000000;BaslerControl::openCamera@43;"尝试连接第1台相机..."
2025/04/18;11:27:23.952;DEBUG;872;0000000000000000;BaslerControl::openCamera@48;"尝试打开第1台Basler相机..."
2025/04/18;11:27:24.094;DEBUG;872;0000000000000000;BaslerControl::openCamera@50;"已经打开第1台Basler相机"
2025/04/18;11:27:24.129;DEBUG;872;0000000000000000;BaslerControl::openCamera@63;"第1台Basler相机连接成功"
2025/04/18;11:27:24.129;DEBUG;872;0000000000000000;BaslerControl::openCamera@43;"尝试连接第2台相机..."
2025/04/18;11:27:24.289;DEBUG;872;0000000000000000;BaslerControl::openCamera@48;"尝试打开第2台Basler相机..."
2025/04/18;11:27:24.413;DEBUG;872;0000000000000000;BaslerControl::openCamera@50;"已经打开第2台Basler相机"
2025/04/18;11:27:24.436;DEBUG;872;0000000000000000;BaslerControl::openCamera@63;"第2台Basler相机连接成功"
2025/04/18;11:27:24.436;DEBUG;872;0000000000000000;BaslerControl::openCamera@43;"尝试连接第3台相机..."
2025/04/18;11:27:24.582;DEBUG;872;0000000000000000;BaslerControl::openCamera@48;"尝试打开第3台Basler相机..."
2025/04/18;11:27:24.723;DEBUG;872;0000000000000000;BaslerControl::openCamera@50;"已经打开第3台Basler相机"
2025/04/18;11:27:24.745;DEBUG;872;0000000000000000;BaslerControl::openCamera@63;"第3台Basler相机连接成功"
2025/04/18;11:28:20.895;ERROR;872;0000000000000000;BaslerControl::openCamera@155;"采图失败，退出采图程序。"
2025/04/18;11:28:21.077;DEBUG;106192;0000000000000000;BaslerControl::closeCamera@173;"Basler相机断开连接"
2025/04/18;11:28:51.418;DEBUG;20936;0000000000000000;BaslerControl::openCamera@32;"正在连接Basler相机... ..."
2025/04/18;11:28:51.687;DEBUG;20936;0000000000000000;BaslerControl::openCamera@43;"尝试连接第1台相机..."
2025/04/18;11:28:52.007;DEBUG;20936;0000000000000000;BaslerControl::openCamera@48;"尝试打开第1台Basler相机..."
2025/04/18;11:28:52.170;DEBUG;20936;0000000000000000;BaslerControl::openCamera@50;"已经打开第1台Basler相机"
2025/04/18;11:28:52.201;DEBUG;20936;0000000000000000;BaslerControl::openCamera@63;"第1台Basler相机连接成功"
2025/04/18;11:28:52.201;DEBUG;20936;0000000000000000;BaslerControl::openCamera@43;"尝试连接第2台相机..."
2025/04/18;11:28:52.361;DEBUG;20936;0000000000000000;BaslerControl::openCamera@48;"尝试打开第2台Basler相机..."
2025/04/18;11:28:52.484;DEBUG;20936;0000000000000000;BaslerControl::openCamera@50;"已经打开第2台Basler相机"
2025/04/18;11:28:52.507;DEBUG;20936;0000000000000000;BaslerControl::openCamera@63;"第2台Basler相机连接成功"
2025/04/18;11:28:52.507;DEBUG;20936;0000000000000000;BaslerControl::openCamera@43;"尝试连接第3台相机..."
2025/04/18;11:28:52.668;DEBUG;20936;0000000000000000;BaslerControl::openCamera@48;"尝试打开第3台Basler相机..."
2025/04/18;11:28:52.807;DEBUG;20936;0000000000000000;BaslerControl::openCamera@50;"已经打开第3台Basler相机"
2025/04/18;11:28:52.831;DEBUG;20936;0000000000000000;BaslerControl::openCamera@63;"第3台Basler相机连接成功"
2025/04/18;11:30:59.326;DEBUG;45776;0000000000000000;BaslerControl::closeCamera@173;"Basler相机断开连接"
2025/04/18;11:33:00.034;DEBUG;97820;0000000000000000;BaslerControl::openCamera@32;"正在连接Basler相机... ..."
2025/04/18;11:33:00.305;DEBUG;97820;0000000000000000;BaslerControl::openCamera@43;"尝试连接第1台相机..."
2025/04/18;11:33:00.585;DEBUG;97820;0000000000000000;BaslerControl::openCamera@48;"尝试打开第1台Basler相机..."
2025/04/18;11:33:00.664;DEBUG;97820;0000000000000000;BaslerControl::openCamera@50;"已经打开第1台Basler相机"
2025/04/18;11:33:00.680;DEBUG;97820;0000000000000000;BaslerControl::openCamera@63;"第1台Basler相机连接成功"
2025/04/18;11:33:00.680;DEBUG;97820;0000000000000000;BaslerControl::openCamera@43;"尝试连接第2台相机..."
2025/04/18;11:33:00.831;DEBUG;97820;0000000000000000;BaslerControl::openCamera@48;"尝试打开第2台Basler相机..."
2025/04/18;11:33:00.953;DEBUG;97820;0000000000000000;BaslerControl::openCamera@50;"已经打开第2台Basler相机"
2025/04/18;11:33:00.975;DEBUG;97820;0000000000000000;BaslerControl::openCamera@63;"第2台Basler相机连接成功"
2025/04/18;11:33:00.975;DEBUG;97820;0000000000000000;BaslerControl::openCamera@43;"尝试连接第3台相机..."
2025/04/18;11:33:01.122;DEBUG;97820;0000000000000000;BaslerControl::openCamera@48;"尝试打开第3台Basler相机..."
2025/04/18;11:33:01.238;DEBUG;97820;0000000000000000;BaslerControl::openCamera@50;"已经打开第3台Basler相机"
2025/04/18;11:33:01.261;DEBUG;97820;0000000000000000;BaslerControl::openCamera@63;"第3台Basler相机连接成功"
2025/04/18;11:33:58.816;DEBUG;27092;0000000000000000;BaslerControl::closeCamera@173;"Basler相机断开连接"
2025/04/18;11:34:42.339;DEBUG;29752;0000000000000000;BaslerControl::openCamera@32;"正在连接Basler相机... ..."
2025/04/18;11:34:42.610;DEBUG;29752;0000000000000000;BaslerControl::openCamera@43;"尝试连接第1台相机..."
2025/04/18;11:34:42.849;DEBUG;29752;0000000000000000;BaslerControl::openCamera@48;"尝试打开第1台Basler相机..."
2025/04/18;11:34:42.930;DEBUG;29752;0000000000000000;BaslerControl::openCamera@50;"已经打开第1台Basler相机"
2025/04/18;11:34:42.946;DEBUG;29752;0000000000000000;BaslerControl::openCamera@63;"第1台Basler相机连接成功"
2025/04/18;11:34:42.946;DEBUG;29752;0000000000000000;BaslerControl::openCamera@43;"尝试连接第2台相机..."
2025/04/18;11:34:43.092;DEBUG;29752;0000000000000000;BaslerControl::openCamera@48;"尝试打开第2台Basler相机..."
2025/04/18;11:34:43.217;DEBUG;29752;0000000000000000;BaslerControl::openCamera@50;"已经打开第2台Basler相机"
2025/04/18;11:34:43.239;DEBUG;29752;0000000000000000;BaslerControl::openCamera@63;"第2台Basler相机连接成功"
2025/04/18;11:34:43.239;DEBUG;29752;0000000000000000;BaslerControl::openCamera@43;"尝试连接第3台相机..."
2025/04/18;11:34:43.389;DEBUG;29752;0000000000000000;BaslerControl::openCamera@48;"尝试打开第3台Basler相机..."
2025/04/18;11:34:43.517;DEBUG;29752;0000000000000000;BaslerControl::openCamera@50;"已经打开第3台Basler相机"
2025/04/18;11:34:43.540;DEBUG;29752;0000000000000000;BaslerControl::openCamera@63;"第3台Basler相机连接成功"
2025/04/18;11:35:10.503;DEBUG;84212;0000000000000000;BaslerControl::closeCamera@173;"Basler相机断开连接"
2025/04/18;11:35:35.273;DEBUG;54636;0000000000000000;BaslerControl::openCamera@32;"正在连接Basler相机... ..."
2025/04/18;11:35:35.542;DEBUG;54636;0000000000000000;BaslerControl::openCamera@43;"尝试连接第1台相机..."
2025/04/18;11:35:35.822;DEBUG;54636;0000000000000000;BaslerControl::openCamera@48;"尝试打开第1台Basler相机..."
2025/04/18;11:35:35.968;DEBUG;54636;0000000000000000;BaslerControl::openCamera@50;"已经打开第1台Basler相机"
2025/04/18;11:35:35.986;DEBUG;54636;0000000000000000;BaslerControl::openCamera@63;"第1台Basler相机连接成功"
2025/04/18;11:35:35.986;DEBUG;54636;0000000000000000;BaslerControl::openCamera@43;"尝试连接第2台相机..."
2025/04/18;11:35:36.144;DEBUG;54636;0000000000000000;BaslerControl::openCamera@48;"尝试打开第2台Basler相机..."
2025/04/18;11:35:36.268;DEBUG;54636;0000000000000000;BaslerControl::openCamera@50;"已经打开第2台Basler相机"
2025/04/18;11:35:36.291;DEBUG;54636;0000000000000000;BaslerControl::openCamera@63;"第2台Basler相机连接成功"
2025/04/18;11:35:36.291;DEBUG;54636;0000000000000000;BaslerControl::openCamera@43;"尝试连接第3台相机..."
2025/04/18;11:35:36.446;DEBUG;54636;0000000000000000;BaslerControl::openCamera@48;"尝试打开第3台Basler相机..."
2025/04/18;11:35:36.586;DEBUG;54636;0000000000000000;BaslerControl::openCamera@50;"已经打开第3台Basler相机"
2025/04/18;11:35:36.608;DEBUG;54636;0000000000000000;BaslerControl::openCamera@63;"第3台Basler相机连接成功"
2025/04/18;11:37:41.552;DEBUG;110440;0000000000000000;BaslerControl::closeCamera@173;"Basler相机断开连接"
2025/04/18;11:38:02.934;DEBUG;53596;0000000000000000;BaslerControl::openCamera@32;"正在连接Basler相机... ..."
2025/04/18;11:38:03.203;DEBUG;53596;0000000000000000;BaslerControl::openCamera@43;"尝试连接第1台相机..."
2025/04/18;11:38:03.504;DEBUG;53596;0000000000000000;BaslerControl::openCamera@48;"尝试打开第1台Basler相机..."
2025/04/18;11:38:03.633;DEBUG;53596;0000000000000000;BaslerControl::openCamera@50;"已经打开第1台Basler相机"
2025/04/18;11:38:03.650;DEBUG;53596;0000000000000000;BaslerControl::openCamera@63;"第1台Basler相机连接成功"
2025/04/18;11:38:03.650;DEBUG;53596;0000000000000000;BaslerControl::openCamera@43;"尝试连接第2台相机..."
2025/04/18;11:38:03.811;DEBUG;53596;0000000000000000;BaslerControl::openCamera@48;"尝试打开第2台Basler相机..."
2025/04/18;11:38:03.934;DEBUG;53596;0000000000000000;BaslerControl::openCamera@50;"已经打开第2台Basler相机"
2025/04/18;11:38:03.957;DEBUG;53596;0000000000000000;BaslerControl::openCamera@63;"第2台Basler相机连接成功"
2025/04/18;11:38:03.957;DEBUG;53596;0000000000000000;BaslerControl::openCamera@43;"尝试连接第3台相机..."
2025/04/18;11:38:04.107;DEBUG;53596;0000000000000000;BaslerControl::openCamera@48;"尝试打开第3台Basler相机..."
2025/04/18;11:38:04.247;DEBUG;53596;0000000000000000;BaslerControl::openCamera@50;"已经打开第3台Basler相机"
2025/04/18;11:38:04.271;DEBUG;53596;0000000000000000;BaslerControl::openCamera@63;"第3台Basler相机连接成功"
2025/04/18;14:53:14.528;DEBUG;41656;0000000000000000;BaslerControl::closeCamera@173;"Basler相机断开连接"
2025/04/18;14:53:34.115;DEBUG;58212;0000000000000000;BaslerControl::openCamera@32;"正在连接Basler相机... ..."
2025/04/18;14:53:34.391;DEBUG;58212;0000000000000000;BaslerControl::openCamera@43;"尝试连接第1台相机..."
2025/04/18;14:53:34.713;DEBUG;58212;0000000000000000;BaslerControl::openCamera@48;"尝试打开第1台Basler相机..."
2025/04/18;14:53:34.824;DEBUG;58212;0000000000000000;BaslerControl::openCamera@50;"已经打开第1台Basler相机"
2025/04/18;14:53:34.841;DEBUG;58212;0000000000000000;BaslerControl::openCamera@63;"第1台Basler相机连接成功"
2025/04/18;14:53:34.841;DEBUG;58212;0000000000000000;BaslerControl::openCamera@43;"尝试连接第2台相机..."
2025/04/18;14:53:34.986;DEBUG;58212;0000000000000000;BaslerControl::openCamera@48;"尝试打开第2台Basler相机..."
2025/04/18;14:53:35.106;DEBUG;58212;0000000000000000;BaslerControl::openCamera@50;"已经打开第2台Basler相机"
2025/04/18;14:53:35.131;DEBUG;58212;0000000000000000;BaslerControl::openCamera@63;"第2台Basler相机连接成功"
2025/04/18;14:53:35.131;DEBUG;58212;0000000000000000;BaslerControl::openCamera@43;"尝试连接第3台相机..."
2025/04/18;14:53:35.294;DEBUG;58212;0000000000000000;BaslerControl::openCamera@48;"尝试打开第3台Basler相机..."
2025/04/18;14:53:35.419;DEBUG;58212;0000000000000000;BaslerControl::openCamera@50;"已经打开第3台Basler相机"
2025/04/18;14:53:35.443;DEBUG;58212;0000000000000000;BaslerControl::openCamera@63;"第3台Basler相机连接成功"
2025/04/18;15:06:36.795;ERROR;58212;0000000000000000;BaslerControl::openCamera@155;"采图失败，退出采图程序。"
2025/04/18;15:06:37.137;DEBUG;100172;0000000000000000;BaslerControl::closeCamera@173;"Basler相机断开连接"
2025/04/18;15:06:43.329;DEBUG;45136;0000000000000000;BaslerControl::openCamera@32;"正在连接Basler相机... ..."
2025/04/18;15:06:43.605;DEBUG;45136;0000000000000000;BaslerControl::openCamera@43;"尝试连接第1台相机..."
2025/04/18;15:06:43.798;DEBUG;45136;0000000000000000;BaslerControl::openCamera@48;"尝试打开第1台Basler相机..."
2025/04/18;15:06:43.879;DEBUG;45136;0000000000000000;BaslerControl::openCamera@50;"已经打开第1台Basler相机"
2025/04/18;15:06:43.896;DEBUG;45136;0000000000000000;BaslerControl::openCamera@63;"第1台Basler相机连接成功"
2025/04/18;15:06:43.896;DEBUG;45136;0000000000000000;BaslerControl::openCamera@43;"尝试连接第2台相机..."
2025/04/18;15:06:44.047;DEBUG;45136;0000000000000000;BaslerControl::openCamera@48;"尝试打开第2台Basler相机..."
2025/04/18;15:06:44.178;DEBUG;45136;0000000000000000;BaslerControl::openCamera@50;"已经打开第2台Basler相机"
2025/04/18;15:06:44.202;DEBUG;45136;0000000000000000;BaslerControl::openCamera@63;"第2台Basler相机连接成功"
2025/04/18;15:06:44.202;DEBUG;45136;0000000000000000;BaslerControl::openCamera@43;"尝试连接第3台相机..."
2025/04/18;15:06:44.362;DEBUG;45136;0000000000000000;BaslerControl::openCamera@48;"尝试打开第3台Basler相机..."
2025/04/18;15:06:44.501;DEBUG;45136;0000000000000000;BaslerControl::openCamera@50;"已经打开第3台Basler相机"
2025/04/18;15:06:44.525;DEBUG;45136;0000000000000000;BaslerControl::openCamera@63;"第3台Basler相机连接成功"
2025/04/18;15:08:07.812;DEBUG;94772;0000000000000000;BaslerControl::closeCamera@173;"Basler相机断开连接"
2025/04/18;15:08:23.764;DEBUG;53940;0000000000000000;BaslerControl::openCamera@32;"正在连接Basler相机... ..."
2025/04/18;15:08:24.036;DEBUG;53940;0000000000000000;BaslerControl::openCamera@43;"尝试连接第1台相机..."
2025/04/18;15:08:24.319;DEBUG;53940;0000000000000000;BaslerControl::openCamera@48;"尝试打开第1台Basler相机..."
2025/04/18;15:08:24.462;DEBUG;53940;0000000000000000;BaslerControl::openCamera@50;"已经打开第1台Basler相机"
2025/04/18;15:08:24.497;DEBUG;53940;0000000000000000;BaslerControl::openCamera@63;"第1台Basler相机连接成功"
2025/04/18;15:08:24.497;DEBUG;53940;0000000000000000;BaslerControl::openCamera@43;"尝试连接第2台相机..."
2025/04/18;15:08:24.659;DEBUG;53940;0000000000000000;BaslerControl::openCamera@48;"尝试打开第2台Basler相机..."
2025/04/18;15:08:24.780;DEBUG;53940;0000000000000000;BaslerControl::openCamera@50;"已经打开第2台Basler相机"
2025/04/18;15:08:24.803;DEBUG;53940;0000000000000000;BaslerControl::openCamera@63;"第2台Basler相机连接成功"
2025/04/18;15:08:24.803;DEBUG;53940;0000000000000000;BaslerControl::openCamera@43;"尝试连接第3台相机..."
2025/04/18;15:08:24.965;DEBUG;53940;0000000000000000;BaslerControl::openCamera@48;"尝试打开第3台Basler相机..."
2025/04/18;15:08:25.090;DEBUG;53940;0000000000000000;BaslerControl::openCamera@50;"已经打开第3台Basler相机"
2025/04/18;15:08:25.114;DEBUG;53940;0000000000000000;BaslerControl::openCamera@63;"第3台Basler相机连接成功"
2025/04/18;15:08:35.665;DEBUG;88804;0000000000000000;BaslerControl::closeCamera@173;"Basler相机断开连接"
2025/04/18;15:13:01.672;DEBUG;58792;0000000000000000;BaslerControl::openCamera@32;"正在连接Basler相机... ..."
2025/04/18;15:13:01.942;DEBUG;58792;0000000000000000;BaslerControl::openCamera@43;"尝试连接第1台相机..."
2025/04/18;15:13:02.220;DEBUG;58792;0000000000000000;BaslerControl::openCamera@48;"尝试打开第1台Basler相机..."
2025/04/18;15:13:02.340;DEBUG;58792;0000000000000000;BaslerControl::openCamera@50;"已经打开第1台Basler相机"
2025/04/18;15:13:02.356;DEBUG;58792;0000000000000000;BaslerControl::openCamera@63;"第1台Basler相机连接成功"
2025/04/18;15:13:02.356;DEBUG;58792;0000000000000000;BaslerControl::openCamera@43;"尝试连接第2台相机..."
2025/04/18;15:13:02.515;DEBUG;58792;0000000000000000;BaslerControl::openCamera@48;"尝试打开第2台Basler相机..."
2025/04/18;15:13:02.637;DEBUG;58792;0000000000000000;BaslerControl::openCamera@50;"已经打开第2台Basler相机"
2025/04/18;15:13:02.660;DEBUG;58792;0000000000000000;BaslerControl::openCamera@63;"第2台Basler相机连接成功"
2025/04/18;15:13:02.660;DEBUG;58792;0000000000000000;BaslerControl::openCamera@43;"尝试连接第3台相机..."
2025/04/18;15:13:02.825;DEBUG;58792;0000000000000000;BaslerControl::openCamera@48;"尝试打开第3台Basler相机..."
2025/04/18;15:13:02.965;DEBUG;58792;0000000000000000;BaslerControl::openCamera@50;"已经打开第3台Basler相机"
2025/04/18;15:13:02.988;DEBUG;58792;0000000000000000;BaslerControl::openCamera@63;"第3台Basler相机连接成功"
2025/04/18;15:21:19.938;DEBUG;102824;0000000000000000;BaslerControl::closeCamera@173;"Basler相机断开连接"
2025/04/18;15:22:47.940;DEBUG;47044;0000000000000000;BaslerControl::openCamera@32;"正在连接Basler相机... ..."
2025/04/18;15:22:48.210;DEBUG;47044;0000000000000000;BaslerControl::openCamera@43;"尝试连接第1台相机..."
2025/04/18;15:22:48.479;DEBUG;47044;0000000000000000;BaslerControl::openCamera@48;"尝试打开第1台Basler相机..."
2025/04/18;15:22:48.575;DEBUG;47044;0000000000000000;BaslerControl::openCamera@50;"已经打开第1台Basler相机"
2025/04/18;15:22:48.591;DEBUG;47044;0000000000000000;BaslerControl::openCamera@63;"第1台Basler相机连接成功"
2025/04/18;15:22:48.591;DEBUG;47044;0000000000000000;BaslerControl::openCamera@43;"尝试连接第2台相机..."
2025/04/18;15:22:48.748;DEBUG;47044;0000000000000000;BaslerControl::openCamera@48;"尝试打开第2台Basler相机..."
2025/04/18;15:22:48.872;DEBUG;47044;0000000000000000;BaslerControl::openCamera@50;"已经打开第2台Basler相机"
2025/04/18;15:22:48.896;DEBUG;47044;0000000000000000;BaslerControl::openCamera@63;"第2台Basler相机连接成功"
2025/04/18;15:22:48.896;DEBUG;47044;0000000000000000;BaslerControl::openCamera@43;"尝试连接第3台相机..."
2025/04/18;15:22:49.059;DEBUG;47044;0000000000000000;BaslerControl::openCamera@48;"尝试打开第3台Basler相机..."
2025/04/18;15:22:49.198;DEBUG;47044;0000000000000000;BaslerControl::openCamera@50;"已经打开第3台Basler相机"
2025/04/18;15:22:49.221;DEBUG;47044;0000000000000000;BaslerControl::openCamera@63;"第3台Basler相机连接成功"
2025/04/18;16:06:02.276;DEBUG;104564;0000000000000000;BaslerControl::closeCamera@173;"Basler相机断开连接"
2025/04/18;16:06:34.199;DEBUG;46140;0000000000000000;BaslerControl::openCamera@32;"正在连接Basler相机... ..."
2025/04/18;16:06:34.470;ERROR;46140;0000000000000000;BaslerControl::openCamera@38;"未找到Basler相机，请检查相机连接情况"
2025/04/18;16:39:26.437;DEBUG;42252;0000000000000000;BaslerControl::openCamera@32;"正在连接Basler相机... ..."
2025/04/18;16:39:26.739;ERROR;42252;0000000000000000;BaslerControl::openCamera@38;"未找到Basler相机，请检查相机连接情况"
2025/04/18;16:39:29.256;DEBUG;55584;0000000000000000;BaslerControl::closeCamera@173;"Basler相机断开连接"
2025/04/18;17:01:45.006;DEBUG;30260;0000000000000000;BaslerControl::closeCamera@173;"Basler相机断开连接"
2025/04/18;17:41:49.063;DEBUG;9996;0000000000000000;BaslerControl::closeCamera@173;"Basler相机断开连接"
2025/04/18;20:09:50.559;DEBUG;106044;0000000000000000;BaslerControl::openCamera@32;"正在连接Basler相机... ..."
2025/04/18;20:09:50.869;DEBUG;106044;0000000000000000;BaslerControl::openCamera@43;"尝试连接第1台相机..."
2025/04/18;20:09:51.182;DEBUG;106044;0000000000000000;BaslerControl::openCamera@48;"尝试打开第1台Basler相机..."
2025/04/18;20:09:51.825;DEBUG;106044;0000000000000000;BaslerControl::openCamera@50;"已经打开第1台Basler相机"
2025/04/18;20:09:51.845;DEBUG;106044;0000000000000000;BaslerControl::openCamera@63;"第1台Basler相机连接成功"
2025/04/18;20:09:51.845;DEBUG;106044;0000000000000000;BaslerControl::openCamera@43;"尝试连接第2台相机..."
2025/04/18;20:09:52.003;DEBUG;106044;0000000000000000;BaslerControl::openCamera@48;"尝试打开第2台Basler相机..."
2025/04/18;20:09:52.138;DEBUG;106044;0000000000000000;BaslerControl::openCamera@50;"已经打开第2台Basler相机"
2025/04/18;20:09:52.163;DEBUG;106044;0000000000000000;BaslerControl::openCamera@63;"第2台Basler相机连接成功"
2025/04/18;20:10:37.742;DEBUG;39908;0000000000000000;BaslerControl::closeCamera@173;"Basler相机断开连接"
2025/04/18;20:10:45.182;DEBUG;86744;0000000000000000;BaslerControl::openCamera@32;"正在连接Basler相机... ..."
2025/04/18;20:10:45.452;DEBUG;86744;0000000000000000;BaslerControl::openCamera@43;"尝试连接第1台相机..."
2025/04/18;20:10:45.635;DEBUG;86744;0000000000000000;BaslerControl::openCamera@48;"尝试打开第1台Basler相机..."
2025/04/18;20:10:46.224;DEBUG;86744;0000000000000000;BaslerControl::openCamera@50;"已经打开第1台Basler相机"
2025/04/18;20:10:46.241;DEBUG;86744;0000000000000000;BaslerControl::openCamera@63;"第1台Basler相机连接成功"
2025/04/18;20:10:46.241;DEBUG;86744;0000000000000000;BaslerControl::openCamera@43;"尝试连接第2台相机..."
2025/04/18;20:10:46.399;DEBUG;86744;0000000000000000;BaslerControl::openCamera@48;"尝试打开第2台Basler相机..."
2025/04/18;20:10:46.521;DEBUG;86744;0000000000000000;BaslerControl::openCamera@50;"已经打开第2台Basler相机"
2025/04/18;20:10:46.544;DEBUG;86744;0000000000000000;BaslerControl::openCamera@63;"第2台Basler相机连接成功"
2025/04/18;20:10:46.544;DEBUG;86744;0000000000000000;BaslerControl::openCamera@43;"尝试连接第3台相机..."
2025/04/18;20:10:46.708;DEBUG;86744;0000000000000000;BaslerControl::openCamera@48;"尝试打开第3台Basler相机..."
2025/04/18;20:10:46.845;DEBUG;86744;0000000000000000;BaslerControl::openCamera@50;"已经打开第3台Basler相机"
2025/04/18;20:10:46.871;DEBUG;86744;0000000000000000;BaslerControl::openCamera@63;"第3台Basler相机连接成功"
2025/04/18;20:13:09.256;ERROR;86744;0000000000000000;BaslerControl::openCamera@155;"采图失败，退出采图程序。"
2025/04/18;20:13:09.579;DEBUG;57368;0000000000000000;BaslerControl::closeCamera@173;"Basler相机断开连接"
2025/04/18;20:13:18.147;DEBUG;3460;0000000000000000;BaslerControl::openCamera@32;"正在连接Basler相机... ..."
2025/04/18;20:13:18.417;DEBUG;3460;0000000000000000;BaslerControl::openCamera@43;"尝试连接第1台相机..."
2025/04/18;20:13:18.698;DEBUG;3460;0000000000000000;BaslerControl::openCamera@48;"尝试打开第1台Basler相机..."
2025/04/18;20:13:18.847;DEBUG;3460;0000000000000000;BaslerControl::openCamera@50;"已经打开第1台Basler相机"
2025/04/18;20:13:18.881;DEBUG;3460;0000000000000000;BaslerControl::openCamera@63;"第1台Basler相机连接成功"
2025/04/18;20:13:18.881;DEBUG;3460;0000000000000000;BaslerControl::openCamera@43;"尝试连接第2台相机..."
2025/04/18;20:13:19.046;DEBUG;3460;0000000000000000;BaslerControl::openCamera@48;"尝试打开第2台Basler相机..."
2025/04/18;20:13:19.163;DEBUG;3460;0000000000000000;BaslerControl::openCamera@50;"已经打开第2台Basler相机"
2025/04/18;20:13:19.186;DEBUG;3460;0000000000000000;BaslerControl::openCamera@63;"第2台Basler相机连接成功"
2025/04/18;20:13:19.186;DEBUG;3460;0000000000000000;BaslerControl::openCamera@43;"尝试连接第3台相机..."
2025/04/18;20:13:19.336;DEBUG;3460;0000000000000000;BaslerControl::openCamera@48;"尝试打开第3台Basler相机..."
2025/04/18;20:13:19.464;DEBUG;3460;0000000000000000;BaslerControl::openCamera@50;"已经打开第3台Basler相机"
2025/04/18;20:13:19.488;DEBUG;3460;0000000000000000;BaslerControl::openCamera@63;"第3台Basler相机连接成功"
2025/04/18;20:39:06.854;DEBUG;3460;0000000000000000;BaslerControl::openCamera@32;"正在连接Basler相机... ..."
2025/04/18;20:39:07.108;DEBUG;3460;0000000000000000;BaslerControl::openCamera@43;"尝试连接第1台相机..."
2025/04/18;20:39:07.344;DEBUG;3460;0000000000000000;BaslerControl::openCamera@48;"尝试打开第1台Basler相机..."
2025/04/18;20:39:07.428;DEBUG;3460;0000000000000000;BaslerControl::openCamera@50;"已经打开第1台Basler相机"
2025/04/18;20:39:07.443;DEBUG;3460;0000000000000000;BaslerControl::openCamera@63;"第1台Basler相机连接成功"
2025/04/18;20:39:07.443;DEBUG;3460;0000000000000000;BaslerControl::openCamera@43;"尝试连接第2台相机..."
2025/04/18;20:39:07.751;DEBUG;3460;0000000000000000;BaslerControl::openCamera@48;"尝试打开第2台Basler相机..."
2025/04/18;20:39:07.883;DEBUG;3460;0000000000000000;BaslerControl::openCamera@50;"已经打开第2台Basler相机"
2025/04/18;20:39:07.908;DEBUG;3460;0000000000000000;BaslerControl::openCamera@63;"第2台Basler相机连接成功"
2025/04/18;20:39:07.908;DEBUG;3460;0000000000000000;BaslerControl::openCamera@43;"尝试连接第3台相机..."
2025/04/18;20:39:08.139;DEBUG;3460;0000000000000000;BaslerControl::openCamera@48;"尝试打开第3台Basler相机..."
2025/04/18;20:39:08.272;DEBUG;3460;0000000000000000;BaslerControl::openCamera@50;"已经打开第3台Basler相机"
2025/04/18;20:39:08.298;DEBUG;3460;0000000000000000;BaslerControl::openCamera@63;"第3台Basler相机连接成功"
2025/04/18;20:39:08.298;ERROR;3460;0000000000000000;BaslerControl::openCamera@155;"采图失败，退出采图程序。"
2025/04/18;20:48:50.824;DEBUG;3460;0000000000000000;BaslerControl::openCamera@32;"正在连接Basler相机... ..."
2025/04/18;20:48:51.089;DEBUG;3460;0000000000000000;BaslerControl::openCamera@43;"尝试连接第1台相机..."
2025/04/18;20:48:51.325;DEBUG;3460;0000000000000000;BaslerControl::openCamera@48;"尝试打开第1台Basler相机..."
2025/04/18;20:48:51.405;DEBUG;3460;0000000000000000;BaslerControl::openCamera@50;"已经打开第1台Basler相机"
2025/04/18;20:48:51.419;DEBUG;3460;0000000000000000;BaslerControl::openCamera@63;"第1台Basler相机连接成功"
2025/04/18;20:48:51.420;DEBUG;3460;0000000000000000;BaslerControl::openCamera@43;"尝试连接第2台相机..."
2025/04/18;20:48:51.698;DEBUG;3460;0000000000000000;BaslerControl::openCamera@48;"尝试打开第2台Basler相机..."
2025/04/18;20:48:51.814;DEBUG;3460;0000000000000000;BaslerControl::openCamera@50;"已经打开第2台Basler相机"
2025/04/18;20:48:51.838;DEBUG;3460;0000000000000000;BaslerControl::openCamera@63;"第2台Basler相机连接成功"
2025/04/18;20:48:51.838;DEBUG;3460;0000000000000000;BaslerControl::openCamera@43;"尝试连接第3台相机..."
2025/04/18;20:48:52.146;DEBUG;3460;0000000000000000;BaslerControl::openCamera@48;"尝试打开第3台Basler相机..."
2025/04/18;20:48:52.281;DEBUG;3460;0000000000000000;BaslerControl::openCamera@50;"已经打开第3台Basler相机"
2025/04/18;20:48:52.305;DEBUG;3460;0000000000000000;BaslerControl::openCamera@63;"第3台Basler相机连接成功"
2025/04/18;20:48:52.305;ERROR;3460;0000000000000000;BaslerControl::openCamera@155;"采图失败，退出采图程序。"
2025/04/18;20:48:54.913;DEBUG;3460;0000000000000000;BaslerControl::openCamera@32;"正在连接Basler相机... ..."
2025/04/18;20:48:55.164;DEBUG;3460;0000000000000000;BaslerControl::openCamera@43;"尝试连接第1台相机..."
2025/04/18;20:48:55.358;DEBUG;3460;0000000000000000;BaslerControl::openCamera@48;"尝试打开第1台Basler相机..."
2025/04/18;20:48:55.937;DEBUG;3460;0000000000000000;BaslerControl::openCamera@50;"已经打开第1台Basler相机"
2025/04/18;20:48:55.951;DEBUG;3460;0000000000000000;BaslerControl::openCamera@63;"第1台Basler相机连接成功"
2025/04/18;20:48:55.951;DEBUG;3460;0000000000000000;BaslerControl::openCamera@43;"尝试连接第2台相机..."
2025/04/18;20:48:56.236;DEBUG;3460;0000000000000000;BaslerControl::openCamera@48;"尝试打开第2台Basler相机..."
2025/04/18;20:48:56.367;DEBUG;3460;0000000000000000;BaslerControl::openCamera@50;"已经打开第2台Basler相机"
2025/04/18;20:48:56.390;DEBUG;3460;0000000000000000;BaslerControl::openCamera@63;"第2台Basler相机连接成功"
2025/04/18;20:48:56.390;DEBUG;3460;0000000000000000;BaslerControl::openCamera@43;"尝试连接第3台相机..."
2025/04/18;20:48:56.796;DEBUG;3460;0000000000000000;BaslerControl::openCamera@48;"尝试打开第3台Basler相机..."
2025/04/18;20:48:56.929;DEBUG;3460;0000000000000000;BaslerControl::openCamera@50;"已经打开第3台Basler相机"
2025/04/18;20:48:56.952;DEBUG;3460;0000000000000000;BaslerControl::openCamera@63;"第3台Basler相机连接成功"
2025/04/18;20:48:56.952;ERROR;3460;0000000000000000;BaslerControl::openCamera@155;"采图失败，退出采图程序。"
2025/04/18;20:57:38.078;ERROR;3460;0000000000000000;BaslerControl::openCamera@155;"采图失败，退出采图程序。"
2025/04/18;20:57:38.078;DEBUG;17356;0000000000000000;BaslerControl::closeCamera@173;"Basler相机断开连接"
2025/04/18;20:57:52.318;DEBUG;66496;0000000000000000;BaslerControl::openCamera@32;"正在连接Basler相机... ..."
2025/04/18;20:57:52.587;DEBUG;66496;0000000000000000;BaslerControl::openCamera@43;"尝试连接第1台相机..."
2025/04/18;20:57:52.877;DEBUG;66496;0000000000000000;BaslerControl::openCamera@48;"尝试打开第1台Basler相机..."
2025/04/18;20:57:52.987;DEBUG;66496;0000000000000000;BaslerControl::openCamera@50;"已经打开第1台Basler相机"
2025/04/18;20:57:53.002;DEBUG;66496;0000000000000000;BaslerControl::openCamera@63;"第1台Basler相机连接成功"
2025/04/18;20:57:53.003;DEBUG;66496;0000000000000000;BaslerControl::openCamera@43;"尝试连接第2台相机..."
2025/04/18;20:57:53.151;DEBUG;66496;0000000000000000;BaslerControl::openCamera@48;"尝试打开第2台Basler相机..."
2025/04/18;20:57:53.274;DEBUG;66496;0000000000000000;BaslerControl::openCamera@50;"已经打开第2台Basler相机"
2025/04/18;20:57:53.298;DEBUG;66496;0000000000000000;BaslerControl::openCamera@63;"第2台Basler相机连接成功"
2025/04/18;20:57:53.298;DEBUG;66496;0000000000000000;BaslerControl::openCamera@43;"尝试连接第3台相机..."
2025/04/18;20:57:53.448;DEBUG;66496;0000000000000000;BaslerControl::openCamera@48;"尝试打开第3台Basler相机..."
2025/04/18;20:57:53.575;DEBUG;66496;0000000000000000;BaslerControl::openCamera@50;"已经打开第3台Basler相机"
2025/04/18;20:57:53.597;DEBUG;66496;0000000000000000;BaslerControl::openCamera@63;"第3台Basler相机连接成功"
2025/04/18;20:58:57.173;DEBUG;77796;0000000000000000;BaslerControl::closeCamera@173;"Basler相机断开连接"
2025/04/18;21:07:04.863;DEBUG;74424;0000000000000000;BaslerControl::closeCamera@173;"Basler相机断开连接"
2025/04/18;21:07:48.204;DEBUG;70128;0000000000000000;BaslerControl::closeCamera@173;"Basler相机断开连接"
2025/04/18;21:14:54.766;DEBUG;35404;0000000000000000;BaslerControl::closeCamera@173;"Basler相机断开连接"
2025/04/18;21:21:08.127;DEBUG;75272;0000000000000000;BaslerControl::closeCamera@173;"Basler相机断开连接"
2025/04/18;21:44:27.733;DEBUG;24360;0000000000000000;BaslerControl::openCamera@32;"正在连接Basler相机... ..."
2025/04/18;21:44:28.005;DEBUG;24360;0000000000000000;BaslerControl::openCamera@43;"尝试连接第1台相机..."
2025/04/18;21:44:28.286;DEBUG;24360;0000000000000000;BaslerControl::openCamera@48;"尝试打开第1台Basler相机..."
2025/04/18;21:44:28.413;DEBUG;24360;0000000000000000;BaslerControl::openCamera@50;"已经打开第1台Basler相机"
2025/04/18;21:44:28.429;DEBUG;24360;0000000000000000;BaslerControl::openCamera@63;"第1台Basler相机连接成功"
2025/04/18;21:44:28.429;DEBUG;24360;0000000000000000;BaslerControl::openCamera@43;"尝试连接第2台相机..."
2025/04/18;21:44:28.600;DEBUG;24360;0000000000000000;BaslerControl::openCamera@48;"尝试打开第2台Basler相机..."
2025/04/18;21:44:29.216;DEBUG;24360;0000000000000000;BaslerControl::openCamera@50;"已经打开第2台Basler相机"
2025/04/18;21:44:29.239;DEBUG;24360;0000000000000000;BaslerControl::openCamera@63;"第2台Basler相机连接成功"
2025/04/18;21:44:29.239;DEBUG;24360;0000000000000000;BaslerControl::openCamera@43;"尝试连接第3台相机..."
2025/04/18;21:44:29.416;DEBUG;24360;0000000000000000;BaslerControl::openCamera@48;"尝试打开第3台Basler相机..."
2025/04/18;21:44:29.539;DEBUG;24360;0000000000000000;BaslerControl::openCamera@50;"已经打开第3台Basler相机"
2025/04/18;21:44:29.566;DEBUG;24360;0000000000000000;BaslerControl::openCamera@63;"第3台Basler相机连接成功"
2025/04/18;21:45:02.585;DEBUG;63916;0000000000000000;BaslerControl::closeCamera@173;"Basler相机断开连接"
2025/04/18;21:45:28.857;DEBUG;43472;0000000000000000;BaslerControl::openCamera@32;"正在连接Basler相机... ..."
2025/04/18;21:45:29.126;DEBUG;43472;0000000000000000;BaslerControl::openCamera@43;"尝试连接第1台相机..."
2025/04/18;21:45:29.316;DEBUG;43472;0000000000000000;BaslerControl::openCamera@48;"尝试打开第1台Basler相机..."
2025/04/18;21:45:29.909;DEBUG;43472;0000000000000000;BaslerControl::openCamera@50;"已经打开第1台Basler相机"
2025/04/18;21:45:29.926;DEBUG;43472;0000000000000000;BaslerControl::openCamera@63;"第1台Basler相机连接成功"
2025/04/18;21:45:29.927;DEBUG;43472;0000000000000000;BaslerControl::openCamera@43;"尝试连接第2台相机..."
2025/04/18;21:45:30.084;DEBUG;43472;0000000000000000;BaslerControl::openCamera@48;"尝试打开第2台Basler相机..."
2025/04/18;21:45:30.206;DEBUG;43472;0000000000000000;BaslerControl::openCamera@50;"已经打开第2台Basler相机"
2025/04/18;21:45:30.230;DEBUG;43472;0000000000000000;BaslerControl::openCamera@63;"第2台Basler相机连接成功"
2025/04/18;21:45:30.230;DEBUG;43472;0000000000000000;BaslerControl::openCamera@43;"尝试连接第3台相机..."
2025/04/18;21:45:30.379;DEBUG;43472;0000000000000000;BaslerControl::openCamera@48;"尝试打开第3台Basler相机..."
2025/04/18;21:45:30.518;DEBUG;43472;0000000000000000;BaslerControl::openCamera@50;"已经打开第3台Basler相机"
2025/04/18;21:45:30.540;DEBUG;43472;0000000000000000;BaslerControl::openCamera@63;"第3台Basler相机连接成功"
2025/04/18;21:47:28.558;DEBUG;11736;0000000000000000;BaslerControl::closeCamera@173;"Basler相机断开连接"
2025/04/18;21:49:09.999;DEBUG;37024;0000000000000000;BaslerControl::openCamera@32;"正在连接Basler相机... ..."
2025/04/18;21:49:10.270;DEBUG;37024;0000000000000000;BaslerControl::openCamera@43;"尝试连接第1台相机..."
2025/04/18;21:49:10.519;DEBUG;37024;0000000000000000;BaslerControl::openCamera@48;"尝试打开第1台Basler相机..."
2025/04/18;21:49:10.607;DEBUG;37024;0000000000000000;BaslerControl::openCamera@50;"已经打开第1台Basler相机"
2025/04/18;21:49:10.623;DEBUG;37024;0000000000000000;BaslerControl::openCamera@63;"第1台Basler相机连接成功"
2025/04/18;21:49:10.623;DEBUG;37024;0000000000000000;BaslerControl::openCamera@43;"尝试连接第2台相机..."
2025/04/18;21:49:10.769;DEBUG;37024;0000000000000000;BaslerControl::openCamera@48;"尝试打开第2台Basler相机..."
2025/04/18;21:49:10.892;DEBUG;37024;0000000000000000;BaslerControl::openCamera@50;"已经打开第2台Basler相机"
2025/04/18;21:49:10.914;DEBUG;37024;0000000000000000;BaslerControl::openCamera@63;"第2台Basler相机连接成功"
2025/04/18;21:49:10.914;DEBUG;37024;0000000000000000;BaslerControl::openCamera@43;"尝试连接第3台相机..."
2025/04/18;21:49:11.065;DEBUG;37024;0000000000000000;BaslerControl::openCamera@48;"尝试打开第3台Basler相机..."
2025/04/18;21:49:11.190;DEBUG;37024;0000000000000000;BaslerControl::openCamera@50;"已经打开第3台Basler相机"
2025/04/18;21:49:11.213;DEBUG;37024;0000000000000000;BaslerControl::openCamera@63;"第3台Basler相机连接成功"
2025/04/18;21:49:46.819;DEBUG;93072;0000000000000000;BaslerControl::closeCamera@173;"Basler相机断开连接"
2025/04/18;21:58:37.279;DEBUG;110184;0000000000000000;BaslerControl::closeCamera@173;"Basler相机断开连接"
2025/04/19;14:38:48.765;DEBUG;59772;0000000000000000;BaslerControl::closeCamera@173;"Basler相机断开连接"
2025/04/19;14:40:21.824;DEBUG;48988;0000000000000000;BaslerControl::closeCamera@173;"Basler相机断开连接"
2025/04/19;14:41:31.206;DEBUG;44924;0000000000000000;BaslerControl::closeCamera@173;"Basler相机断开连接"
2025/04/19;14:42:35.292;DEBUG;42416;0000000000000000;BaslerControl::closeCamera@173;"Basler相机断开连接"
2025/04/19;14:43:32.941;DEBUG;54928;0000000000000000;BaslerControl::closeCamera@173;"Basler相机断开连接"
2025/04/19;14:44:21.385;DEBUG;60632;0000000000000000;BaslerControl::closeCamera@173;"Basler相机断开连接"
2025/04/19;14:45:12.011;DEBUG;61228;0000000000000000;BaslerControl::closeCamera@173;"Basler相机断开连接"
2025/04/19;14:45:55.576;DEBUG;88604;0000000000000000;BaslerControl::closeCamera@173;"Basler相机断开连接"
2025/04/19;14:49:56.778;DEBUG;55360;0000000000000000;BaslerControl::closeCamera@173;"Basler相机断开连接"
2025/04/19;14:55:48.145;DEBUG;94120;0000000000000000;BaslerControl::closeCamera@173;"Basler相机断开连接"
2025/04/19;14:58:01.382;DEBUG;25408;0000000000000000;BaslerControl::closeCamera@173;"Basler相机断开连接"
2025/04/19;14:59:26.450;DEBUG;97992;0000000000000000;BaslerControl::closeCamera@173;"Basler相机断开连接"
2025/04/19;15:09:49.082;DEBUG;35172;0000000000000000;BaslerControl::closeCamera@173;"Basler相机断开连接"
2025/04/19;15:11:10.578;DEBUG;101244;0000000000000000;BaslerControl::closeCamera@173;"Basler相机断开连接"
2025/04/19;15:12:07.274;DEBUG;25760;0000000000000000;BaslerControl::closeCamera@173;"Basler相机断开连接"
2025/04/19;15:12:41.652;DEBUG;107432;0000000000000000;BaslerControl::closeCamera@173;"Basler相机断开连接"
2025/04/19;15:41:51.688;DEBUG;73192;0000000000000000;BaslerControl::closeCamera@173;"Basler相机断开连接"
2025/04/19;15:41:57.790;DEBUG;107228;0000000000000000;BaslerControl::openCamera@32;"正在连接Basler相机... ..."
2025/04/19;15:41:58.093;DEBUG;107228;0000000000000000;BaslerControl::openCamera@43;"尝试连接第1台相机..."
2025/04/19;15:41:58.380;DEBUG;107228;0000000000000000;BaslerControl::openCamera@48;"尝试打开第1台Basler相机..."
2025/04/19;15:41:59.011;DEBUG;107228;0000000000000000;BaslerControl::openCamera@50;"已经打开第1台Basler相机"
2025/04/19;15:41:59.031;DEBUG;107228;0000000000000000;BaslerControl::openCamera@63;"第1台Basler相机连接成功"
2025/04/19;15:41:59.031;DEBUG;107228;0000000000000000;BaslerControl::openCamera@43;"尝试连接第2台相机..."
2025/04/19;15:41:59.189;DEBUG;107228;0000000000000000;BaslerControl::openCamera@48;"尝试打开第2台Basler相机..."
2025/04/19;15:41:59.311;DEBUG;107228;0000000000000000;BaslerControl::openCamera@50;"已经打开第2台Basler相机"
2025/04/19;15:41:59.337;DEBUG;107228;0000000000000000;BaslerControl::openCamera@63;"第2台Basler相机连接成功"
2025/04/19;15:41:59.337;DEBUG;107228;0000000000000000;BaslerControl::openCamera@43;"尝试连接第3台相机..."
2025/04/19;15:41:59.490;DEBUG;107228;0000000000000000;BaslerControl::openCamera@48;"尝试打开第3台Basler相机..."
2025/04/19;15:41:59.616;DEBUG;107228;0000000000000000;BaslerControl::openCamera@50;"已经打开第3台Basler相机"
2025/04/19;15:41:59.642;DEBUG;107228;0000000000000000;BaslerControl::openCamera@63;"第3台Basler相机连接成功"
2025/04/19;15:43:02.201;DEBUG;70512;0000000000000000;BaslerControl::closeCamera@173;"Basler相机断开连接"
2025/04/19;15:43:27.480;DEBUG;22040;0000000000000000;BaslerControl::closeCamera@173;"Basler相机断开连接"
2025/04/19;15:43:49.691;DEBUG;89256;0000000000000000;BaslerControl::openCamera@32;"正在连接Basler相机... ..."
2025/04/19;15:43:49.960;DEBUG;89256;0000000000000000;BaslerControl::openCamera@43;"尝试连接第1台相机..."
2025/04/19;15:43:50.238;DEBUG;89256;0000000000000000;BaslerControl::openCamera@48;"尝试打开第1台Basler相机..."
2025/04/19;15:43:50.369;DEBUG;89256;0000000000000000;BaslerControl::openCamera@50;"已经打开第1台Basler相机"
2025/04/19;15:43:50.385;DEBUG;89256;0000000000000000;BaslerControl::openCamera@63;"第1台Basler相机连接成功"
2025/04/19;15:43:50.386;DEBUG;89256;0000000000000000;BaslerControl::openCamera@43;"尝试连接第2台相机..."
2025/04/19;15:43:50.539;DEBUG;89256;0000000000000000;BaslerControl::openCamera@48;"尝试打开第2台Basler相机..."
2025/04/19;15:43:50.662;DEBUG;89256;0000000000000000;BaslerControl::openCamera@50;"已经打开第2台Basler相机"
2025/04/19;15:43:50.684;DEBUG;89256;0000000000000000;BaslerControl::openCamera@63;"第2台Basler相机连接成功"
2025/04/19;15:43:50.684;DEBUG;89256;0000000000000000;BaslerControl::openCamera@43;"尝试连接第3台相机..."
2025/04/19;15:43:50.834;DEBUG;89256;0000000000000000;BaslerControl::openCamera@48;"尝试打开第3台Basler相机..."
2025/04/19;15:43:50.957;DEBUG;89256;0000000000000000;BaslerControl::openCamera@50;"已经打开第3台Basler相机"
2025/04/19;15:43:50.981;DEBUG;89256;0000000000000000;BaslerControl::openCamera@63;"第3台Basler相机连接成功"
2025/04/19;15:44:10.342;DEBUG;8820;0000000000000000;BaslerControl::closeCamera@173;"Basler相机断开连接"
2025/04/19;15:45:23.207;DEBUG;76112;0000000000000000;BaslerControl::openCamera@32;"正在连接Basler相机... ..."
2025/04/19;15:45:23.477;DEBUG;76112;0000000000000000;BaslerControl::openCamera@43;"尝试连接第1台相机..."
2025/04/19;15:45:23.661;DEBUG;76112;0000000000000000;BaslerControl::openCamera@48;"尝试打开第1台Basler相机..."
2025/04/19;15:45:23.742;DEBUG;76112;0000000000000000;BaslerControl::openCamera@50;"已经打开第1台Basler相机"
2025/04/19;15:45:23.757;DEBUG;76112;0000000000000000;BaslerControl::openCamera@63;"第1台Basler相机连接成功"
2025/04/19;15:45:23.757;DEBUG;76112;0000000000000000;BaslerControl::openCamera@43;"尝试连接第2台相机..."
2025/04/19;15:45:23.911;DEBUG;76112;0000000000000000;BaslerControl::openCamera@48;"尝试打开第2台Basler相机..."
2025/04/19;15:45:24.551;DEBUG;76112;0000000000000000;BaslerControl::openCamera@50;"已经打开第2台Basler相机"
2025/04/19;15:45:24.574;DEBUG;76112;0000000000000000;BaslerControl::openCamera@63;"第2台Basler相机连接成功"
2025/04/19;15:45:24.574;DEBUG;76112;0000000000000000;BaslerControl::openCamera@43;"尝试连接第3台相机..."
2025/04/19;15:45:24.740;DEBUG;76112;0000000000000000;BaslerControl::openCamera@48;"尝试打开第3台Basler相机..."
2025/04/19;15:45:24.879;DEBUG;76112;0000000000000000;BaslerControl::openCamera@50;"已经打开第3台Basler相机"
2025/04/19;15:45:24.903;DEBUG;76112;0000000000000000;BaslerControl::openCamera@63;"第3台Basler相机连接成功"
2025/04/19;15:49:39.237;DEBUG;78732;0000000000000000;BaslerControl::closeCamera@173;"Basler相机断开连接"
2025/04/19;15:52:35.614;DEBUG;64780;0000000000000000;BaslerControl::closeCamera@173;"Basler相机断开连接"
2025/04/19;15:53:08.326;DEBUG;54868;0000000000000000;BaslerControl::closeCamera@173;"Basler相机断开连接"
2025/04/19;15:54:26.746;DEBUG;38708;0000000000000000;BaslerControl::closeCamera@173;"Basler相机断开连接"
2025/04/19;15:55:04.454;DEBUG;109820;0000000000000000;BaslerControl::closeCamera@173;"Basler相机断开连接"
2025/04/19;16:11:09.417;DEBUG;46060;0000000000000000;BaslerControl::closeCamera@173;"Basler相机断开连接"
2025/04/19;16:20:00.388;DEBUG;60616;0000000000000000;BaslerControl::closeCamera@173;"Basler相机断开连接"
2025/04/19;16:20:51.771;DEBUG;66820;0000000000000000;BaslerControl::closeCamera@173;"Basler相机断开连接"
2025/04/19;16:22:14.790;DEBUG;107984;0000000000000000;BaslerControl::closeCamera@173;"Basler相机断开连接"
2025/04/19;16:23:18.913;DEBUG;83580;0000000000000000;BaslerControl::closeCamera@173;"Basler相机断开连接"
2025/04/19;16:24:25.620;DEBUG;100816;0000000000000000;BaslerControl::closeCamera@173;"Basler相机断开连接"
2025/04/19;16:41:41.088;DEBUG;98448;0000000000000000;BaslerControl::closeCamera@173;"Basler相机断开连接"
2025/04/19;16:44:43.219;DEBUG;105460;0000000000000000;BaslerControl::openCamera@32;"正在连接Basler相机... ..."
2025/04/19;16:44:43.491;ERROR;105460;0000000000000000;BaslerControl::openCamera@38;"未找到Basler相机，请检查相机连接情况"
2025/04/19;16:44:45.106;DEBUG;86488;0000000000000000;BaslerControl::closeCamera@173;"Basler相机断开连接"
2025/04/19;17:00:14.458;DEBUG;33096;0000000000000000;BaslerControl::openCamera@32;"正在连接Basler相机... ..."
2025/04/19;17:00:14.730;DEBUG;33096;0000000000000000;BaslerControl::openCamera@43;"尝试连接第1台相机..."
2025/04/19;17:00:15.000;DEBUG;33096;0000000000000000;BaslerControl::openCamera@48;"尝试打开第1台Basler相机..."
2025/04/19;17:00:15.084;DEBUG;33096;0000000000000000;BaslerControl::openCamera@50;"已经打开第1台Basler相机"
2025/04/19;17:00:15.102;DEBUG;33096;0000000000000000;BaslerControl::openCamera@63;"第1台Basler相机连接成功"
2025/04/19;17:00:15.102;DEBUG;33096;0000000000000000;BaslerControl::openCamera@43;"尝试连接第2台相机..."
2025/04/19;17:00:15.258;DEBUG;33096;0000000000000000;BaslerControl::openCamera@48;"尝试打开第2台Basler相机..."
2025/04/19;17:00:15.375;DEBUG;33096;0000000000000000;BaslerControl::openCamera@50;"已经打开第2台Basler相机"
2025/04/19;17:00:15.400;DEBUG;33096;0000000000000000;BaslerControl::openCamera@63;"第2台Basler相机连接成功"
2025/04/19;17:00:15.400;DEBUG;33096;0000000000000000;BaslerControl::openCamera@43;"尝试连接第3台相机..."
2025/04/19;17:00:15.554;DEBUG;33096;0000000000000000;BaslerControl::openCamera@48;"尝试打开第3台Basler相机..."
2025/04/19;17:00:15.694;DEBUG;33096;0000000000000000;BaslerControl::openCamera@50;"已经打开第3台Basler相机"
2025/04/19;17:00:15.719;DEBUG;33096;0000000000000000;BaslerControl::openCamera@63;"第3台Basler相机连接成功"
2025/04/19;17:02:40.331;DEBUG;33096;0000000000000000;BaslerControl::closeCamera@173;"Basler相机断开连接"
2025/04/19;17:02:41.249;DEBUG;33096;0000000000000000;BaslerControl::openCamera@32;"正在连接Basler相机... ..."
2025/04/19;17:02:41.518;DEBUG;33096;0000000000000000;BaslerControl::openCamera@43;"尝试连接第1台相机..."
2025/04/19;17:02:41.646;DEBUG;33096;0000000000000000;BaslerControl::openCamera@48;"尝试打开第1台Basler相机..."
2025/04/19;17:02:41.728;DEBUG;33096;0000000000000000;BaslerControl::openCamera@50;"已经打开第1台Basler相机"
2025/04/19;17:02:41.744;DEBUG;33096;0000000000000000;BaslerControl::openCamera@63;"第1台Basler相机连接成功"
2025/04/19;17:02:41.744;DEBUG;33096;0000000000000000;BaslerControl::openCamera@43;"尝试连接第2台相机..."
2025/04/19;17:02:41.892;DEBUG;33096;0000000000000000;BaslerControl::openCamera@48;"尝试打开第2台Basler相机..."
2025/04/19;17:02:42.011;DEBUG;33096;0000000000000000;BaslerControl::openCamera@50;"已经打开第2台Basler相机"
2025/04/19;17:02:42.032;DEBUG;33096;0000000000000000;BaslerControl::openCamera@63;"第2台Basler相机连接成功"
2025/04/19;17:02:42.032;DEBUG;33096;0000000000000000;BaslerControl::openCamera@43;"尝试连接第3台相机..."
2025/04/19;17:02:42.185;DEBUG;33096;0000000000000000;BaslerControl::openCamera@48;"尝试打开第3台Basler相机..."
2025/04/19;17:02:42.307;DEBUG;33096;0000000000000000;BaslerControl::openCamera@50;"已经打开第3台Basler相机"
2025/04/19;17:02:42.329;DEBUG;33096;0000000000000000;BaslerControl::openCamera@63;"第3台Basler相机连接成功"
2025/04/19;17:12:02.491;ERROR;33096;0000000000000000;BaslerControl::openCamera@155;"采图失败，退出采图程序。"
2025/04/19;17:12:54.801;DEBUG;33096;0000000000000000;BaslerControl::openCamera@32;"正在连接Basler相机... ..."
2025/04/19;17:12:55.052;DEBUG;33096;0000000000000000;BaslerControl::openCamera@43;"尝试连接第1台相机..."
2025/04/19;17:12:55.341;DEBUG;33096;0000000000000000;BaslerControl::openCamera@48;"尝试打开第1台Basler相机..."
2025/04/19;17:12:55.485;DEBUG;33096;0000000000000000;BaslerControl::openCamera@50;"已经打开第1台Basler相机"
2025/04/19;17:12:55.501;DEBUG;33096;0000000000000000;BaslerControl::openCamera@63;"第1台Basler相机连接成功"
2025/04/19;17:12:55.501;DEBUG;33096;0000000000000000;BaslerControl::openCamera@43;"尝试连接第2台相机..."
2025/04/19;17:12:55.655;DEBUG;33096;0000000000000000;BaslerControl::openCamera@48;"尝试打开第2台Basler相机..."
2025/04/19;17:12:55.772;DEBUG;33096;0000000000000000;BaslerControl::openCamera@50;"已经打开第2台Basler相机"
2025/04/19;17:12:55.795;DEBUG;33096;0000000000000000;BaslerControl::openCamera@63;"第2台Basler相机连接成功"
2025/04/19;17:12:55.795;DEBUG;33096;0000000000000000;BaslerControl::openCamera@43;"尝试连接第3台相机..."
2025/04/19;17:12:55.981;DEBUG;33096;0000000000000000;BaslerControl::openCamera@48;"尝试打开第3台Basler相机..."
2025/04/19;17:12:56.103;DEBUG;33096;0000000000000000;BaslerControl::openCamera@50;"已经打开第3台Basler相机"
2025/04/19;17:12:56.129;DEBUG;33096;0000000000000000;BaslerControl::openCamera@63;"第3台Basler相机连接成功"
2025/04/19;17:12:56.138;ERROR;33096;0000000000000000;BaslerControl::openCamera@155;"采图失败，退出采图程序。"
2025/04/19;17:12:56.185;DEBUG;33096;0000000000000000;BaslerControl::openCamera@32;"正在连接Basler相机... ..."
2025/04/19;17:12:56.436;DEBUG;33096;0000000000000000;BaslerControl::openCamera@43;"尝试连接第1台相机..."
2025/04/19;17:12:56.637;DEBUG;33096;0000000000000000;BaslerControl::openCamera@48;"尝试打开第1台Basler相机..."
2025/04/19;17:12:56.715;DEBUG;33096;0000000000000000;BaslerControl::openCamera@50;"已经打开第1台Basler相机"
2025/04/19;17:12:56.731;DEBUG;33096;0000000000000000;BaslerControl::openCamera@63;"第1台Basler相机连接成功"
2025/04/19;17:12:56.731;DEBUG;33096;0000000000000000;BaslerControl::openCamera@43;"尝试连接第2台相机..."
2025/04/19;17:12:56.987;DEBUG;33096;0000000000000000;BaslerControl::openCamera@48;"尝试打开第2台Basler相机..."
2025/04/19;17:12:57.104;DEBUG;33096;0000000000000000;BaslerControl::openCamera@50;"已经打开第2台Basler相机"
2025/04/19;17:12:57.126;DEBUG;33096;0000000000000000;BaslerControl::openCamera@63;"第2台Basler相机连接成功"
2025/04/19;17:12:57.126;DEBUG;33096;0000000000000000;BaslerControl::openCamera@43;"尝试连接第3台相机..."
2025/04/19;17:12:57.508;DEBUG;33096;0000000000000000;BaslerControl::openCamera@48;"尝试打开第3台Basler相机..."
2025/04/19;17:12:57.637;DEBUG;33096;0000000000000000;BaslerControl::openCamera@50;"已经打开第3台Basler相机"
2025/04/19;17:12:57.661;DEBUG;33096;0000000000000000;BaslerControl::openCamera@63;"第3台Basler相机连接成功"
2025/04/19;17:12:57.662;ERROR;33096;0000000000000000;BaslerControl::openCamera@155;"采图失败，退出采图程序。"
2025/04/19;17:13:05.251;DEBUG;33096;0000000000000000;BaslerControl::openCamera@32;"正在连接Basler相机... ..."
2025/04/19;17:13:05.503;DEBUG;33096;0000000000000000;BaslerControl::openCamera@43;"尝试连接第1台相机..."
2025/04/19;17:13:05.713;DEBUG;33096;0000000000000000;BaslerControl::openCamera@48;"尝试打开第1台Basler相机..."
2025/04/19;17:13:05.790;DEBUG;33096;0000000000000000;BaslerControl::openCamera@50;"已经打开第1台Basler相机"
2025/04/19;17:13:05.804;DEBUG;33096;0000000000000000;BaslerControl::openCamera@63;"第1台Basler相机连接成功"
2025/04/19;17:13:05.804;DEBUG;33096;0000000000000000;BaslerControl::openCamera@43;"尝试连接第2台相机..."
2025/04/19;17:13:06.076;DEBUG;33096;0000000000000000;BaslerControl::openCamera@48;"尝试打开第2台Basler相机..."
2025/04/19;17:13:06.196;DEBUG;33096;0000000000000000;BaslerControl::openCamera@50;"已经打开第2台Basler相机"
2025/04/19;17:13:06.219;DEBUG;33096;0000000000000000;BaslerControl::openCamera@63;"第2台Basler相机连接成功"
2025/04/19;17:13:06.219;DEBUG;33096;0000000000000000;BaslerControl::openCamera@43;"尝试连接第3台相机..."
2025/04/19;17:13:06.644;DEBUG;33096;0000000000000000;BaslerControl::openCamera@48;"尝试打开第3台Basler相机..."
2025/04/19;17:13:06.777;DEBUG;33096;0000000000000000;BaslerControl::openCamera@50;"已经打开第3台Basler相机"
2025/04/19;17:13:06.801;DEBUG;33096;0000000000000000;BaslerControl::openCamera@63;"第3台Basler相机连接成功"
2025/04/19;17:13:06.801;ERROR;33096;0000000000000000;BaslerControl::openCamera@155;"采图失败，退出采图程序。"
2025/04/19;17:13:12.132;DEBUG;33096;0000000000000000;BaslerControl::closeCamera@173;"Basler相机断开连接"
2025/04/19;17:13:13.234;DEBUG;33096;0000000000000000;BaslerControl::openCamera@32;"正在连接Basler相机... ..."
2025/04/19;17:13:13.485;DEBUG;33096;0000000000000000;BaslerControl::openCamera@43;"尝试连接第1台相机..."
2025/04/19;17:13:13.608;DEBUG;33096;0000000000000000;BaslerControl::openCamera@48;"尝试打开第1台Basler相机..."
2025/04/19;17:13:13.689;DEBUG;33096;0000000000000000;BaslerControl::openCamera@50;"已经打开第1台Basler相机"
2025/04/19;17:13:13.704;DEBUG;33096;0000000000000000;BaslerControl::openCamera@63;"第1台Basler相机连接成功"
2025/04/19;17:13:13.704;DEBUG;33096;0000000000000000;BaslerControl::openCamera@43;"尝试连接第2台相机..."
2025/04/19;17:13:13.847;DEBUG;33096;0000000000000000;BaslerControl::openCamera@48;"尝试打开第2台Basler相机..."
2025/04/19;17:13:13.967;DEBUG;33096;0000000000000000;BaslerControl::openCamera@50;"已经打开第2台Basler相机"
2025/04/19;17:13:13.991;DEBUG;33096;0000000000000000;BaslerControl::openCamera@63;"第2台Basler相机连接成功"
2025/04/19;17:13:13.991;DEBUG;33096;0000000000000000;BaslerControl::openCamera@43;"尝试连接第3台相机..."
2025/04/19;17:13:14.151;DEBUG;33096;0000000000000000;BaslerControl::openCamera@48;"尝试打开第3台Basler相机..."
2025/04/19;17:13:14.289;DEBUG;33096;0000000000000000;BaslerControl::openCamera@50;"已经打开第3台Basler相机"
2025/04/19;17:13:14.311;DEBUG;33096;0000000000000000;BaslerControl::openCamera@63;"第3台Basler相机连接成功"
2025/04/19;17:15:53.944;DEBUG;33096;0000000000000000;BaslerControl::closeCamera@173;"Basler相机断开连接"
2025/04/19;17:15:58.087;DEBUG;36520;0000000000000000;BaslerControl::closeCamera@173;"Basler相机断开连接"
2025/04/19;17:29:17.913;DEBUG;68380;0000000000000000;BaslerControl::closeCamera@173;"Basler相机断开连接"
2025/04/19;17:31:59.552;DEBUG;99896;0000000000000000;BaslerControl::closeCamera@173;"Basler相机断开连接"
2025/04/19;17:32:09.899;DEBUG;106056;0000000000000000;BaslerControl::closeCamera@173;"Basler相机断开连接"
2025/04/19;17:32:22.236;DEBUG;4204;0000000000000000;BaslerControl::closeCamera@173;"Basler相机断开连接"
2025/04/19;19:25:33.727;DEBUG;81292;0000000000000000;BaslerControl::openCamera@32;"正在连接Basler相机... ..."
2025/04/19;19:25:33.999;DEBUG;81292;0000000000000000;BaslerControl::openCamera@43;"尝试连接第1台相机..."
2025/04/19;19:25:34.276;DEBUG;81292;0000000000000000;BaslerControl::openCamera@48;"尝试打开第1台Basler相机..."
2025/04/19;19:25:34.870;DEBUG;81292;0000000000000000;BaslerControl::openCamera@50;"已经打开第1台Basler相机"
2025/04/19;19:25:34.886;DEBUG;81292;0000000000000000;BaslerControl::openCamera@63;"第1台Basler相机连接成功"
2025/04/19;19:25:34.886;DEBUG;81292;0000000000000000;BaslerControl::openCamera@43;"尝试连接第2台相机..."
2025/04/19;19:25:35.049;DEBUG;81292;0000000000000000;BaslerControl::openCamera@48;"尝试打开第2台Basler相机..."
2025/04/19;19:25:35.688;DEBUG;81292;0000000000000000;BaslerControl::openCamera@50;"已经打开第2台Basler相机"
2025/04/19;19:25:35.710;DEBUG;81292;0000000000000000;BaslerControl::openCamera@63;"第2台Basler相机连接成功"
2025/04/19;19:25:35.710;DEBUG;81292;0000000000000000;BaslerControl::openCamera@43;"尝试连接第3台相机..."
2025/04/19;19:25:35.874;DEBUG;81292;0000000000000000;BaslerControl::openCamera@48;"尝试打开第3台Basler相机..."
2025/04/19;19:25:36.013;DEBUG;81292;0000000000000000;BaslerControl::openCamera@50;"已经打开第3台Basler相机"
2025/04/19;19:25:36.036;DEBUG;81292;0000000000000000;BaslerControl::openCamera@63;"第3台Basler相机连接成功"
2025/04/19;19:28:11.010;ERROR;81292;0000000000000000;BaslerControl::openCamera@155;"采图失败，退出采图程序。"
2025/04/19;19:28:11.384;DEBUG;57372;0000000000000000;BaslerControl::closeCamera@173;"Basler相机断开连接"
2025/04/19;19:28:42.711;DEBUG;41692;0000000000000000;BaslerControl::openCamera@32;"正在连接Basler相机... ..."
2025/04/19;19:28:42.982;DEBUG;41692;0000000000000000;BaslerControl::openCamera@43;"尝试连接第1台相机..."
2025/04/19;19:28:43.201;DEBUG;41692;0000000000000000;BaslerControl::openCamera@48;"尝试打开第1台Basler相机..."
2025/04/19;19:28:43.297;DEBUG;41692;0000000000000000;BaslerControl::openCamera@50;"已经打开第1台Basler相机"
2025/04/19;19:28:43.314;DEBUG;41692;0000000000000000;BaslerControl::openCamera@63;"第1台Basler相机连接成功"
2025/04/19;19:28:43.314;DEBUG;41692;0000000000000000;BaslerControl::openCamera@43;"尝试连接第2台相机..."
2025/04/19;19:28:43.474;DEBUG;41692;0000000000000000;BaslerControl::openCamera@48;"尝试打开第2台Basler相机..."
2025/04/19;19:28:43.597;DEBUG;41692;0000000000000000;BaslerControl::openCamera@50;"已经打开第2台Basler相机"
2025/04/19;19:28:43.620;DEBUG;41692;0000000000000000;BaslerControl::openCamera@63;"第2台Basler相机连接成功"
2025/04/19;19:28:43.620;DEBUG;41692;0000000000000000;BaslerControl::openCamera@43;"尝试连接第3台相机..."
2025/04/19;19:28:43.767;DEBUG;41692;0000000000000000;BaslerControl::openCamera@48;"尝试打开第3台Basler相机..."
2025/04/19;19:28:43.894;DEBUG;41692;0000000000000000;BaslerControl::openCamera@50;"已经打开第3台Basler相机"
2025/04/19;19:28:43.917;DEBUG;41692;0000000000000000;BaslerControl::openCamera@63;"第3台Basler相机连接成功"
2025/04/19;19:28:48.397;DEBUG;26604;0000000000000000;BaslerControl::closeCamera@173;"Basler相机断开连接"
2025/04/19;19:28:57.248;DEBUG;53416;0000000000000000;BaslerControl::openCamera@32;"正在连接Basler相机... ..."
2025/04/19;19:28:57.518;DEBUG;53416;0000000000000000;BaslerControl::openCamera@43;"尝试连接第1台相机..."
2025/04/19;19:28:57.807;DEBUG;53416;0000000000000000;BaslerControl::openCamera@48;"尝试打开第1台Basler相机..."
2025/04/19;19:28:57.942;DEBUG;53416;0000000000000000;BaslerControl::openCamera@50;"已经打开第1台Basler相机"
2025/04/19;19:28:57.958;DEBUG;53416;0000000000000000;BaslerControl::openCamera@63;"第1台Basler相机连接成功"
2025/04/19;19:28:57.958;DEBUG;53416;0000000000000000;BaslerControl::openCamera@43;"尝试连接第2台相机..."
2025/04/19;19:28:58.111;DEBUG;53416;0000000000000000;BaslerControl::openCamera@48;"尝试打开第2台Basler相机..."
2025/04/19;19:28:58.235;DEBUG;53416;0000000000000000;BaslerControl::openCamera@50;"已经打开第2台Basler相机"
2025/04/19;19:28:58.258;DEBUG;53416;0000000000000000;BaslerControl::openCamera@63;"第2台Basler相机连接成功"
2025/04/19;19:28:58.258;DEBUG;53416;0000000000000000;BaslerControl::openCamera@43;"尝试连接第3台相机..."
2025/04/19;19:28:58.424;DEBUG;53416;0000000000000000;BaslerControl::openCamera@48;"尝试打开第3台Basler相机..."
2025/04/19;19:28:58.562;DEBUG;53416;0000000000000000;BaslerControl::openCamera@50;"已经打开第3台Basler相机"
2025/04/19;19:28:58.585;DEBUG;53416;0000000000000000;BaslerControl::openCamera@63;"第3台Basler相机连接成功"
2025/04/19;20:00:33.027;DEBUG;83180;0000000000000000;BaslerControl::closeCamera@173;"Basler相机断开连接"
2025/04/19;20:00:43.457;DEBUG;65152;0000000000000000;BaslerControl::closeCamera@173;"Basler相机断开连接"
2025/04/19;20:01:12.419;DEBUG;75012;0000000000000000;BaslerControl::closeCamera@173;"Basler相机断开连接"
2025/04/19;20:24:33.720;DEBUG;61556;0000000000000000;BaslerControl::closeCamera@173;"Basler相机断开连接"
2025/04/19;20:25:26.201;DEBUG;73064;0000000000000000;BaslerControl::closeCamera@173;"Basler相机断开连接"
2025/04/19;20:47:52.102;DEBUG;37084;0000000000000000;BaslerControl::closeCamera@173;"Basler相机断开连接"
2025/04/19;20:48:00.860;DEBUG;84524;0000000000000000;BaslerControl::closeCamera@173;"Basler相机断开连接"
2025/04/19;20:50:01.867;DEBUG;41060;0000000000000000;BaslerControl::closeCamera@173;"Basler相机断开连接"
2025/04/19;20:54:38.660;DEBUG;96984;0000000000000000;BaslerControl::closeCamera@173;"Basler相机断开连接"
2025/04/19;20:56:17.343;DEBUG;11772;0000000000000000;BaslerControl::closeCamera@173;"Basler相机断开连接"
2025/04/19;20:57:01.748;DEBUG;12728;0000000000000000;BaslerControl::closeCamera@173;"Basler相机断开连接"
2025/04/19;20:58:54.175;DEBUG;82584;0000000000000000;BaslerControl::closeCamera@173;"Basler相机断开连接"
2025/04/19;21:01:27.221;DEBUG;86264;0000000000000000;BaslerControl::closeCamera@173;"Basler相机断开连接"
2025/04/19;21:02:45.770;DEBUG;18672;0000000000000000;BaslerControl::closeCamera@173;"Basler相机断开连接"
2025/04/19;21:03:22.159;DEBUG;68932;0000000000000000;BaslerControl::closeCamera@173;"Basler相机断开连接"
2025/04/19;21:04:11.236;DEBUG;58212;0000000000000000;BaslerControl::closeCamera@173;"Basler相机断开连接"
2025/04/19;21:26:57.750;DEBUG;27772;0000000000000000;BaslerControl::openCamera@32;"正在连接Basler相机... ..."
2025/04/19;21:26:58.022;DEBUG;27772;0000000000000000;BaslerControl::openCamera@43;"尝试连接第1台相机..."
2025/04/19;21:26:58.269;DEBUG;27772;0000000000000000;BaslerControl::openCamera@48;"尝试打开第1台Basler相机..."
2025/04/19;21:26:58.348;DEBUG;27772;0000000000000000;BaslerControl::openCamera@50;"已经打开第1台Basler相机"
2025/04/19;21:26:58.364;DEBUG;27772;0000000000000000;BaslerControl::openCamera@63;"第1台Basler相机连接成功"
2025/04/19;21:26:58.364;DEBUG;27772;0000000000000000;BaslerControl::openCamera@43;"尝试连接第2台相机..."
2025/04/19;21:26:58.511;DEBUG;27772;0000000000000000;BaslerControl::openCamera@48;"尝试打开第2台Basler相机..."
2025/04/19;21:26:59.138;DEBUG;27772;0000000000000000;BaslerControl::openCamera@50;"已经打开第2台Basler相机"
2025/04/19;21:26:59.162;DEBUG;27772;0000000000000000;BaslerControl::openCamera@63;"第2台Basler相机连接成功"
2025/04/19;21:26:59.162;DEBUG;27772;0000000000000000;BaslerControl::openCamera@43;"尝试连接第3台相机..."
2025/04/19;21:26:59.310;DEBUG;27772;0000000000000000;BaslerControl::openCamera@48;"尝试打开第3台Basler相机..."
2025/04/19;21:26:59.449;DEBUG;27772;0000000000000000;BaslerControl::openCamera@50;"已经打开第3台Basler相机"
2025/04/19;21:26:59.472;DEBUG;27772;0000000000000000;BaslerControl::openCamera@63;"第3台Basler相机连接成功"
2025/04/19;21:29:14.726;ERROR;27772;0000000000000000;BaslerControl::openCamera@155;"采图失败，退出采图程序。"
2025/04/19;21:55:38.453;DEBUG;77304;0000000000000000;BaslerControl::closeCamera@173;"Basler相机断开连接"
2025/04/20;14:17:40.448;DEBUG;84680;0000000000000000;BaslerControl::closeCamera@173;"Basler相机断开连接"
2025/04/20;14:17:46.478;DEBUG;97980;0000000000000000;BaslerControl::openCamera@32;"正在连接Basler相机... ..."
2025/04/20;14:17:46.780;ERROR;97980;0000000000000000;BaslerControl::openCamera@38;"未找到Basler相机，请检查相机连接情况"
2025/04/20;14:17:49.127;DEBUG;18480;0000000000000000;BaslerControl::closeCamera@173;"Basler相机断开连接"
2025/04/20;14:55:44.805;DEBUG;31520;0000000000000000;BaslerControl::closeCamera@173;"Basler相机断开连接"
2025/04/20;15:13:16.147;DEBUG;50616;0000000000000000;BaslerControl::closeCamera@173;"Basler相机断开连接"
2025/04/20;15:13:43.670;DEBUG;82324;0000000000000000;BaslerControl::closeCamera@173;"Basler相机断开连接"
2025/04/20;15:18:42.283;DEBUG;10140;0000000000000000;BaslerControl::closeCamera@173;"Basler相机断开连接"
2025/04/20;15:30:53.858;DEBUG;71172;0000000000000000;BaslerControl::closeCamera@173;"Basler相机断开连接"
2025/04/20;15:32:33.014;DEBUG;37404;0000000000000000;BaslerControl::closeCamera@173;"Basler相机断开连接"
2025/04/20;16:40:01.570;DEBUG;82772;0000000000000000;BaslerControl::closeCamera@173;"Basler相机断开连接"
2025/04/20;16:42:22.178;DEBUG;39528;0000000000000000;BaslerControl::closeCamera@173;"Basler相机断开连接"
2025/04/20;16:43:55.779;DEBUG;50344;0000000000000000;BaslerControl::closeCamera@173;"Basler相机断开连接"
2025/04/20;16:45:23.372;DEBUG;33284;0000000000000000;BaslerControl::closeCamera@173;"Basler相机断开连接"
2025/04/20;16:46:02.124;DEBUG;8444;0000000000000000;BaslerControl::closeCamera@173;"Basler相机断开连接"
2025/04/20;19:57:21.197;DEBUG;66000;0000000000000000;BaslerControl::closeCamera@173;"Basler相机断开连接"
2025/04/20;20:02:40.551;DEBUG;64232;0000000000000000;BaslerControl::closeCamera@173;"Basler相机断开连接"
2025/04/20;20:03:02.687;DEBUG;32972;0000000000000000;BaslerControl::closeCamera@173;"Basler相机断开连接"
2025/04/20;20:10:57.109;DEBUG;61284;0000000000000000;BaslerControl::closeCamera@173;"Basler相机断开连接"
2025/04/20;20:11:58.475;DEBUG;37744;0000000000000000;BaslerControl::closeCamera@173;"Basler相机断开连接"
2025/04/20;20:12:42.134;DEBUG;103336;0000000000000000;BaslerControl::closeCamera@173;"Basler相机断开连接"
2025/04/20;20:13:22.141;DEBUG;27668;0000000000000000;BaslerControl::closeCamera@173;"Basler相机断开连接"
2025/04/20;20:13:58.740;DEBUG;69548;0000000000000000;BaslerControl::closeCamera@173;"Basler相机断开连接"
2025/04/20;20:21:16.048;DEBUG;60696;0000000000000000;BaslerControl::closeCamera@173;"Basler相机断开连接"
2025/04/20;20:24:09.556;DEBUG;32956;0000000000000000;BaslerControl::closeCamera@173;"Basler相机断开连接"
2025/04/20;20:25:07.714;DEBUG;16036;0000000000000000;BaslerControl::closeCamera@173;"Basler相机断开连接"
2025/04/20;20:26:07.011;DEBUG;76596;0000000000000000;BaslerControl::closeCamera@173;"Basler相机断开连接"
2025/04/20;20:31:18.288;DEBUG;55320;0000000000000000;BaslerControl::closeCamera@173;"Basler相机断开连接"
2025/04/20;20:33:33.946;DEBUG;90764;0000000000000000;BaslerControl::closeCamera@173;"Basler相机断开连接"
2025/04/20;20:34:06.373;DEBUG;45668;0000000000000000;BaslerControl::closeCamera@173;"Basler相机断开连接"
2025/04/20;20:38:47.383;DEBUG;7276;0000000000000000;BaslerControl::closeCamera@173;"Basler相机断开连接"
2025/04/20;20:49:04.600;DEBUG;69544;0000000000000000;BaslerControl::closeCamera@173;"Basler相机断开连接"
2025/04/20;20:49:39.439;DEBUG;85148;0000000000000000;BaslerControl::closeCamera@173;"Basler相机断开连接"
2025/04/20;20:51:31.014;DEBUG;107744;0000000000000000;BaslerControl::closeCamera@173;"Basler相机断开连接"
2025/04/20;20:54:46.369;DEBUG;97744;0000000000000000;BaslerControl::closeCamera@173;"Basler相机断开连接"
2025/04/20;20:55:41.436;DEBUG;54520;0000000000000000;BaslerControl::closeCamera@173;"Basler相机断开连接"
2025/04/20;20:55:57.785;DEBUG;75284;0000000000000000;BaslerControl::closeCamera@173;"Basler相机断开连接"
2025/04/20;20:57:32.787;DEBUG;17308;0000000000000000;BaslerControl::closeCamera@173;"Basler相机断开连接"
2025/04/20;20:58:49.211;DEBUG;90868;0000000000000000;BaslerControl::closeCamera@173;"Basler相机断开连接"
2025/04/20;21:01:33.079;DEBUG;25968;0000000000000000;BaslerControl::closeCamera@173;"Basler相机断开连接"
2025/04/20;21:02:28.036;DEBUG;71540;0000000000000000;BaslerControl::closeCamera@173;"Basler相机断开连接"
2025/04/20;21:05:12.051;DEBUG;60264;0000000000000000;BaslerControl::closeCamera@173;"Basler相机断开连接"
2025/04/20;21:06:25.261;DEBUG;54300;0000000000000000;BaslerControl::closeCamera@173;"Basler相机断开连接"
2025/04/20;21:13:36.833;DEBUG;70748;0000000000000000;BaslerControl::closeCamera@173;"Basler相机断开连接"
2025/04/20;21:13:58.556;DEBUG;91968;0000000000000000;BaslerControl::closeCamera@173;"Basler相机断开连接"
2025/04/20;21:15:33.148;DEBUG;55304;0000000000000000;BaslerControl::closeCamera@173;"Basler相机断开连接"
2025/04/20;21:19:19.360;DEBUG;35008;0000000000000000;BaslerControl::closeCamera@173;"Basler相机断开连接"
2025/04/20;21:21:37.736;DEBUG;31532;0000000000000000;BaslerControl::closeCamera@173;"Basler相机断开连接"
2025/04/20;21:23:18.098;DEBUG;67296;0000000000000000;BaslerControl::closeCamera@173;"Basler相机断开连接"
2025/04/20;21:24:35.173;DEBUG;43504;0000000000000000;BaslerControl::closeCamera@173;"Basler相机断开连接"
2025/04/20;21:24:55.629;DEBUG;39560;0000000000000000;BaslerControl::closeCamera@173;"Basler相机断开连接"
2025/04/21;15:37:16.340;DEBUG;61980;0000000000000000;BaslerControl::openCamera@32;"正在连接Basler相机... ..."
2025/04/21;15:37:16.649;DEBUG;61980;0000000000000000;BaslerControl::openCamera@43;"尝试连接第1台相机..."
2025/04/21;15:37:16.851;DEBUG;61980;0000000000000000;BaslerControl::openCamera@48;"尝试打开第1台Basler相机..."
2025/04/21;15:37:17.442;DEBUG;61980;0000000000000000;BaslerControl::openCamera@50;"已经打开第1台Basler相机"
2025/04/21;15:37:17.459;DEBUG;61980;0000000000000000;BaslerControl::openCamera@63;"第1台Basler相机连接成功"
2025/04/21;15:37:17.459;DEBUG;61980;0000000000000000;BaslerControl::openCamera@43;"尝试连接第2台相机..."
2025/04/21;15:37:17.609;DEBUG;61980;0000000000000000;BaslerControl::openCamera@48;"尝试打开第2台Basler相机..."
2025/04/21;15:37:17.733;DEBUG;61980;0000000000000000;BaslerControl::openCamera@50;"已经打开第2台Basler相机"
2025/04/21;15:37:17.758;DEBUG;61980;0000000000000000;BaslerControl::openCamera@63;"第2台Basler相机连接成功"
2025/04/21;15:37:17.758;DEBUG;61980;0000000000000000;BaslerControl::openCamera@43;"尝试连接第3台相机..."
2025/04/21;15:37:17.925;DEBUG;61980;0000000000000000;BaslerControl::openCamera@48;"尝试打开第3台Basler相机..."
2025/04/21;15:37:18.057;DEBUG;61980;0000000000000000;BaslerControl::openCamera@50;"已经打开第3台Basler相机"
2025/04/21;15:37:18.082;DEBUG;61980;0000000000000000;BaslerControl::openCamera@63;"第3台Basler相机连接成功"
2025/04/21;15:47:39.322;ERROR;61980;0000000000000000;BaslerControl::openCamera@146;"图片保存成功"
2025/04/21;16:10:21.647;ERROR;61980;0000000000000000;BaslerControl::openCamera@155;"采图失败，退出采图程序。"
2025/04/21;16:11:05.840;DEBUG;61980;0000000000000000;BaslerControl::openCamera@32;"正在连接Basler相机... ..."
2025/04/21;16:11:06.092;DEBUG;61980;0000000000000000;BaslerControl::openCamera@43;"尝试连接第1台相机..."
2025/04/21;16:11:06.403;DEBUG;61980;0000000000000000;BaslerControl::openCamera@48;"尝试打开第1台Basler相机..."
2025/04/21;16:11:06.487;DEBUG;61980;0000000000000000;BaslerControl::openCamera@50;"已经打开第1台Basler相机"
2025/04/21;16:11:06.506;DEBUG;61980;0000000000000000;BaslerControl::openCamera@63;"第1台Basler相机连接成功"
2025/04/21;16:11:06.506;DEBUG;61980;0000000000000000;BaslerControl::openCamera@43;"尝试连接第2台相机..."
2025/04/21;16:11:06.691;DEBUG;61980;0000000000000000;BaslerControl::openCamera@48;"尝试打开第2台Basler相机..."
2025/04/21;16:11:06.826;DEBUG;61980;0000000000000000;BaslerControl::openCamera@50;"已经打开第2台Basler相机"
2025/04/21;16:11:06.849;DEBUG;61980;0000000000000000;BaslerControl::openCamera@63;"第2台Basler相机连接成功"
2025/04/21;16:11:06.849;DEBUG;61980;0000000000000000;BaslerControl::openCamera@43;"尝试连接第3台相机..."
2025/04/21;16:11:07.067;DEBUG;61980;0000000000000000;BaslerControl::openCamera@48;"尝试打开第3台Basler相机..."
2025/04/21;16:11:07.198;DEBUG;61980;0000000000000000;BaslerControl::openCamera@50;"已经打开第3台Basler相机"
2025/04/21;16:11:07.222;DEBUG;61980;0000000000000000;BaslerControl::openCamera@63;"第3台Basler相机连接成功"
2025/04/21;16:11:20.055;ERROR;61980;0000000000000000;BaslerControl::openCamera@155;"采图失败，退出采图程序。"
2025/04/21;16:11:20.338;DEBUG;50532;0000000000000000;BaslerControl::closeCamera@173;"Basler相机断开连接"
2025/04/21;16:11:48.671;DEBUG;81008;0000000000000000;BaslerControl::openCamera@32;"正在连接Basler相机... ..."
2025/04/21;16:11:48.942;DEBUG;81008;0000000000000000;BaslerControl::openCamera@43;"尝试连接第1台相机..."
2025/04/21;16:11:49.226;DEBUG;81008;0000000000000000;BaslerControl::openCamera@48;"尝试打开第1台Basler相机..."
2025/04/21;16:11:49.380;DEBUG;81008;0000000000000000;BaslerControl::openCamera@50;"已经打开第1台Basler相机"
2025/04/21;16:11:49.423;DEBUG;81008;0000000000000000;BaslerControl::openCamera@63;"第1台Basler相机连接成功"
2025/04/21;16:11:49.424;DEBUG;81008;0000000000000000;BaslerControl::openCamera@43;"尝试连接第2台相机..."
2025/04/21;16:11:49.599;DEBUG;81008;0000000000000000;BaslerControl::openCamera@48;"尝试打开第2台Basler相机..."
2025/04/21;16:11:49.723;DEBUG;81008;0000000000000000;BaslerControl::openCamera@50;"已经打开第2台Basler相机"
2025/04/21;16:11:49.748;DEBUG;81008;0000000000000000;BaslerControl::openCamera@63;"第2台Basler相机连接成功"
2025/04/21;16:11:49.749;DEBUG;81008;0000000000000000;BaslerControl::openCamera@43;"尝试连接第3台相机..."
2025/04/21;16:11:49.905;DEBUG;81008;0000000000000000;BaslerControl::openCamera@48;"尝试打开第3台Basler相机..."
2025/04/21;16:11:50.029;DEBUG;81008;0000000000000000;BaslerControl::openCamera@50;"已经打开第3台Basler相机"
2025/04/21;16:11:50.054;DEBUG;81008;0000000000000000;BaslerControl::openCamera@63;"第3台Basler相机连接成功"
2025/04/21;16:12:02.512;DEBUG;46008;0000000000000000;BaslerControl::openCamera@32;"正在连接Basler相机... ..."
2025/04/21;16:12:02.784;DEBUG;46008;0000000000000000;BaslerControl::openCamera@43;"尝试连接第1台相机..."
2025/04/21;16:12:03.067;DEBUG;46008;0000000000000000;BaslerControl::openCamera@48;"尝试打开第1台Basler相机..."
2025/04/21;16:12:03.197;DEBUG;46008;0000000000000000;BaslerControl::openCamera@50;"已经打开第1台Basler相机"
2025/04/21;16:12:03.213;DEBUG;46008;0000000000000000;BaslerControl::openCamera@63;"第1台Basler相机连接成功"
2025/04/21;16:12:03.213;DEBUG;46008;0000000000000000;BaslerControl::openCamera@43;"尝试连接第2台相机..."
2025/04/21;16:12:03.360;DEBUG;46008;0000000000000000;BaslerControl::openCamera@48;"尝试打开第2台Basler相机..."
2025/04/21;16:12:03.479;DEBUG;46008;0000000000000000;BaslerControl::openCamera@50;"已经打开第2台Basler相机"
2025/04/21;16:12:03.499;DEBUG;46008;0000000000000000;BaslerControl::openCamera@63;"第2台Basler相机连接成功"
2025/04/21;16:12:03.499;DEBUG;46008;0000000000000000;BaslerControl::openCamera@43;"尝试连接第3台相机..."
2025/04/21;16:12:03.643;DEBUG;46008;0000000000000000;BaslerControl::openCamera@48;"尝试打开第3台Basler相机..."
2025/04/21;16:12:03.764;DEBUG;46008;0000000000000000;BaslerControl::openCamera@50;"已经打开第3台Basler相机"
2025/04/21;16:12:03.788;DEBUG;46008;0000000000000000;BaslerControl::openCamera@63;"第3台Basler相机连接成功"
2025/04/21;16:12:09.759;ERROR;46008;0000000000000000;BaslerControl::openCamera@146;"图片保存成功"
2025/04/21;16:12:15.264;ERROR;46008;0000000000000000;BaslerControl::openCamera@155;"采图失败，退出采图程序。"
2025/04/21;16:12:15.543;DEBUG;52024;0000000000000000;BaslerControl::closeCamera@173;"Basler相机断开连接"
2025/04/21;16:12:18.847;DEBUG;10336;0000000000000000;BaslerControl::openCamera@32;"正在连接Basler相机... ..."
2025/04/21;16:12:19.112;DEBUG;10336;0000000000000000;BaslerControl::openCamera@43;"尝试连接第1台相机..."
2025/04/21;16:12:19.416;DEBUG;10336;0000000000000000;BaslerControl::openCamera@48;"尝试打开第1台Basler相机..."
2025/04/21;16:12:19.497;DEBUG;10336;0000000000000000;BaslerControl::openCamera@50;"已经打开第1台Basler相机"
2025/04/21;16:12:19.521;DEBUG;10336;0000000000000000;BaslerControl::openCamera@63;"第1台Basler相机连接成功"
2025/04/21;16:12:19.521;DEBUG;10336;0000000000000000;BaslerControl::openCamera@43;"尝试连接第2台相机..."
2025/04/21;16:12:19.685;DEBUG;10336;0000000000000000;BaslerControl::openCamera@48;"尝试打开第2台Basler相机..."
2025/04/21;16:12:19.808;DEBUG;10336;0000000000000000;BaslerControl::openCamera@50;"已经打开第2台Basler相机"
2025/04/21;16:12:19.838;DEBUG;10336;0000000000000000;BaslerControl::openCamera@63;"第2台Basler相机连接成功"
2025/04/21;16:12:19.838;DEBUG;10336;0000000000000000;BaslerControl::openCamera@43;"尝试连接第3台相机..."
2025/04/21;16:12:19.990;DEBUG;10336;0000000000000000;BaslerControl::openCamera@48;"尝试打开第3台Basler相机..."
2025/04/21;16:12:20.112;DEBUG;10336;0000000000000000;BaslerControl::openCamera@50;"已经打开第3台Basler相机"
2025/04/21;16:12:20.136;DEBUG;10336;0000000000000000;BaslerControl::openCamera@63;"第3台Basler相机连接成功"
2025/04/21;16:12:25.342;ERROR;10336;0000000000000000;BaslerControl::openCamera@146;"图片保存成功"
2025/04/21;16:13:22.238;ERROR;10336;0000000000000000;BaslerControl::openCamera@155;"采图失败，退出采图程序。"
2025/04/21;16:13:22.510;DEBUG;100968;0000000000000000;BaslerControl::closeCamera@173;"Basler相机断开连接"
2025/04/21;16:13:34.967;DEBUG;68516;0000000000000000;BaslerControl::openCamera@32;"正在连接Basler相机... ..."
2025/04/21;16:13:35.239;DEBUG;68516;0000000000000000;BaslerControl::openCamera@43;"尝试连接第1台相机..."
2025/04/21;16:13:35.481;DEBUG;68516;0000000000000000;BaslerControl::openCamera@48;"尝试打开第1台Basler相机..."
2025/04/21;16:13:35.571;DEBUG;68516;0000000000000000;BaslerControl::openCamera@50;"已经打开第1台Basler相机"
2025/04/21;16:13:35.590;DEBUG;68516;0000000000000000;BaslerControl::openCamera@63;"第1台Basler相机连接成功"
2025/04/21;16:13:35.590;DEBUG;68516;0000000000000000;BaslerControl::openCamera@43;"尝试连接第2台相机..."
2025/04/21;16:13:35.749;DEBUG;68516;0000000000000000;BaslerControl::openCamera@48;"尝试打开第2台Basler相机..."
2025/04/21;16:13:35.878;DEBUG;68516;0000000000000000;BaslerControl::openCamera@50;"已经打开第2台Basler相机"
2025/04/21;16:13:35.901;DEBUG;68516;0000000000000000;BaslerControl::openCamera@63;"第2台Basler相机连接成功"
2025/04/21;16:13:35.901;DEBUG;68516;0000000000000000;BaslerControl::openCamera@43;"尝试连接第3台相机..."
2025/04/21;16:13:36.060;DEBUG;68516;0000000000000000;BaslerControl::openCamera@48;"尝试打开第3台Basler相机..."
2025/04/21;16:13:36.199;DEBUG;68516;0000000000000000;BaslerControl::openCamera@50;"已经打开第3台Basler相机"
2025/04/21;16:13:36.224;DEBUG;68516;0000000000000000;BaslerControl::openCamera@63;"第3台Basler相机连接成功"
2025/04/21;16:14:03.832;ERROR;68516;0000000000000000;BaslerControl::openCamera@146;"图片保存成功"
2025/04/21;16:14:37.858;ERROR;68516;0000000000000000;BaslerControl::openCamera@146;"图片保存成功"
2025/04/21;16:15:18.932;ERROR;68516;0000000000000000;BaslerControl::openCamera@146;"图片保存成功"
2025/04/21;16:15:42.072;ERROR;68516;0000000000000000;BaslerControl::openCamera@146;"图片保存成功"
2025/04/21;16:15:55.765;ERROR;68516;0000000000000000;BaslerControl::openCamera@146;"图片保存成功"
2025/04/21;16:16:10.093;ERROR;68516;0000000000000000;BaslerControl::openCamera@146;"图片保存成功"
2025/04/21;16:16:36.439;ERROR;68516;0000000000000000;BaslerControl::openCamera@146;"图片保存成功"
2025/04/21;16:16:55.574;ERROR;68516;0000000000000000;BaslerControl::openCamera@146;"图片保存成功"
2025/04/21;16:17:31.206;ERROR;68516;0000000000000000;BaslerControl::openCamera@146;"图片保存成功"
2025/04/21;16:17:46.258;ERROR;68516;0000000000000000;BaslerControl::openCamera@146;"图片保存成功"
2025/04/21;16:18:54.396;ERROR;68516;0000000000000000;BaslerControl::openCamera@146;"图片保存成功"
2025/04/21;16:19:12.971;ERROR;68516;0000000000000000;BaslerControl::openCamera@146;"图片保存成功"
2025/04/21;16:19:33.868;ERROR;68516;0000000000000000;BaslerControl::openCamera@146;"图片保存成功"
2025/04/21;16:19:59.733;ERROR;68516;0000000000000000;BaslerControl::openCamera@146;"图片保存成功"
2025/04/21;16:20:53.138;ERROR;68516;0000000000000000;BaslerControl::openCamera@146;"图片保存成功"
2025/04/21;16:21:17.877;ERROR;68516;0000000000000000;BaslerControl::openCamera@146;"图片保存成功"
2025/04/21;16:21:27.967;ERROR;68516;0000000000000000;BaslerControl::openCamera@146;"图片保存成功"
2025/04/21;16:25:53.710;ERROR;68516;0000000000000000;BaslerControl::openCamera@146;"图片保存成功"
2025/04/21;16:29:09.829;DEBUG;79812;0000000000000000;BaslerControl::openCamera@32;"正在连接Basler相机... ..."
2025/04/21;16:29:10.102;DEBUG;79812;0000000000000000;BaslerControl::openCamera@43;"尝试连接第1台相机..."
2025/04/21;16:29:10.363;DEBUG;79812;0000000000000000;BaslerControl::openCamera@48;"尝试打开第1台Basler相机..."
2025/04/21;16:29:10.959;DEBUG;79812;0000000000000000;BaslerControl::openCamera@50;"已经打开第1台Basler相机"
2025/04/21;16:29:10.976;DEBUG;79812;0000000000000000;BaslerControl::openCamera@63;"第1台Basler相机连接成功"
2025/04/21;16:29:10.976;DEBUG;79812;0000000000000000;BaslerControl::openCamera@43;"尝试连接第2台相机..."
2025/04/21;16:29:11.130;DEBUG;79812;0000000000000000;BaslerControl::openCamera@48;"尝试打开第2台Basler相机..."
2025/04/21;16:29:11.257;DEBUG;79812;0000000000000000;BaslerControl::openCamera@50;"已经打开第2台Basler相机"
2025/04/21;16:29:11.282;DEBUG;79812;0000000000000000;BaslerControl::openCamera@63;"第2台Basler相机连接成功"
2025/04/21;16:29:11.282;DEBUG;79812;0000000000000000;BaslerControl::openCamera@43;"尝试连接第3台相机..."
2025/04/21;16:29:11.441;DEBUG;79812;0000000000000000;BaslerControl::openCamera@48;"尝试打开第3台Basler相机..."
2025/04/21;16:29:11.571;DEBUG;79812;0000000000000000;BaslerControl::openCamera@50;"已经打开第3台Basler相机"
2025/04/21;16:29:11.595;DEBUG;79812;0000000000000000;BaslerControl::openCamera@63;"第3台Basler相机连接成功"
2025/04/21;16:29:45.361;DEBUG;107384;0000000000000000;BaslerControl::openCamera@32;"正在连接Basler相机... ..."
2025/04/21;16:29:45.670;DEBUG;107384;0000000000000000;BaslerControl::openCamera@43;"尝试连接第1台相机..."
2025/04/21;16:29:46.011;DEBUG;107384;0000000000000000;BaslerControl::openCamera@48;"尝试打开第1台Basler相机..."
2025/04/21;16:29:46.110;DEBUG;107384;0000000000000000;BaslerControl::openCamera@50;"已经打开第1台Basler相机"
2025/04/21;16:29:46.138;DEBUG;107384;0000000000000000;BaslerControl::openCamera@63;"第1台Basler相机连接成功"
2025/04/21;16:29:46.138;DEBUG;107384;0000000000000000;BaslerControl::openCamera@43;"尝试连接第2台相机..."
2025/04/21;16:29:46.332;DEBUG;107384;0000000000000000;BaslerControl::openCamera@48;"尝试打开第2台Basler相机..."
2025/04/21;16:29:46.471;DEBUG;107384;0000000000000000;BaslerControl::openCamera@50;"已经打开第2台Basler相机"
2025/04/21;16:29:46.517;DEBUG;107384;0000000000000000;BaslerControl::openCamera@63;"第2台Basler相机连接成功"
2025/04/21;16:29:46.517;DEBUG;107384;0000000000000000;BaslerControl::openCamera@43;"尝试连接第3台相机..."
2025/04/21;16:29:46.726;DEBUG;107384;0000000000000000;BaslerControl::openCamera@48;"尝试打开第3台Basler相机..."
2025/04/21;16:29:46.864;DEBUG;107384;0000000000000000;BaslerControl::openCamera@50;"已经打开第3台Basler相机"
2025/04/21;16:29:46.913;DEBUG;107384;0000000000000000;BaslerControl::openCamera@63;"第3台Basler相机连接成功"
2025/04/21;16:31:57.794;ERROR;107384;0000000000000000;BaslerControl::openCamera@155;"采图失败，退出采图程序。"
2025/04/21;16:31:58.629;DEBUG;62280;0000000000000000;BaslerControl::closeCamera@173;"Basler相机断开连接"
2025/04/21;16:57:30.666;DEBUG;100284;0000000000000000;BaslerControl::closeCamera@173;"Basler相机断开连接"
2025/04/21;16:58:28.926;DEBUG;102180;0000000000000000;BaslerControl::openCamera@32;"正在连接Basler相机... ..."
2025/04/21;16:58:29.203;DEBUG;102180;0000000000000000;BaslerControl::openCamera@43;"尝试连接第1台相机..."
2025/04/21;16:58:29.492;DEBUG;102180;0000000000000000;BaslerControl::openCamera@48;"尝试打开第1台Basler相机..."
2025/04/21;16:58:29.638;DEBUG;102180;0000000000000000;BaslerControl::openCamera@50;"已经打开第1台Basler相机"
2025/04/21;16:58:29.660;DEBUG;102180;0000000000000000;BaslerControl::openCamera@63;"第1台Basler相机连接成功"
2025/04/21;16:58:29.660;DEBUG;102180;0000000000000000;BaslerControl::openCamera@43;"尝试连接第2台相机..."
2025/04/21;16:58:29.825;DEBUG;102180;0000000000000000;BaslerControl::openCamera@48;"尝试打开第2台Basler相机..."
2025/04/21;16:58:29.953;DEBUG;102180;0000000000000000;BaslerControl::openCamera@50;"已经打开第2台Basler相机"
2025/04/21;16:58:29.981;DEBUG;102180;0000000000000000;BaslerControl::openCamera@63;"第2台Basler相机连接成功"
2025/04/21;16:58:29.981;DEBUG;102180;0000000000000000;BaslerControl::openCamera@43;"尝试连接第3台相机..."
2025/04/21;16:58:30.137;DEBUG;102180;0000000000000000;BaslerControl::openCamera@48;"尝试打开第3台Basler相机..."
2025/04/21;16:58:30.263;DEBUG;102180;0000000000000000;BaslerControl::openCamera@50;"已经打开第3台Basler相机"
2025/04/21;16:58:30.287;DEBUG;102180;0000000000000000;BaslerControl::openCamera@63;"第3台Basler相机连接成功"
2025/04/21;17:00:40.145;DEBUG;7188;0000000000000000;BaslerControl::openCamera@32;"正在连接Basler相机... ..."
2025/04/21;17:00:40.418;DEBUG;7188;0000000000000000;BaslerControl::openCamera@43;"尝试连接第1台相机..."
2025/04/21;17:00:40.700;DEBUG;7188;0000000000000000;BaslerControl::openCamera@48;"尝试打开第1台Basler相机..."
2025/04/21;17:00:40.830;DEBUG;7188;0000000000000000;BaslerControl::openCamera@50;"已经打开第1台Basler相机"
2025/04/21;17:00:40.848;DEBUG;7188;0000000000000000;BaslerControl::openCamera@63;"第1台Basler相机连接成功"
2025/04/21;17:00:40.848;DEBUG;7188;0000000000000000;BaslerControl::openCamera@43;"尝试连接第2台相机..."
2025/04/21;17:00:40.987;DEBUG;7188;0000000000000000;BaslerControl::openCamera@48;"尝试打开第2台Basler相机..."
2025/04/21;17:00:41.108;DEBUG;7188;0000000000000000;BaslerControl::openCamera@50;"已经打开第2台Basler相机"
2025/04/21;17:00:41.131;DEBUG;7188;0000000000000000;BaslerControl::openCamera@63;"第2台Basler相机连接成功"
2025/04/21;17:00:41.131;DEBUG;7188;0000000000000000;BaslerControl::openCamera@43;"尝试连接第3台相机..."
2025/04/21;17:00:41.279;DEBUG;7188;0000000000000000;BaslerControl::openCamera@48;"尝试打开第3台Basler相机..."
2025/04/21;17:00:41.400;DEBUG;7188;0000000000000000;BaslerControl::openCamera@50;"已经打开第3台Basler相机"
2025/04/21;17:00:41.424;DEBUG;7188;0000000000000000;BaslerControl::openCamera@63;"第3台Basler相机连接成功"
2025/04/21;17:05:02.707;DEBUG;75556;0000000000000000;BaslerControl::closeCamera@173;"Basler相机断开连接"
2025/04/21;17:05:08.669;DEBUG;104104;0000000000000000;BaslerControl::openCamera@32;"正在连接Basler相机... ..."
2025/04/21;17:05:08.942;DEBUG;104104;0000000000000000;BaslerControl::openCamera@43;"尝试连接第1台相机..."
2025/04/21;17:05:09.222;DEBUG;104104;0000000000000000;BaslerControl::openCamera@48;"尝试打开第1台Basler相机..."
2025/04/21;17:05:09.329;DEBUG;104104;0000000000000000;BaslerControl::openCamera@50;"已经打开第1台Basler相机"
2025/04/21;17:05:09.349;DEBUG;104104;0000000000000000;BaslerControl::openCamera@63;"第1台Basler相机连接成功"
2025/04/21;17:05:09.349;DEBUG;104104;0000000000000000;BaslerControl::openCamera@43;"尝试连接第2台相机..."
2025/04/21;17:05:09.514;DEBUG;104104;0000000000000000;BaslerControl::openCamera@48;"尝试打开第2台Basler相机..."
2025/04/21;17:05:09.640;DEBUG;104104;0000000000000000;BaslerControl::openCamera@50;"已经打开第2台Basler相机"
2025/04/21;17:05:09.666;DEBUG;104104;0000000000000000;BaslerControl::openCamera@63;"第2台Basler相机连接成功"
2025/04/21;17:05:09.666;DEBUG;104104;0000000000000000;BaslerControl::openCamera@43;"尝试连接第3台相机..."
2025/04/21;17:05:09.807;DEBUG;104104;0000000000000000;BaslerControl::openCamera@48;"尝试打开第3台Basler相机..."
2025/04/21;17:05:09.932;DEBUG;104104;0000000000000000;BaslerControl::openCamera@50;"已经打开第3台Basler相机"
2025/04/21;17:05:09.954;DEBUG;104104;0000000000000000;BaslerControl::openCamera@63;"第3台Basler相机连接成功"
2025/04/21;17:26:18.713;ERROR;104104;0000000000000000;BaslerControl::openCamera@146;"图片保存成功"
2025/04/21;17:26:35.847;ERROR;104104;0000000000000000;BaslerControl::openCamera@146;"图片保存成功"
2025/04/21;17:26:50.263;ERROR;104104;0000000000000000;BaslerControl::openCamera@146;"图片保存成功"
2025/04/21;17:27:03.953;ERROR;104104;0000000000000000;BaslerControl::openCamera@146;"图片保存成功"
2025/04/21;17:27:30.692;ERROR;104104;0000000000000000;BaslerControl::openCamera@146;"图片保存成功"
2025/04/21;17:27:59.358;ERROR;104104;0000000000000000;BaslerControl::openCamera@146;"图片保存成功"
2025/04/21;17:28:04.644;ERROR;104104;0000000000000000;BaslerControl::openCamera@146;"图片保存成功"
2025/04/21;17:28:39.872;ERROR;104104;0000000000000000;BaslerControl::openCamera@146;"图片保存成功"
2025/04/21;17:28:52.203;ERROR;104104;0000000000000000;BaslerControl::openCamera@146;"图片保存成功"
2025/04/21;17:29:00.451;ERROR;104104;0000000000000000;BaslerControl::openCamera@146;"图片保存成功"
2025/04/21;17:29:15.103;ERROR;104104;0000000000000000;BaslerControl::openCamera@146;"图片保存成功"
2025/04/21;17:29:41.365;ERROR;104104;0000000000000000;BaslerControl::openCamera@146;"图片保存成功"
2025/04/21;17:30:15.798;ERROR;104104;0000000000000000;BaslerControl::openCamera@146;"图片保存成功"
2025/04/21;17:31:25.213;ERROR;104104;0000000000000000;BaslerControl::openCamera@146;"图片保存成功"
2025/04/21;17:31:31.218;ERROR;104104;0000000000000000;BaslerControl::openCamera@146;"图片保存成功"
2025/04/21;17:32:06.847;ERROR;104104;0000000000000000;BaslerControl::openCamera@146;"图片保存成功"
2025/04/21;17:32:24.704;ERROR;104104;0000000000000000;BaslerControl::openCamera@146;"图片保存成功"
2025/04/21;17:32:37.033;ERROR;104104;0000000000000000;BaslerControl::openCamera@146;"图片保存成功"
2025/04/21;17:32:52.649;ERROR;104104;0000000000000000;BaslerControl::openCamera@146;"图片保存成功"
2025/04/21;17:33:21.791;ERROR;104104;0000000000000000;BaslerControl::openCamera@146;"图片保存成功"
2025/04/21;17:33:30.998;ERROR;104104;0000000000000000;BaslerControl::openCamera@146;"图片保存成功"
2025/04/21;17:33:45.733;ERROR;104104;0000000000000000;BaslerControl::openCamera@146;"图片保存成功"
2025/04/21;17:33:52.760;ERROR;104104;0000000000000000;BaslerControl::openCamera@155;"采图失败，退出采图程序。"
2025/04/21;17:33:53.005;DEBUG;56576;0000000000000000;BaslerControl::closeCamera@173;"Basler相机断开连接"
2025/04/21;17:35:23.354;DEBUG;46644;0000000000000000;BaslerControl::openCamera@32;"正在连接Basler相机... ..."
2025/04/21;17:35:23.628;DEBUG;46644;0000000000000000;BaslerControl::openCamera@43;"尝试连接第1台相机..."
2025/04/21;17:35:23.916;DEBUG;46644;0000000000000000;BaslerControl::openCamera@48;"尝试打开第1台Basler相机..."
2025/04/21;17:35:24.061;DEBUG;46644;0000000000000000;BaslerControl::openCamera@50;"已经打开第1台Basler相机"
2025/04/21;17:35:24.080;DEBUG;46644;0000000000000000;BaslerControl::openCamera@63;"第1台Basler相机连接成功"
2025/04/21;17:35:24.080;DEBUG;46644;0000000000000000;BaslerControl::openCamera@43;"尝试连接第2台相机..."
2025/04/21;17:35:24.227;DEBUG;46644;0000000000000000;BaslerControl::openCamera@48;"尝试打开第2台Basler相机..."
2025/04/21;17:35:24.350;DEBUG;46644;0000000000000000;BaslerControl::openCamera@50;"已经打开第2台Basler相机"
2025/04/21;17:35:24.372;DEBUG;46644;0000000000000000;BaslerControl::openCamera@63;"第2台Basler相机连接成功"
2025/04/21;17:35:24.372;DEBUG;46644;0000000000000000;BaslerControl::openCamera@43;"尝试连接第3台相机..."
2025/04/21;17:35:24.528;DEBUG;46644;0000000000000000;BaslerControl::openCamera@48;"尝试打开第3台Basler相机..."
2025/04/21;17:35:24.652;DEBUG;46644;0000000000000000;BaslerControl::openCamera@50;"已经打开第3台Basler相机"
2025/04/21;17:35:24.674;DEBUG;46644;0000000000000000;BaslerControl::openCamera@63;"第3台Basler相机连接成功"
2025/04/21;19:19:40.229;DEBUG;17208;0000000000000000;BaslerControl::openCamera@32;"正在连接Basler相机... ..."
2025/04/21;19:19:40.502;DEBUG;17208;0000000000000000;BaslerControl::openCamera@43;"尝试连接第1台相机..."
2025/04/21;19:19:40.677;DEBUG;17208;0000000000000000;BaslerControl::openCamera@48;"尝试打开第1台Basler相机..."
2025/04/21;19:19:41.259;DEBUG;17208;0000000000000000;BaslerControl::openCamera@50;"已经打开第1台Basler相机"
2025/04/21;19:19:41.277;DEBUG;17208;0000000000000000;BaslerControl::openCamera@63;"第1台Basler相机连接成功"
2025/04/21;19:19:41.277;DEBUG;17208;0000000000000000;BaslerControl::openCamera@43;"尝试连接第2台相机..."
2025/04/21;19:19:41.416;DEBUG;17208;0000000000000000;BaslerControl::openCamera@48;"尝试打开第2台Basler相机..."
2025/04/21;19:19:41.541;DEBUG;17208;0000000000000000;BaslerControl::openCamera@50;"已经打开第2台Basler相机"
2025/04/21;19:19:41.567;DEBUG;17208;0000000000000000;BaslerControl::openCamera@63;"第2台Basler相机连接成功"
2025/04/21;19:19:41.567;DEBUG;17208;0000000000000000;BaslerControl::openCamera@43;"尝试连接第3台相机..."
2025/04/21;19:19:41.711;DEBUG;17208;0000000000000000;BaslerControl::openCamera@48;"尝试打开第3台Basler相机..."
2025/04/21;19:19:41.832;DEBUG;17208;0000000000000000;BaslerControl::openCamera@50;"已经打开第3台Basler相机"
2025/04/21;19:19:41.860;DEBUG;17208;0000000000000000;BaslerControl::openCamera@63;"第3台Basler相机连接成功"
2025/04/21;19:20:29.692;ERROR;17208;0000000000000000;BaslerControl::openCamera@146;"图片保存成功"
2025/04/21;19:20:45.229;ERROR;17208;0000000000000000;BaslerControl::openCamera@146;"图片保存成功"
2025/04/21;19:22:29.932;ERROR;17208;0000000000000000;BaslerControl::openCamera@155;"采图失败，退出采图程序。"
2025/04/21;19:22:30.162;DEBUG;85052;0000000000000000;BaslerControl::closeCamera@173;"Basler相机断开连接"
2025/04/21;19:23:01.699;DEBUG;81128;0000000000000000;BaslerControl::openCamera@32;"正在连接Basler相机... ..."
2025/04/21;19:23:01.967;DEBUG;81128;0000000000000000;BaslerControl::openCamera@43;"尝试连接第1台相机..."
2025/04/21;19:23:02.265;DEBUG;81128;0000000000000000;BaslerControl::openCamera@48;"尝试打开第1台Basler相机..."
2025/04/21;19:23:02.412;DEBUG;81128;0000000000000000;BaslerControl::openCamera@50;"已经打开第1台Basler相机"
2025/04/21;19:23:02.449;DEBUG;81128;0000000000000000;BaslerControl::openCamera@63;"第1台Basler相机连接成功"
2025/04/21;19:23:02.449;DEBUG;81128;0000000000000000;BaslerControl::openCamera@43;"尝试连接第2台相机..."
2025/04/21;19:23:02.606;DEBUG;81128;0000000000000000;BaslerControl::openCamera@48;"尝试打开第2台Basler相机..."
2025/04/21;19:23:02.732;DEBUG;81128;0000000000000000;BaslerControl::openCamera@50;"已经打开第2台Basler相机"
2025/04/21;19:23:02.756;DEBUG;81128;0000000000000000;BaslerControl::openCamera@63;"第2台Basler相机连接成功"
2025/04/21;19:23:02.756;DEBUG;81128;0000000000000000;BaslerControl::openCamera@43;"尝试连接第3台相机..."
2025/04/21;19:23:02.905;DEBUG;81128;0000000000000000;BaslerControl::openCamera@48;"尝试打开第3台Basler相机..."
2025/04/21;19:23:03.030;DEBUG;81128;0000000000000000;BaslerControl::openCamera@50;"已经打开第3台Basler相机"
2025/04/21;19:23:03.056;DEBUG;81128;0000000000000000;BaslerControl::openCamera@63;"第3台Basler相机连接成功"
2025/04/21;19:23:21.157;ERROR;81128;0000000000000000;BaslerControl::openCamera@146;"图片保存成功"
2025/04/21;19:23:40.460;ERROR;81128;0000000000000000;BaslerControl::openCamera@146;"图片保存成功"
2025/04/21;19:24:07.439;ERROR;81128;0000000000000000;BaslerControl::openCamera@146;"图片保存成功"
2025/04/21;19:25:58.734;ERROR;81128;0000000000000000;BaslerControl::openCamera@146;"图片保存成功"
2025/04/21;19:26:19.073;ERROR;81128;0000000000000000;BaslerControl::openCamera@146;"图片保存成功"
2025/04/21;19:26:33.401;ERROR;81128;0000000000000000;BaslerControl::openCamera@146;"图片保存成功"
2025/04/21;19:27:22.724;ERROR;81128;0000000000000000;BaslerControl::openCamera@146;"图片保存成功"
2025/04/21;19:27:34.576;ERROR;81128;0000000000000000;BaslerControl::openCamera@146;"图片保存成功"
2025/04/21;19:27:51.707;ERROR;81128;0000000000000000;BaslerControl::openCamera@146;"图片保存成功"
2025/04/21;19:28:12.605;ERROR;81128;0000000000000000;BaslerControl::openCamera@146;"图片保存成功"
2025/04/21;19:28:34.863;ERROR;81128;0000000000000000;BaslerControl::openCamera@146;"图片保存成功"
2025/04/21;19:29:10.016;ERROR;81128;0000000000000000;BaslerControl::openCamera@146;"图片保存成功"
2025/04/21;19:29:46.124;ERROR;81128;0000000000000000;BaslerControl::openCamera@146;"图片保存成功"
2025/04/21;19:30:13.906;ERROR;81128;0000000000000000;BaslerControl::openCamera@146;"图片保存成功"
2025/04/21;19:30:51.780;ERROR;81128;0000000000000000;BaslerControl::openCamera@146;"图片保存成功"
2025/04/21;19:31:18.925;ERROR;81128;0000000000000000;BaslerControl::openCamera@146;"图片保存成功"
2025/04/21;19:32:18.333;ERROR;81128;0000000000000000;BaslerControl::openCamera@146;"图片保存成功"
2025/04/21;19:32:43.636;ERROR;81128;0000000000000000;BaslerControl::openCamera@146;"图片保存成功"
2025/04/21;19:33:27.753;ERROR;81128;0000000000000000;BaslerControl::openCamera@146;"图片保存成功"
2025/04/21;19:33:35.761;ERROR;81128;0000000000000000;BaslerControl::openCamera@146;"图片保存成功"
2025/04/21;19:33:58.096;ERROR;81128;0000000000000000;BaslerControl::openCamera@146;"图片保存成功"
2025/04/21;19:34:01.553;DEBUG;81128;0000000000000000;BaslerControl::closeCamera@173;"Basler相机断开连接"
2025/04/21;19:34:02.457;DEBUG;94884;0000000000000000;BaslerControl::closeCamera@173;"Basler相机断开连接"
2025/04/21;19:35:45.206;DEBUG;46176;0000000000000000;BaslerControl::openCamera@32;"正在连接Basler相机... ..."
2025/04/21;19:35:45.472;DEBUG;46176;0000000000000000;BaslerControl::openCamera@43;"尝试连接第1台相机..."
2025/04/21;19:35:45.747;DEBUG;46176;0000000000000000;BaslerControl::openCamera@48;"尝试打开第1台Basler相机..."
2025/04/21;19:35:46.379;DEBUG;46176;0000000000000000;BaslerControl::openCamera@50;"已经打开第1台Basler相机"
2025/04/21;19:35:46.395;DEBUG;46176;0000000000000000;BaslerControl::openCamera@63;"第1台Basler相机连接成功"
2025/04/21;19:35:46.395;DEBUG;46176;0000000000000000;BaslerControl::openCamera@43;"尝试连接第2台相机..."
2025/04/21;19:35:46.553;DEBUG;46176;0000000000000000;BaslerControl::openCamera@48;"尝试打开第2台Basler相机..."
2025/04/21;19:35:47.180;DEBUG;46176;0000000000000000;BaslerControl::openCamera@50;"已经打开第2台Basler相机"
2025/04/21;19:35:47.204;DEBUG;46176;0000000000000000;BaslerControl::openCamera@63;"第2台Basler相机连接成功"
2025/04/21;19:35:47.204;DEBUG;46176;0000000000000000;BaslerControl::openCamera@43;"尝试连接第3台相机..."
2025/04/21;19:35:47.346;DEBUG;46176;0000000000000000;BaslerControl::openCamera@48;"尝试打开第3台Basler相机..."
2025/04/21;19:35:47.474;DEBUG;46176;0000000000000000;BaslerControl::openCamera@50;"已经打开第3台Basler相机"
2025/04/21;19:35:47.498;DEBUG;46176;0000000000000000;BaslerControl::openCamera@63;"第3台Basler相机连接成功"
2025/04/21;19:36:52.635;DEBUG;57352;0000000000000000;BaslerControl::openCamera@32;"正在连接Basler相机... ..."
2025/04/21;19:36:52.899;DEBUG;57352;0000000000000000;BaslerControl::openCamera@43;"尝试连接第1台相机..."
2025/04/21;19:36:53.175;DEBUG;57352;0000000000000000;BaslerControl::openCamera@48;"尝试打开第1台Basler相机..."
2025/04/21;19:36:53.264;DEBUG;57352;0000000000000000;BaslerControl::openCamera@50;"已经打开第1台Basler相机"
2025/04/21;19:36:53.280;DEBUG;57352;0000000000000000;BaslerControl::openCamera@63;"第1台Basler相机连接成功"
2025/04/21;19:36:53.280;DEBUG;57352;0000000000000000;BaslerControl::openCamera@43;"尝试连接第2台相机..."
2025/04/21;19:36:53.419;DEBUG;57352;0000000000000000;BaslerControl::openCamera@48;"尝试打开第2台Basler相机..."
2025/04/21;19:36:54.045;DEBUG;57352;0000000000000000;BaslerControl::openCamera@50;"已经打开第2台Basler相机"
2025/04/21;19:36:54.068;DEBUG;57352;0000000000000000;BaslerControl::openCamera@63;"第2台Basler相机连接成功"
2025/04/21;19:36:54.068;DEBUG;57352;0000000000000000;BaslerControl::openCamera@43;"尝试连接第3台相机..."
2025/04/21;19:36:54.210;DEBUG;57352;0000000000000000;BaslerControl::openCamera@48;"尝试打开第3台Basler相机..."
2025/04/21;19:36:54.340;DEBUG;57352;0000000000000000;BaslerControl::openCamera@50;"已经打开第3台Basler相机"
2025/04/21;19:36:54.363;DEBUG;57352;0000000000000000;BaslerControl::openCamera@63;"第3台Basler相机连接成功"
2025/04/21;19:37:55.526;DEBUG;77440;0000000000000000;BaslerControl::openCamera@32;"正在连接Basler相机... ..."
2025/04/21;19:37:55.792;DEBUG;77440;0000000000000000;BaslerControl::openCamera@43;"尝试连接第1台相机..."
2025/04/21;19:37:56.004;DEBUG;77440;0000000000000000;BaslerControl::openCamera@48;"尝试打开第1台Basler相机..."
2025/04/21;19:37:56.086;DEBUG;77440;0000000000000000;BaslerControl::openCamera@50;"已经打开第1台Basler相机"
2025/04/21;19:37:56.103;DEBUG;77440;0000000000000000;BaslerControl::openCamera@63;"第1台Basler相机连接成功"
2025/04/21;19:37:56.103;DEBUG;77440;0000000000000000;BaslerControl::openCamera@43;"尝试连接第2台相机..."
2025/04/21;19:37:56.244;DEBUG;77440;0000000000000000;BaslerControl::openCamera@48;"尝试打开第2台Basler相机..."
2025/04/21;19:37:56.372;DEBUG;77440;0000000000000000;BaslerControl::openCamera@50;"已经打开第2台Basler相机"
2025/04/21;19:37:56.394;DEBUG;77440;0000000000000000;BaslerControl::openCamera@63;"第2台Basler相机连接成功"
2025/04/21;19:37:56.394;DEBUG;77440;0000000000000000;BaslerControl::openCamera@43;"尝试连接第3台相机..."
2025/04/21;19:37:56.552;DEBUG;77440;0000000000000000;BaslerControl::openCamera@48;"尝试打开第3台Basler相机..."
2025/04/21;19:37:56.682;DEBUG;77440;0000000000000000;BaslerControl::openCamera@50;"已经打开第3台Basler相机"
2025/04/21;19:37:56.705;DEBUG;77440;0000000000000000;BaslerControl::openCamera@63;"第3台Basler相机连接成功"
2025/04/21;19:38:29.881;DEBUG;97052;0000000000000000;BaslerControl::openCamera@32;"正在连接Basler相机... ..."
2025/04/21;19:38:30.145;DEBUG;97052;0000000000000000;BaslerControl::openCamera@43;"尝试连接第1台相机..."
2025/04/21;19:38:30.418;DEBUG;97052;0000000000000000;BaslerControl::openCamera@48;"尝试打开第1台Basler相机..."
2025/04/21;19:38:30.558;DEBUG;97052;0000000000000000;BaslerControl::openCamera@50;"已经打开第1台Basler相机"
2025/04/21;19:38:30.592;DEBUG;97052;0000000000000000;BaslerControl::openCamera@63;"第1台Basler相机连接成功"
2025/04/21;19:38:30.592;DEBUG;97052;0000000000000000;BaslerControl::openCamera@43;"尝试连接第2台相机..."
2025/04/21;19:38:30.757;DEBUG;97052;0000000000000000;BaslerControl::openCamera@48;"尝试打开第2台Basler相机..."
2025/04/21;19:38:31.371;DEBUG;97052;0000000000000000;BaslerControl::openCamera@50;"已经打开第2台Basler相机"
2025/04/21;19:38:31.394;DEBUG;97052;0000000000000000;BaslerControl::openCamera@63;"第2台Basler相机连接成功"
2025/04/21;19:38:31.395;DEBUG;97052;0000000000000000;BaslerControl::openCamera@43;"尝试连接第3台相机..."
2025/04/21;19:38:31.540;DEBUG;97052;0000000000000000;BaslerControl::openCamera@48;"尝试打开第3台Basler相机..."
2025/04/21;19:38:31.666;DEBUG;97052;0000000000000000;BaslerControl::openCamera@50;"已经打开第3台Basler相机"
2025/04/21;19:38:31.689;DEBUG;97052;0000000000000000;BaslerControl::openCamera@63;"第3台Basler相机连接成功"
2025/04/21;19:39:36.253;DEBUG;51320;0000000000000000;BaslerControl::openCamera@32;"正在连接Basler相机... ..."
2025/04/21;19:39:36.519;DEBUG;51320;0000000000000000;BaslerControl::openCamera@43;"尝试连接第1台相机..."
2025/04/21;19:39:36.679;DEBUG;51320;0000000000000000;BaslerControl::openCamera@48;"尝试打开第1台Basler相机..."
2025/04/21;19:39:36.760;DEBUG;51320;0000000000000000;BaslerControl::openCamera@50;"已经打开第1台Basler相机"
2025/04/21;19:39:36.775;DEBUG;51320;0000000000000000;BaslerControl::openCamera@63;"第1台Basler相机连接成功"
2025/04/21;19:39:36.775;DEBUG;51320;0000000000000000;BaslerControl::openCamera@43;"尝试连接第2台相机..."
2025/04/21;19:39:36.928;DEBUG;51320;0000000000000000;BaslerControl::openCamera@48;"尝试打开第2台Basler相机..."
2025/04/21;19:39:37.057;DEBUG;51320;0000000000000000;BaslerControl::openCamera@50;"已经打开第2台Basler相机"
2025/04/21;19:39:37.081;DEBUG;51320;0000000000000000;BaslerControl::openCamera@63;"第2台Basler相机连接成功"
2025/04/21;19:39:37.081;DEBUG;51320;0000000000000000;BaslerControl::openCamera@43;"尝试连接第3台相机..."
2025/04/21;19:39:37.239;DEBUG;51320;0000000000000000;BaslerControl::openCamera@48;"尝试打开第3台Basler相机..."
2025/04/21;19:39:37.368;DEBUG;51320;0000000000000000;BaslerControl::openCamera@50;"已经打开第3台Basler相机"
2025/04/21;19:39:37.390;DEBUG;51320;0000000000000000;BaslerControl::openCamera@63;"第3台Basler相机连接成功"
2025/04/21;19:41:12.406;DEBUG;68476;0000000000000000;BaslerControl::openCamera@32;"正在连接Basler相机... ..."
2025/04/21;19:41:12.672;DEBUG;68476;0000000000000000;BaslerControl::openCamera@43;"尝试连接第1台相机..."
2025/04/21;19:41:12.857;DEBUG;68476;0000000000000000;BaslerControl::openCamera@48;"尝试打开第1台Basler相机..."
2025/04/21;19:41:12.936;DEBUG;68476;0000000000000000;BaslerControl::openCamera@50;"已经打开第1台Basler相机"
2025/04/21;19:41:12.952;DEBUG;68476;0000000000000000;BaslerControl::openCamera@63;"第1台Basler相机连接成功"
2025/04/21;19:41:12.952;DEBUG;68476;0000000000000000;BaslerControl::openCamera@43;"尝试连接第2台相机..."
2025/04/21;19:41:13.092;DEBUG;68476;0000000000000000;BaslerControl::openCamera@48;"尝试打开第2台Basler相机..."
2025/04/21;19:41:13.210;DEBUG;68476;0000000000000000;BaslerControl::openCamera@50;"已经打开第2台Basler相机"
2025/04/21;19:41:13.231;DEBUG;68476;0000000000000000;BaslerControl::openCamera@63;"第2台Basler相机连接成功"
2025/04/21;19:41:13.231;DEBUG;68476;0000000000000000;BaslerControl::openCamera@43;"尝试连接第3台相机..."
2025/04/21;19:41:13.388;DEBUG;68476;0000000000000000;BaslerControl::openCamera@48;"尝试打开第3台Basler相机..."
2025/04/21;19:41:13.515;DEBUG;68476;0000000000000000;BaslerControl::openCamera@50;"已经打开第3台Basler相机"
2025/04/21;19:41:13.538;DEBUG;68476;0000000000000000;BaslerControl::openCamera@63;"第3台Basler相机连接成功"
2025/04/21;19:41:47.449;DEBUG;72208;0000000000000000;BaslerControl::openCamera@32;"正在连接Basler相机... ..."
2025/04/21;19:41:47.716;DEBUG;72208;0000000000000000;BaslerControl::openCamera@43;"尝试连接第1台相机..."
2025/04/21;19:41:47.975;DEBUG;72208;0000000000000000;BaslerControl::openCamera@48;"尝试打开第1台Basler相机..."
2025/04/21;19:41:48.562;DEBUG;72208;0000000000000000;BaslerControl::openCamera@50;"已经打开第1台Basler相机"
2025/04/21;19:41:48.578;DEBUG;72208;0000000000000000;BaslerControl::openCamera@63;"第1台Basler相机连接成功"
2025/04/21;19:41:48.578;DEBUG;72208;0000000000000000;BaslerControl::openCamera@43;"尝试连接第2台相机..."
2025/04/21;19:41:48.715;DEBUG;72208;0000000000000000;BaslerControl::openCamera@48;"尝试打开第2台Basler相机..."
2025/04/21;19:41:48.847;DEBUG;72208;0000000000000000;BaslerControl::openCamera@50;"已经打开第2台Basler相机"
2025/04/21;19:41:48.871;DEBUG;72208;0000000000000000;BaslerControl::openCamera@63;"第2台Basler相机连接成功"
2025/04/21;19:41:48.871;DEBUG;72208;0000000000000000;BaslerControl::openCamera@43;"尝试连接第3台相机..."
2025/04/21;19:41:49.027;DEBUG;72208;0000000000000000;BaslerControl::openCamera@48;"尝试打开第3台Basler相机..."
2025/04/21;19:41:49.159;DEBUG;72208;0000000000000000;BaslerControl::openCamera@50;"已经打开第3台Basler相机"
2025/04/21;19:41:49.181;DEBUG;72208;0000000000000000;BaslerControl::openCamera@63;"第3台Basler相机连接成功"
2025/04/21;19:42:14.510;DEBUG;55928;0000000000000000;BaslerControl::openCamera@32;"正在连接Basler相机... ..."
2025/04/21;19:42:14.799;DEBUG;55928;0000000000000000;BaslerControl::openCamera@43;"尝试连接第1台相机..."
2025/04/21;19:42:14.993;DEBUG;55928;0000000000000000;BaslerControl::openCamera@48;"尝试打开第1台Basler相机..."
2025/04/21;19:42:15.076;DEBUG;55928;0000000000000000;BaslerControl::openCamera@50;"已经打开第1台Basler相机"
2025/04/21;19:42:15.091;DEBUG;55928;0000000000000000;BaslerControl::openCamera@63;"第1台Basler相机连接成功"
2025/04/21;19:42:15.091;DEBUG;55928;0000000000000000;BaslerControl::openCamera@43;"尝试连接第2台相机..."
2025/04/21;19:42:15.230;DEBUG;55928;0000000000000000;BaslerControl::openCamera@48;"尝试打开第2台Basler相机..."
2025/04/21;19:42:15.863;DEBUG;55928;0000000000000000;BaslerControl::openCamera@50;"已经打开第2台Basler相机"
2025/04/21;19:42:15.886;DEBUG;55928;0000000000000000;BaslerControl::openCamera@63;"第2台Basler相机连接成功"
2025/04/21;19:42:15.886;DEBUG;55928;0000000000000000;BaslerControl::openCamera@43;"尝试连接第3台相机..."
2025/04/21;19:42:16.028;DEBUG;55928;0000000000000000;BaslerControl::openCamera@48;"尝试打开第3台Basler相机..."
2025/04/21;19:42:16.160;DEBUG;55928;0000000000000000;BaslerControl::openCamera@50;"已经打开第3台Basler相机"
2025/04/21;19:42:16.181;DEBUG;55928;0000000000000000;BaslerControl::openCamera@63;"第3台Basler相机连接成功"
2025/04/21;19:42:32.742;ERROR;55928;0000000000000000;BaslerControl::openCamera@155;"采图失败，退出采图程序。"
2025/04/21;19:42:33.126;DEBUG;60980;0000000000000000;BaslerControl::closeCamera@173;"Basler相机断开连接"
2025/04/21;19:42:43.364;DEBUG;34632;0000000000000000;BaslerControl::openCamera@32;"正在连接Basler相机... ..."
2025/04/21;19:42:43.628;DEBUG;34632;0000000000000000;BaslerControl::openCamera@43;"尝试连接第1台相机..."
2025/04/21;19:42:43.926;DEBUG;34632;0000000000000000;BaslerControl::openCamera@48;"尝试打开第1台Basler相机..."
2025/04/21;19:42:44.075;DEBUG;34632;0000000000000000;BaslerControl::openCamera@50;"已经打开第1台Basler相机"
2025/04/21;19:42:44.094;DEBUG;34632;0000000000000000;BaslerControl::openCamera@63;"第1台Basler相机连接成功"
2025/04/21;19:42:44.094;DEBUG;34632;0000000000000000;BaslerControl::openCamera@43;"尝试连接第2台相机..."
2025/04/21;19:42:44.241;DEBUG;34632;0000000000000000;BaslerControl::openCamera@48;"尝试打开第2台Basler相机..."
2025/04/21;19:42:44.370;DEBUG;34632;0000000000000000;BaslerControl::openCamera@50;"已经打开第2台Basler相机"
2025/04/21;19:42:44.392;DEBUG;34632;0000000000000000;BaslerControl::openCamera@63;"第2台Basler相机连接成功"
2025/04/21;19:42:44.392;DEBUG;34632;0000000000000000;BaslerControl::openCamera@43;"尝试连接第3台相机..."
2025/04/21;19:42:44.535;DEBUG;34632;0000000000000000;BaslerControl::openCamera@48;"尝试打开第3台Basler相机..."
2025/04/21;19:42:44.668;DEBUG;34632;0000000000000000;BaslerControl::openCamera@50;"已经打开第3台Basler相机"
2025/04/21;19:42:44.692;DEBUG;34632;0000000000000000;BaslerControl::openCamera@63;"第3台Basler相机连接成功"
2025/04/21;19:48:29.462;DEBUG;66744;0000000000000000;BaslerControl::openCamera@32;"正在连接Basler相机... ..."
2025/04/21;19:48:29.728;DEBUG;66744;0000000000000000;BaslerControl::openCamera@43;"尝试连接第1台相机..."
2025/04/21;19:48:29.998;DEBUG;66744;0000000000000000;BaslerControl::openCamera@48;"尝试打开第1台Basler相机..."
2025/04/21;19:48:30.094;DEBUG;66744;0000000000000000;BaslerControl::openCamera@50;"已经打开第1台Basler相机"
2025/04/21;19:48:30.110;DEBUG;66744;0000000000000000;BaslerControl::openCamera@63;"第1台Basler相机连接成功"
2025/04/21;19:48:30.110;DEBUG;66744;0000000000000000;BaslerControl::openCamera@43;"尝试连接第2台相机..."
2025/04/21;19:48:30.249;DEBUG;66744;0000000000000000;BaslerControl::openCamera@48;"尝试打开第2台Basler相机..."
2025/04/21;19:48:30.379;DEBUG;66744;0000000000000000;BaslerControl::openCamera@50;"已经打开第2台Basler相机"
2025/04/21;19:48:30.402;DEBUG;66744;0000000000000000;BaslerControl::openCamera@63;"第2台Basler相机连接成功"
2025/04/21;19:48:30.402;DEBUG;66744;0000000000000000;BaslerControl::openCamera@43;"尝试连接第3台相机..."
2025/04/21;19:48:30.544;DEBUG;66744;0000000000000000;BaslerControl::openCamera@48;"尝试打开第3台Basler相机..."
2025/04/21;19:48:30.666;DEBUG;66744;0000000000000000;BaslerControl::openCamera@50;"已经打开第3台Basler相机"
2025/04/21;19:48:30.688;DEBUG;66744;0000000000000000;BaslerControl::openCamera@63;"第3台Basler相机连接成功"
2025/04/21;19:48:52.576;ERROR;66744;0000000000000000;BaslerControl::openCamera@146;"图片保存成功"
2025/04/21;19:48:52.599;ERROR;66744;0000000000000000;BaslerControl::openCamera@146;"图片保存成功"
2025/04/21;19:48:58.588;ERROR;66744;0000000000000000;BaslerControl::openCamera@146;"图片保存成功"
2025/04/21;19:50:05.977;DEBUG;84728;0000000000000000;BaslerControl::openCamera@32;"正在连接Basler相机... ..."
2025/04/21;19:50:06.244;DEBUG;84728;0000000000000000;BaslerControl::openCamera@43;"尝试连接第1台相机..."
2025/04/21;19:50:06.518;DEBUG;84728;0000000000000000;BaslerControl::openCamera@48;"尝试打开第1台Basler相机..."
2025/04/21;19:50:07.156;DEBUG;84728;0000000000000000;BaslerControl::openCamera@50;"已经打开第1台Basler相机"
2025/04/21;19:50:07.173;DEBUG;84728;0000000000000000;BaslerControl::openCamera@63;"第1台Basler相机连接成功"
2025/04/21;19:50:07.173;DEBUG;84728;0000000000000000;BaslerControl::openCamera@43;"尝试连接第2台相机..."
2025/04/21;19:50:07.323;DEBUG;84728;0000000000000000;BaslerControl::openCamera@48;"尝试打开第2台Basler相机..."
2025/04/21;19:50:07.453;DEBUG;84728;0000000000000000;BaslerControl::openCamera@50;"已经打开第2台Basler相机"
2025/04/21;19:50:07.476;DEBUG;84728;0000000000000000;BaslerControl::openCamera@63;"第2台Basler相机连接成功"
2025/04/21;19:50:07.476;DEBUG;84728;0000000000000000;BaslerControl::openCamera@43;"尝试连接第3台相机..."
2025/04/21;19:50:07.634;DEBUG;84728;0000000000000000;BaslerControl::openCamera@48;"尝试打开第3台Basler相机..."
2025/04/21;19:50:07.765;DEBUG;84728;0000000000000000;BaslerControl::openCamera@50;"已经打开第3台Basler相机"
2025/04/21;19:50:07.788;DEBUG;84728;0000000000000000;BaslerControl::openCamera@63;"第3台Basler相机连接成功"
2025/04/21;19:57:47.913;DEBUG;103156;0000000000000000;BaslerControl::openCamera@32;"正在连接Basler相机... ..."
2025/04/21;19:57:48.179;DEBUG;103156;0000000000000000;BaslerControl::openCamera@43;"尝试连接第1台相机..."
2025/04/21;19:57:48.389;DEBUG;103156;0000000000000000;BaslerControl::openCamera@48;"尝试打开第1台Basler相机..."
2025/04/21;19:57:48.475;DEBUG;103156;0000000000000000;BaslerControl::openCamera@50;"已经打开第1台Basler相机"
2025/04/21;19:57:48.491;DEBUG;103156;0000000000000000;BaslerControl::openCamera@63;"第1台Basler相机连接成功"
2025/04/21;19:57:48.492;DEBUG;103156;0000000000000000;BaslerControl::openCamera@43;"尝试连接第2台相机..."
2025/04/21;19:57:48.656;DEBUG;103156;0000000000000000;BaslerControl::openCamera@48;"尝试打开第2台Basler相机..."
2025/04/21;19:57:49.291;DEBUG;103156;0000000000000000;BaslerControl::openCamera@50;"已经打开第2台Basler相机"
2025/04/21;19:57:49.315;DEBUG;103156;0000000000000000;BaslerControl::openCamera@63;"第2台Basler相机连接成功"
2025/04/21;19:57:49.315;DEBUG;103156;0000000000000000;BaslerControl::openCamera@43;"尝试连接第3台相机..."
2025/04/21;19:57:49.473;DEBUG;103156;0000000000000000;BaslerControl::openCamera@48;"尝试打开第3台Basler相机..."
2025/04/21;19:57:49.608;DEBUG;103156;0000000000000000;BaslerControl::openCamera@50;"已经打开第3台Basler相机"
2025/04/21;19:57:49.632;DEBUG;103156;0000000000000000;BaslerControl::openCamera@63;"第3台Basler相机连接成功"
2025/04/21;20:00:47.085;DEBUG;58096;0000000000000000;BaslerControl::openCamera@32;"正在连接Basler相机... ..."
2025/04/21;20:00:47.352;DEBUG;58096;0000000000000000;BaslerControl::openCamera@43;"尝试连接第1台相机..."
2025/04/21;20:00:47.638;DEBUG;58096;0000000000000000;BaslerControl::openCamera@48;"尝试打开第1台Basler相机..."
2025/04/21;20:00:48.248;DEBUG;58096;0000000000000000;BaslerControl::openCamera@50;"已经打开第1台Basler相机"
2025/04/21;20:00:48.267;DEBUG;58096;0000000000000000;BaslerControl::openCamera@63;"第1台Basler相机连接成功"
2025/04/21;20:00:48.267;DEBUG;58096;0000000000000000;BaslerControl::openCamera@43;"尝试连接第2台相机..."
2025/04/21;20:00:48.418;DEBUG;58096;0000000000000000;BaslerControl::openCamera@48;"尝试打开第2台Basler相机..."
2025/04/21;20:00:48.548;DEBUG;58096;0000000000000000;BaslerControl::openCamera@50;"已经打开第2台Basler相机"
2025/04/21;20:00:48.571;DEBUG;58096;0000000000000000;BaslerControl::openCamera@63;"第2台Basler相机连接成功"
2025/04/21;20:00:48.571;DEBUG;58096;0000000000000000;BaslerControl::openCamera@43;"尝试连接第3台相机..."
2025/04/21;20:00:48.713;DEBUG;58096;0000000000000000;BaslerControl::openCamera@48;"尝试打开第3台Basler相机..."
2025/04/21;20:00:48.843;DEBUG;58096;0000000000000000;BaslerControl::openCamera@50;"已经打开第3台Basler相机"
2025/04/21;20:00:48.867;DEBUG;58096;0000000000000000;BaslerControl::openCamera@63;"第3台Basler相机连接成功"
2025/04/21;20:02:23.521;ERROR;58096;0000000000000000;BaslerControl::openCamera@146;"图片保存成功"
2025/04/21;20:02:58.860;DEBUG;98420;0000000000000000;BaslerControl::openCamera@32;"正在连接Basler相机... ..."
2025/04/21;20:02:59.125;DEBUG;98420;0000000000000000;BaslerControl::openCamera@43;"尝试连接第1台相机..."
2025/04/21;20:02:59.409;DEBUG;98420;0000000000000000;BaslerControl::openCamera@48;"尝试打开第1台Basler相机..."
2025/04/21;20:03:00.032;DEBUG;98420;0000000000000000;BaslerControl::openCamera@50;"已经打开第1台Basler相机"
2025/04/21;20:03:00.048;DEBUG;98420;0000000000000000;BaslerControl::openCamera@63;"第1台Basler相机连接成功"
2025/04/21;20:03:00.048;DEBUG;98420;0000000000000000;BaslerControl::openCamera@43;"尝试连接第2台相机..."
2025/04/21;20:03:00.189;DEBUG;98420;0000000000000000;BaslerControl::openCamera@48;"尝试打开第2台Basler相机..."
2025/04/21;20:03:00.318;DEBUG;98420;0000000000000000;BaslerControl::openCamera@50;"已经打开第2台Basler相机"
2025/04/21;20:03:00.340;DEBUG;98420;0000000000000000;BaslerControl::openCamera@63;"第2台Basler相机连接成功"
2025/04/21;20:03:00.340;DEBUG;98420;0000000000000000;BaslerControl::openCamera@43;"尝试连接第3台相机..."
2025/04/21;20:03:00.499;DEBUG;98420;0000000000000000;BaslerControl::openCamera@48;"尝试打开第3台Basler相机..."
2025/04/21;20:03:00.627;DEBUG;98420;0000000000000000;BaslerControl::openCamera@50;"已经打开第3台Basler相机"
2025/04/21;20:03:00.652;DEBUG;98420;0000000000000000;BaslerControl::openCamera@63;"第3台Basler相机连接成功"
2025/04/21;20:03:37.602;DEBUG;94620;0000000000000000;BaslerControl::openCamera@32;"正在连接Basler相机... ..."
2025/04/21;20:03:37.867;DEBUG;94620;0000000000000000;BaslerControl::openCamera@43;"尝试连接第1台相机..."
2025/04/21;20:03:38.137;DEBUG;94620;0000000000000000;BaslerControl::openCamera@48;"尝试打开第1台Basler相机..."
2025/04/21;20:03:38.786;DEBUG;94620;0000000000000000;BaslerControl::openCamera@50;"已经打开第1台Basler相机"
2025/04/21;20:03:38.804;DEBUG;94620;0000000000000000;BaslerControl::openCamera@63;"第1台Basler相机连接成功"
2025/04/21;20:03:38.804;DEBUG;94620;0000000000000000;BaslerControl::openCamera@43;"尝试连接第2台相机..."
2025/04/21;20:03:38.953;DEBUG;94620;0000000000000000;BaslerControl::openCamera@48;"尝试打开第2台Basler相机..."
2025/04/21;20:03:39.084;DEBUG;94620;0000000000000000;BaslerControl::openCamera@50;"已经打开第2台Basler相机"
2025/04/21;20:03:39.108;DEBUG;94620;0000000000000000;BaslerControl::openCamera@63;"第2台Basler相机连接成功"
2025/04/21;20:03:39.109;DEBUG;94620;0000000000000000;BaslerControl::openCamera@43;"尝试连接第3台相机..."
2025/04/21;20:03:39.250;DEBUG;94620;0000000000000000;BaslerControl::openCamera@48;"尝试打开第3台Basler相机..."
2025/04/21;20:03:39.377;DEBUG;94620;0000000000000000;BaslerControl::openCamera@50;"已经打开第3台Basler相机"
2025/04/21;20:03:39.399;DEBUG;94620;0000000000000000;BaslerControl::openCamera@63;"第3台Basler相机连接成功"
2025/04/21;20:04:01.350;DEBUG;18996;0000000000000000;BaslerControl::closeCamera@173;"Basler相机断开连接"
2025/04/21;20:04:24.434;DEBUG;23272;0000000000000000;BaslerControl::openCamera@32;"正在连接Basler相机... ..."
2025/04/21;20:04:24.698;DEBUG;23272;0000000000000000;BaslerControl::openCamera@43;"尝试连接第1台相机..."
2025/04/21;20:04:24.984;DEBUG;23272;0000000000000000;BaslerControl::openCamera@48;"尝试打开第1台Basler相机..."
2025/04/21;20:04:25.125;DEBUG;23272;0000000000000000;BaslerControl::openCamera@50;"已经打开第1台Basler相机"
2025/04/21;20:04:25.151;DEBUG;23272;0000000000000000;BaslerControl::openCamera@63;"第1台Basler相机连接成功"
2025/04/21;20:04:25.151;DEBUG;23272;0000000000000000;BaslerControl::openCamera@43;"尝试连接第2台相机..."
2025/04/21;20:04:25.304;DEBUG;23272;0000000000000000;BaslerControl::openCamera@48;"尝试打开第2台Basler相机..."
2025/04/21;20:04:25.434;DEBUG;23272;0000000000000000;BaslerControl::openCamera@50;"已经打开第2台Basler相机"
2025/04/21;20:04:25.456;DEBUG;23272;0000000000000000;BaslerControl::openCamera@63;"第2台Basler相机连接成功"
2025/04/21;20:04:25.456;DEBUG;23272;0000000000000000;BaslerControl::openCamera@43;"尝试连接第3台相机..."
2025/04/21;20:04:25.614;DEBUG;23272;0000000000000000;BaslerControl::openCamera@48;"尝试打开第3台Basler相机..."
2025/04/21;20:04:25.744;DEBUG;23272;0000000000000000;BaslerControl::openCamera@50;"已经打开第3台Basler相机"
2025/04/21;20:04:25.768;DEBUG;23272;0000000000000000;BaslerControl::openCamera@63;"第3台Basler相机连接成功"
2025/04/21;20:04:32.521;DEBUG;103784;0000000000000000;BaslerControl::closeCamera@173;"Basler相机断开连接"
2025/04/21;20:05:49.811;DEBUG;81940;0000000000000000;BaslerControl::openCamera@32;"正在连接Basler相机... ..."
2025/04/21;20:05:50.081;DEBUG;81940;0000000000000000;BaslerControl::openCamera@43;"尝试连接第1台相机..."
2025/04/21;20:05:50.323;DEBUG;81940;0000000000000000;BaslerControl::openCamera@48;"尝试打开第1台Basler相机..."
2025/04/21;20:05:50.406;DEBUG;81940;0000000000000000;BaslerControl::openCamera@50;"已经打开第1台Basler相机"
2025/04/21;20:05:50.424;DEBUG;81940;0000000000000000;BaslerControl::openCamera@63;"第1台Basler相机连接成功"
2025/04/21;20:05:50.424;DEBUG;81940;0000000000000000;BaslerControl::openCamera@43;"尝试连接第2台相机..."
2025/04/21;20:05:50.582;DEBUG;81940;0000000000000000;BaslerControl::openCamera@48;"尝试打开第2台Basler相机..."
2025/04/21;20:05:50.696;DEBUG;81940;0000000000000000;BaslerControl::openCamera@50;"已经打开第2台Basler相机"
2025/04/21;20:05:50.719;DEBUG;81940;0000000000000000;BaslerControl::openCamera@63;"第2台Basler相机连接成功"
2025/04/21;20:05:50.719;DEBUG;81940;0000000000000000;BaslerControl::openCamera@43;"尝试连接第3台相机..."
2025/04/21;20:05:50.870;DEBUG;81940;0000000000000000;BaslerControl::openCamera@48;"尝试打开第3台Basler相机..."
2025/04/21;20:05:50.999;DEBUG;81940;0000000000000000;BaslerControl::openCamera@50;"已经打开第3台Basler相机"
2025/04/21;20:05:51.022;DEBUG;81940;0000000000000000;BaslerControl::openCamera@63;"第3台Basler相机连接成功"
2025/04/21;20:08:45.167;DEBUG;28252;0000000000000000;BaslerControl::openCamera@32;"正在连接Basler相机... ..."
2025/04/21;20:08:45.436;DEBUG;28252;0000000000000000;BaslerControl::openCamera@43;"尝试连接第1台相机..."
2025/04/21;20:08:45.582;DEBUG;28252;0000000000000000;BaslerControl::openCamera@48;"尝试打开第1台Basler相机..."
2025/04/21;20:08:45.666;DEBUG;28252;0000000000000000;BaslerControl::openCamera@50;"已经打开第1台Basler相机"
2025/04/21;20:08:45.683;DEBUG;28252;0000000000000000;BaslerControl::openCamera@63;"第1台Basler相机连接成功"
2025/04/21;20:08:45.683;DEBUG;28252;0000000000000000;BaslerControl::openCamera@43;"尝试连接第2台相机..."
2025/04/21;20:08:45.829;DEBUG;28252;0000000000000000;BaslerControl::openCamera@48;"尝试打开第2台Basler相机..."
2025/04/21;20:08:45.952;DEBUG;28252;0000000000000000;BaslerControl::openCamera@50;"已经打开第2台Basler相机"
2025/04/21;20:08:45.975;DEBUG;28252;0000000000000000;BaslerControl::openCamera@63;"第2台Basler相机连接成功"
2025/04/21;20:08:45.975;DEBUG;28252;0000000000000000;BaslerControl::openCamera@43;"尝试连接第3台相机..."
2025/04/21;20:08:46.122;DEBUG;28252;0000000000000000;BaslerControl::openCamera@48;"尝试打开第3台Basler相机..."
2025/04/21;20:08:46.247;DEBUG;28252;0000000000000000;BaslerControl::openCamera@50;"已经打开第3台Basler相机"
2025/04/21;20:08:46.271;DEBUG;28252;0000000000000000;BaslerControl::openCamera@63;"第3台Basler相机连接成功"
2025/04/21;20:09:06.670;DEBUG;56412;0000000000000000;BaslerControl::closeCamera@173;"Basler相机断开连接"
2025/04/21;20:09:11.303;DEBUG;49536;0000000000000000;BaslerControl::openCamera@32;"正在连接Basler相机... ..."
2025/04/21;20:09:11.574;DEBUG;49536;0000000000000000;BaslerControl::openCamera@43;"尝试连接第1台相机..."
2025/04/21;20:09:11.869;DEBUG;49536;0000000000000000;BaslerControl::openCamera@48;"尝试打开第1台Basler相机..."
2025/04/21;20:09:11.965;DEBUG;49536;0000000000000000;BaslerControl::openCamera@50;"已经打开第1台Basler相机"
2025/04/21;20:09:11.982;DEBUG;49536;0000000000000000;BaslerControl::openCamera@63;"第1台Basler相机连接成功"
2025/04/21;20:09:11.983;DEBUG;49536;0000000000000000;BaslerControl::openCamera@43;"尝试连接第2台相机..."
2025/04/21;20:09:12.138;DEBUG;49536;0000000000000000;BaslerControl::openCamera@48;"尝试打开第2台Basler相机..."
2025/04/21;20:09:12.259;DEBUG;49536;0000000000000000;BaslerControl::openCamera@50;"已经打开第2台Basler相机"
2025/04/21;20:09:12.282;DEBUG;49536;0000000000000000;BaslerControl::openCamera@63;"第2台Basler相机连接成功"
2025/04/21;20:09:12.282;DEBUG;49536;0000000000000000;BaslerControl::openCamera@43;"尝试连接第3台相机..."
2025/04/21;20:09:12.446;DEBUG;49536;0000000000000000;BaslerControl::openCamera@48;"尝试打开第3台Basler相机..."
2025/04/21;20:09:12.585;DEBUG;49536;0000000000000000;BaslerControl::openCamera@50;"已经打开第3台Basler相机"
2025/04/21;20:09:12.609;DEBUG;49536;0000000000000000;BaslerControl::openCamera@63;"第3台Basler相机连接成功"
2025/04/21;20:09:35.431;ERROR;49536;0000000000000000;BaslerControl::openCamera@155;"采图失败，退出采图程序。"
2025/04/21;20:09:35.774;DEBUG;96352;0000000000000000;BaslerControl::closeCamera@173;"Basler相机断开连接"
2025/04/21;20:10:21.355;DEBUG;96428;0000000000000000;BaslerControl::openCamera@32;"正在连接Basler相机... ..."
2025/04/21;20:10:21.625;DEBUG;96428;0000000000000000;BaslerControl::openCamera@43;"尝试连接第1台相机..."
2025/04/21;20:10:21.911;DEBUG;96428;0000000000000000;BaslerControl::openCamera@48;"尝试打开第1台Basler相机..."
2025/04/21;20:10:22.031;DEBUG;96428;0000000000000000;BaslerControl::openCamera@50;"已经打开第1台Basler相机"
2025/04/21;20:10:22.048;DEBUG;96428;0000000000000000;BaslerControl::openCamera@63;"第1台Basler相机连接成功"
2025/04/21;20:10:22.048;DEBUG;96428;0000000000000000;BaslerControl::openCamera@43;"尝试连接第2台相机..."
2025/04/21;20:10:22.195;DEBUG;96428;0000000000000000;BaslerControl::openCamera@48;"尝试打开第2台Basler相机..."
2025/04/21;20:10:22.317;DEBUG;96428;0000000000000000;BaslerControl::openCamera@50;"已经打开第2台Basler相机"
2025/04/21;20:10:22.339;DEBUG;96428;0000000000000000;BaslerControl::openCamera@63;"第2台Basler相机连接成功"
2025/04/21;20:10:22.339;DEBUG;96428;0000000000000000;BaslerControl::openCamera@43;"尝试连接第3台相机..."
2025/04/21;20:10:22.493;DEBUG;96428;0000000000000000;BaslerControl::openCamera@48;"尝试打开第3台Basler相机..."
2025/04/21;20:10:22.635;DEBUG;96428;0000000000000000;BaslerControl::openCamera@50;"已经打开第3台Basler相机"
2025/04/21;20:10:22.661;DEBUG;96428;0000000000000000;BaslerControl::openCamera@63;"第3台Basler相机连接成功"
2025/04/21;20:15:14.659;DEBUG;104836;0000000000000000;BaslerControl::openCamera@32;"正在连接Basler相机... ..."
2025/04/21;20:15:14.927;DEBUG;104836;0000000000000000;BaslerControl::openCamera@43;"尝试连接第1台相机..."
2025/04/21;20:15:15.063;DEBUG;104836;0000000000000000;BaslerControl::openCamera@48;"尝试打开第1台Basler相机..."
2025/04/21;20:15:15.144;DEBUG;104836;0000000000000000;BaslerControl::openCamera@50;"已经打开第1台Basler相机"
2025/04/21;20:15:15.160;DEBUG;104836;0000000000000000;BaslerControl::openCamera@63;"第1台Basler相机连接成功"
2025/04/21;20:15:15.160;DEBUG;104836;0000000000000000;BaslerControl::openCamera@43;"尝试连接第2台相机..."
2025/04/21;20:15:15.312;DEBUG;104836;0000000000000000;BaslerControl::openCamera@48;"尝试打开第2台Basler相机..."
2025/04/21;20:15:15.442;DEBUG;104836;0000000000000000;BaslerControl::openCamera@50;"已经打开第2台Basler相机"
2025/04/21;20:15:15.466;DEBUG;104836;0000000000000000;BaslerControl::openCamera@63;"第2台Basler相机连接成功"
2025/04/21;20:15:15.466;DEBUG;104836;0000000000000000;BaslerControl::openCamera@43;"尝试连接第3台相机..."
2025/04/21;20:15:15.615;DEBUG;104836;0000000000000000;BaslerControl::openCamera@48;"尝试打开第3台Basler相机..."
2025/04/21;20:15:15.754;DEBUG;104836;0000000000000000;BaslerControl::openCamera@50;"已经打开第3台Basler相机"
2025/04/21;20:15:15.778;DEBUG;104836;0000000000000000;BaslerControl::openCamera@63;"第3台Basler相机连接成功"
2025/04/21;20:17:09.359;DEBUG;44992;0000000000000000;BaslerControl::openCamera@32;"正在连接Basler相机... ..."
2025/04/21;20:17:09.630;DEBUG;44992;0000000000000000;BaslerControl::openCamera@43;"尝试连接第1台相机..."
2025/04/21;20:17:09.827;DEBUG;44992;0000000000000000;BaslerControl::openCamera@48;"尝试打开第1台Basler相机..."
2025/04/21;20:17:09.908;DEBUG;44992;0000000000000000;BaslerControl::openCamera@50;"已经打开第1台Basler相机"
2025/04/21;20:17:09.924;DEBUG;44992;0000000000000000;BaslerControl::openCamera@63;"第1台Basler相机连接成功"
2025/04/21;20:17:09.924;DEBUG;44992;0000000000000000;BaslerControl::openCamera@43;"尝试连接第2台相机..."
2025/04/21;20:17:10.074;DEBUG;44992;0000000000000000;BaslerControl::openCamera@48;"尝试打开第2台Basler相机..."
2025/04/21;20:17:10.192;DEBUG;44992;0000000000000000;BaslerControl::openCamera@50;"已经打开第2台Basler相机"
2025/04/21;20:17:10.214;DEBUG;44992;0000000000000000;BaslerControl::openCamera@63;"第2台Basler相机连接成功"
2025/04/21;20:17:10.214;DEBUG;44992;0000000000000000;BaslerControl::openCamera@43;"尝试连接第3台相机..."
2025/04/21;20:17:10.378;DEBUG;44992;0000000000000000;BaslerControl::openCamera@48;"尝试打开第3台Basler相机..."
2025/04/21;20:17:10.516;DEBUG;44992;0000000000000000;BaslerControl::openCamera@50;"已经打开第3台Basler相机"
2025/04/21;20:17:10.541;DEBUG;44992;0000000000000000;BaslerControl::openCamera@63;"第3台Basler相机连接成功"
2025/04/21;20:17:45.368;ERROR;44992;0000000000000000;BaslerControl::openCamera@146;"图片保存成功"
2025/04/21;20:25:35.154;DEBUG;89568;0000000000000000;BaslerControl::openCamera@32;"正在连接Basler相机... ..."
2025/04/21;20:25:35.425;DEBUG;89568;0000000000000000;BaslerControl::openCamera@43;"尝试连接第1台相机..."
2025/04/21;20:25:35.705;DEBUG;89568;0000000000000000;BaslerControl::openCamera@48;"尝试打开第1台Basler相机..."
2025/04/21;20:25:35.810;DEBUG;89568;0000000000000000;BaslerControl::openCamera@50;"已经打开第1台Basler相机"
2025/04/21;20:25:35.827;DEBUG;89568;0000000000000000;BaslerControl::openCamera@63;"第1台Basler相机连接成功"
2025/04/21;20:25:35.827;DEBUG;89568;0000000000000000;BaslerControl::openCamera@43;"尝试连接第2台相机..."
2025/04/21;20:25:35.972;DEBUG;89568;0000000000000000;BaslerControl::openCamera@48;"尝试打开第2台Basler相机..."
2025/04/21;20:25:36.100;DEBUG;89568;0000000000000000;BaslerControl::openCamera@50;"已经打开第2台Basler相机"
2025/04/21;20:25:36.124;DEBUG;89568;0000000000000000;BaslerControl::openCamera@63;"第2台Basler相机连接成功"
2025/04/21;20:25:36.124;DEBUG;89568;0000000000000000;BaslerControl::openCamera@43;"尝试连接第3台相机..."
2025/04/21;20:25:36.285;DEBUG;89568;0000000000000000;BaslerControl::openCamera@48;"尝试打开第3台Basler相机..."
2025/04/21;20:25:36.423;DEBUG;89568;0000000000000000;BaslerControl::openCamera@50;"已经打开第3台Basler相机"
2025/04/21;20:25:36.445;DEBUG;89568;0000000000000000;BaslerControl::openCamera@63;"第3台Basler相机连接成功"
2025/04/21;20:26:33.351;DEBUG;47708;0000000000000000;BaslerControl::closeCamera@173;"Basler相机断开连接"
2025/04/21;20:26:54.108;DEBUG;39264;0000000000000000;BaslerControl::openCamera@32;"正在连接Basler相机... ..."
2025/04/21;20:26:54.377;DEBUG;39264;0000000000000000;BaslerControl::openCamera@43;"尝试连接第1台相机..."
2025/04/21;20:26:54.666;DEBUG;39264;0000000000000000;BaslerControl::openCamera@48;"尝试打开第1台Basler相机..."
2025/04/21;20:26:54.809;DEBUG;39264;0000000000000000;BaslerControl::openCamera@50;"已经打开第1台Basler相机"
2025/04/21;20:26:54.826;DEBUG;39264;0000000000000000;BaslerControl::openCamera@63;"第1台Basler相机连接成功"
2025/04/21;20:26:54.826;DEBUG;39264;0000000000000000;BaslerControl::openCamera@43;"尝试连接第2台相机..."
2025/04/21;20:26:54.981;DEBUG;39264;0000000000000000;BaslerControl::openCamera@48;"尝试打开第2台Basler相机..."
2025/04/21;20:26:55.106;DEBUG;39264;0000000000000000;BaslerControl::openCamera@50;"已经打开第2台Basler相机"
2025/04/21;20:26:55.132;DEBUG;39264;0000000000000000;BaslerControl::openCamera@63;"第2台Basler相机连接成功"
2025/04/21;20:26:55.132;DEBUG;39264;0000000000000000;BaslerControl::openCamera@43;"尝试连接第3台相机..."
2025/04/21;20:26:55.293;DEBUG;39264;0000000000000000;BaslerControl::openCamera@48;"尝试打开第3台Basler相机..."
2025/04/21;20:26:55.419;DEBUG;39264;0000000000000000;BaslerControl::openCamera@50;"已经打开第3台Basler相机"
2025/04/21;20:26:55.442;DEBUG;39264;0000000000000000;BaslerControl::openCamera@63;"第3台Basler相机连接成功"
2025/04/21;20:30:50.453;DEBUG;102048;0000000000000000;BaslerControl::openCamera@32;"正在连接Basler相机... ..."
2025/04/21;20:30:50.722;DEBUG;102048;0000000000000000;BaslerControl::openCamera@43;"尝试连接第1台相机..."
2025/04/21;20:30:50.997;DEBUG;102048;0000000000000000;BaslerControl::openCamera@48;"尝试打开第1台Basler相机..."
2025/04/21;20:30:51.623;DEBUG;102048;0000000000000000;BaslerControl::openCamera@50;"已经打开第1台Basler相机"
2025/04/21;20:30:51.639;DEBUG;102048;0000000000000000;BaslerControl::openCamera@63;"第1台Basler相机连接成功"
2025/04/21;20:30:51.639;DEBUG;102048;0000000000000000;BaslerControl::openCamera@43;"尝试连接第2台相机..."
2025/04/21;20:30:51.796;DEBUG;102048;0000000000000000;BaslerControl::openCamera@48;"尝试打开第2台Basler相机..."
2025/04/21;20:30:51.920;DEBUG;102048;0000000000000000;BaslerControl::openCamera@50;"已经打开第2台Basler相机"
2025/04/21;20:30:51.944;DEBUG;102048;0000000000000000;BaslerControl::openCamera@63;"第2台Basler相机连接成功"
2025/04/21;20:30:51.944;DEBUG;102048;0000000000000000;BaslerControl::openCamera@43;"尝试连接第3台相机..."
2025/04/21;20:30:52.106;DEBUG;102048;0000000000000000;BaslerControl::openCamera@48;"尝试打开第3台Basler相机..."
2025/04/21;20:30:52.229;DEBUG;102048;0000000000000000;BaslerControl::openCamera@50;"已经打开第3台Basler相机"
2025/04/21;20:30:52.251;DEBUG;102048;0000000000000000;BaslerControl::openCamera@63;"第3台Basler相机连接成功"
2025/04/21;20:31:00.661;ERROR;102048;0000000000000000;BaslerControl::openCamera@146;"图片保存成功"
2025/04/21;20:31:26.915;DEBUG;76144;0000000000000000;BaslerControl::openCamera@32;"正在连接Basler相机... ..."
2025/04/21;20:31:27.184;DEBUG;76144;0000000000000000;BaslerControl::openCamera@43;"尝试连接第1台相机..."
2025/04/21;20:31:27.416;DEBUG;76144;0000000000000000;BaslerControl::openCamera@48;"尝试打开第1台Basler相机..."
2025/04/21;20:31:27.498;DEBUG;76144;0000000000000000;BaslerControl::openCamera@50;"已经打开第1台Basler相机"
2025/04/21;20:31:27.515;DEBUG;76144;0000000000000000;BaslerControl::openCamera@63;"第1台Basler相机连接成功"
2025/04/21;20:31:27.515;DEBUG;76144;0000000000000000;BaslerControl::openCamera@43;"尝试连接第2台相机..."
2025/04/21;20:31:27.669;DEBUG;76144;0000000000000000;BaslerControl::openCamera@48;"尝试打开第2台Basler相机..."
2025/04/21;20:31:28.301;DEBUG;76144;0000000000000000;BaslerControl::openCamera@50;"已经打开第2台Basler相机"
2025/04/21;20:31:28.324;DEBUG;76144;0000000000000000;BaslerControl::openCamera@63;"第2台Basler相机连接成功"
2025/04/21;20:31:28.324;DEBUG;76144;0000000000000000;BaslerControl::openCamera@43;"尝试连接第3台相机..."
2025/04/21;20:31:28.489;DEBUG;76144;0000000000000000;BaslerControl::openCamera@48;"尝试打开第3台Basler相机..."
2025/04/21;20:31:28.628;DEBUG;76144;0000000000000000;BaslerControl::openCamera@50;"已经打开第3台Basler相机"
2025/04/21;20:31:28.653;DEBUG;76144;0000000000000000;BaslerControl::openCamera@63;"第3台Basler相机连接成功"
2025/04/21;20:32:53.722;ERROR;76144;0000000000000000;BaslerControl::openCamera@146;"图片保存成功"
2025/04/21;20:35:32.908;DEBUG;94512;0000000000000000;BaslerControl::openCamera@32;"正在连接Basler相机... ..."
2025/04/21;20:35:33.179;DEBUG;94512;0000000000000000;BaslerControl::openCamera@43;"尝试连接第1台相机..."
2025/04/21;20:35:33.463;DEBUG;94512;0000000000000000;BaslerControl::openCamera@48;"尝试打开第1台Basler相机..."
2025/04/21;20:35:34.093;DEBUG;94512;0000000000000000;BaslerControl::openCamera@50;"已经打开第1台Basler相机"
2025/04/21;20:35:34.109;DEBUG;94512;0000000000000000;BaslerControl::openCamera@63;"第1台Basler相机连接成功"
2025/04/21;20:35:34.109;DEBUG;94512;0000000000000000;BaslerControl::openCamera@43;"尝试连接第2台相机..."
2025/04/21;20:35:34.268;DEBUG;94512;0000000000000000;BaslerControl::openCamera@48;"尝试打开第2台Basler相机..."
2025/04/21;20:35:34.394;DEBUG;94512;0000000000000000;BaslerControl::openCamera@50;"已经打开第2台Basler相机"
2025/04/21;20:35:34.417;DEBUG;94512;0000000000000000;BaslerControl::openCamera@63;"第2台Basler相机连接成功"
2025/04/21;20:35:34.417;DEBUG;94512;0000000000000000;BaslerControl::openCamera@43;"尝试连接第3台相机..."
2025/04/21;20:35:34.578;DEBUG;94512;0000000000000000;BaslerControl::openCamera@48;"尝试打开第3台Basler相机..."
2025/04/21;20:35:34.717;DEBUG;94512;0000000000000000;BaslerControl::openCamera@50;"已经打开第3台Basler相机"
2025/04/21;20:35:34.741;DEBUG;94512;0000000000000000;BaslerControl::openCamera@63;"第3台Basler相机连接成功"
2025/04/21;20:36:10.315;DEBUG;33688;0000000000000000;BaslerControl::openCamera@32;"正在连接Basler相机... ..."
2025/04/21;20:36:10.584;DEBUG;33688;0000000000000000;BaslerControl::openCamera@43;"尝试连接第1台相机..."
2025/04/21;20:36:10.861;DEBUG;33688;0000000000000000;BaslerControl::openCamera@48;"尝试打开第1台Basler相机..."
2025/04/21;20:36:11.468;DEBUG;33688;0000000000000000;BaslerControl::openCamera@50;"已经打开第1台Basler相机"
2025/04/21;20:36:11.485;DEBUG;33688;0000000000000000;BaslerControl::openCamera@63;"第1台Basler相机连接成功"
2025/04/21;20:36:11.485;DEBUG;33688;0000000000000000;BaslerControl::openCamera@43;"尝试连接第2台相机..."
2025/04/21;20:36:11.641;DEBUG;33688;0000000000000000;BaslerControl::openCamera@48;"尝试打开第2台Basler相机..."
2025/04/21;20:36:11.765;DEBUG;33688;0000000000000000;BaslerControl::openCamera@50;"已经打开第2台Basler相机"
2025/04/21;20:36:11.790;DEBUG;33688;0000000000000000;BaslerControl::openCamera@63;"第2台Basler相机连接成功"
2025/04/21;20:36:11.790;DEBUG;33688;0000000000000000;BaslerControl::openCamera@43;"尝试连接第3台相机..."
2025/04/21;20:36:11.950;DEBUG;33688;0000000000000000;BaslerControl::openCamera@48;"尝试打开第3台Basler相机..."
2025/04/21;20:36:12.087;DEBUG;33688;0000000000000000;BaslerControl::openCamera@50;"已经打开第3台Basler相机"
2025/04/21;20:36:12.109;DEBUG;33688;0000000000000000;BaslerControl::openCamera@63;"第3台Basler相机连接成功"
2025/04/21;20:38:10.218;DEBUG;61988;0000000000000000;BaslerControl::openCamera@32;"正在连接Basler相机... ..."
2025/04/21;20:38:10.487;DEBUG;61988;0000000000000000;BaslerControl::openCamera@43;"尝试连接第1台相机..."
2025/04/21;20:38:10.769;DEBUG;61988;0000000000000000;BaslerControl::openCamera@48;"尝试打开第1台Basler相机..."
2025/04/21;20:38:10.853;DEBUG;61988;0000000000000000;BaslerControl::openCamera@50;"已经打开第1台Basler相机"
2025/04/21;20:38:10.871;DEBUG;61988;0000000000000000;BaslerControl::openCamera@63;"第1台Basler相机连接成功"
2025/04/21;20:38:10.871;DEBUG;61988;0000000000000000;BaslerControl::openCamera@43;"尝试连接第2台相机..."
2025/04/21;20:38:11.025;DEBUG;61988;0000000000000000;BaslerControl::openCamera@48;"尝试打开第2台Basler相机..."
2025/04/21;20:38:11.160;DEBUG;61988;0000000000000000;BaslerControl::openCamera@50;"已经打开第2台Basler相机"
2025/04/21;20:38:11.184;DEBUG;61988;0000000000000000;BaslerControl::openCamera@63;"第2台Basler相机连接成功"
2025/04/21;20:38:11.184;DEBUG;61988;0000000000000000;BaslerControl::openCamera@43;"尝试连接第3台相机..."
2025/04/21;20:38:11.336;DEBUG;61988;0000000000000000;BaslerControl::openCamera@48;"尝试打开第3台Basler相机..."
2025/04/21;20:38:11.460;DEBUG;61988;0000000000000000;BaslerControl::openCamera@50;"已经打开第3台Basler相机"
2025/04/21;20:38:11.482;DEBUG;61988;0000000000000000;BaslerControl::openCamera@63;"第3台Basler相机连接成功"
2025/04/21;20:41:48.155;DEBUG;11476;0000000000000000;BaslerControl::openCamera@32;"正在连接Basler相机... ..."
2025/04/21;20:41:48.424;DEBUG;11476;0000000000000000;BaslerControl::openCamera@43;"尝试连接第1台相机..."
2025/04/21;20:41:48.722;DEBUG;11476;0000000000000000;BaslerControl::openCamera@48;"尝试打开第1台Basler相机..."
2025/04/21;20:41:48.869;DEBUG;11476;0000000000000000;BaslerControl::openCamera@50;"已经打开第1台Basler相机"
2025/04/21;20:41:48.886;DEBUG;11476;0000000000000000;BaslerControl::openCamera@63;"第1台Basler相机连接成功"
2025/04/21;20:41:48.886;DEBUG;11476;0000000000000000;BaslerControl::openCamera@43;"尝试连接第2台相机..."
2025/04/21;20:41:49.036;DEBUG;11476;0000000000000000;BaslerControl::openCamera@48;"尝试打开第2台Basler相机..."
2025/04/21;20:41:49.174;DEBUG;11476;0000000000000000;BaslerControl::openCamera@50;"已经打开第2台Basler相机"
2025/04/21;20:41:49.197;DEBUG;11476;0000000000000000;BaslerControl::openCamera@63;"第2台Basler相机连接成功"
2025/04/21;20:41:49.197;DEBUG;11476;0000000000000000;BaslerControl::openCamera@43;"尝试连接第3台相机..."
2025/04/21;20:41:49.358;DEBUG;11476;0000000000000000;BaslerControl::openCamera@48;"尝试打开第3台Basler相机..."
2025/04/21;20:41:49.497;DEBUG;11476;0000000000000000;BaslerControl::openCamera@50;"已经打开第3台Basler相机"
2025/04/21;20:41:49.521;DEBUG;11476;0000000000000000;BaslerControl::openCamera@63;"第3台Basler相机连接成功"
2025/04/21;20:42:19.743;DEBUG;52200;0000000000000000;BaslerControl::openCamera@32;"正在连接Basler相机... ..."
2025/04/21;20:42:20.013;DEBUG;52200;0000000000000000;BaslerControl::openCamera@43;"尝试连接第1台相机..."
2025/04/21;20:42:20.319;DEBUG;52200;0000000000000000;BaslerControl::openCamera@48;"尝试打开第1台Basler相机..."
2025/04/21;20:42:20.946;DEBUG;52200;0000000000000000;BaslerControl::openCamera@50;"已经打开第1台Basler相机"
2025/04/21;20:42:20.964;DEBUG;52200;0000000000000000;BaslerControl::openCamera@63;"第1台Basler相机连接成功"
2025/04/21;20:42:20.964;DEBUG;52200;0000000000000000;BaslerControl::openCamera@43;"尝试连接第2台相机..."
2025/04/21;20:42:21.118;DEBUG;52200;0000000000000000;BaslerControl::openCamera@48;"尝试打开第2台Basler相机..."
2025/04/21;20:42:21.241;DEBUG;52200;0000000000000000;BaslerControl::openCamera@50;"已经打开第2台Basler相机"
2025/04/21;20:42:21.263;DEBUG;52200;0000000000000000;BaslerControl::openCamera@63;"第2台Basler相机连接成功"
2025/04/21;20:42:21.264;DEBUG;52200;0000000000000000;BaslerControl::openCamera@43;"尝试连接第3台相机..."
2025/04/21;20:42:21.417;DEBUG;52200;0000000000000000;BaslerControl::openCamera@48;"尝试打开第3台Basler相机..."
2025/04/21;20:42:21.545;DEBUG;52200;0000000000000000;BaslerControl::openCamera@50;"已经打开第3台Basler相机"
2025/04/21;20:42:21.569;DEBUG;52200;0000000000000000;BaslerControl::openCamera@63;"第3台Basler相机连接成功"
2025/04/21;20:43:59.337;DEBUG;84404;0000000000000000;BaslerControl::openCamera@32;"正在连接Basler相机... ..."
2025/04/21;20:43:59.607;DEBUG;84404;0000000000000000;BaslerControl::openCamera@43;"尝试连接第1台相机..."
2025/04/21;20:43:59.886;DEBUG;84404;0000000000000000;BaslerControl::openCamera@48;"尝试打开第1台Basler相机..."
2025/04/21;20:44:00.520;DEBUG;84404;0000000000000000;BaslerControl::openCamera@50;"已经打开第1台Basler相机"
2025/04/21;20:44:00.536;DEBUG;84404;0000000000000000;BaslerControl::openCamera@63;"第1台Basler相机连接成功"
2025/04/21;20:44:00.536;DEBUG;84404;0000000000000000;BaslerControl::openCamera@43;"尝试连接第2台相机..."
2025/04/21;20:44:00.694;DEBUG;84404;0000000000000000;BaslerControl::openCamera@48;"尝试打开第2台Basler相机..."
2025/04/21;20:44:00.830;DEBUG;84404;0000000000000000;BaslerControl::openCamera@50;"已经打开第2台Basler相机"
2025/04/21;20:44:00.854;DEBUG;84404;0000000000000000;BaslerControl::openCamera@63;"第2台Basler相机连接成功"
2025/04/21;20:44:00.854;DEBUG;84404;0000000000000000;BaslerControl::openCamera@43;"尝试连接第3台相机..."
2025/04/21;20:44:01.015;DEBUG;84404;0000000000000000;BaslerControl::openCamera@48;"尝试打开第3台Basler相机..."
2025/04/21;20:44:01.152;DEBUG;84404;0000000000000000;BaslerControl::openCamera@50;"已经打开第3台Basler相机"
2025/04/21;20:44:01.176;DEBUG;84404;0000000000000000;BaslerControl::openCamera@63;"第3台Basler相机连接成功"
2025/04/21;20:45:36.257;DEBUG;48944;0000000000000000;BaslerControl::openCamera@32;"正在连接Basler相机... ..."
2025/04/21;20:45:36.538;DEBUG;48944;0000000000000000;BaslerControl::openCamera@43;"尝试连接第1台相机..."
2025/04/21;20:45:36.841;DEBUG;48944;0000000000000000;BaslerControl::openCamera@48;"尝试打开第1台Basler相机..."
2025/04/21;20:45:36.966;DEBUG;48944;0000000000000000;BaslerControl::openCamera@50;"已经打开第1台Basler相机"
2025/04/21;20:45:36.984;DEBUG;48944;0000000000000000;BaslerControl::openCamera@63;"第1台Basler相机连接成功"
2025/04/21;20:45:36.984;DEBUG;48944;0000000000000000;BaslerControl::openCamera@43;"尝试连接第2台相机..."
2025/04/21;20:45:37.144;DEBUG;48944;0000000000000000;BaslerControl::openCamera@48;"尝试打开第2台Basler相机..."
2025/04/21;20:45:37.265;DEBUG;48944;0000000000000000;BaslerControl::openCamera@50;"已经打开第2台Basler相机"
2025/04/21;20:45:37.287;DEBUG;48944;0000000000000000;BaslerControl::openCamera@63;"第2台Basler相机连接成功"
2025/04/21;20:45:37.287;DEBUG;48944;0000000000000000;BaslerControl::openCamera@43;"尝试连接第3台相机..."
2025/04/21;20:45:37.437;DEBUG;48944;0000000000000000;BaslerControl::openCamera@48;"尝试打开第3台Basler相机..."
2025/04/21;20:45:37.575;DEBUG;48944;0000000000000000;BaslerControl::openCamera@50;"已经打开第3台Basler相机"
2025/04/21;20:45:37.600;DEBUG;48944;0000000000000000;BaslerControl::openCamera@63;"第3台Basler相机连接成功"
2025/04/21;20:47:36.475;DEBUG;48944;0000000000000000;BaslerControl::openCamera@32;"正在连接Basler相机... ..."
2025/04/21;20:47:36.729;DEBUG;48944;0000000000000000;BaslerControl::openCamera@43;"尝试连接第1台相机..."
2025/04/21;20:47:36.964;DEBUG;48944;0000000000000000;BaslerControl::openCamera@48;"尝试打开第1台Basler相机..."
2025/04/21;20:47:37.045;DEBUG;48944;0000000000000000;BaslerControl::openCamera@50;"已经打开第1台Basler相机"
2025/04/21;20:47:37.060;DEBUG;48944;0000000000000000;BaslerControl::openCamera@63;"第1台Basler相机连接成功"
2025/04/21;20:47:37.060;DEBUG;48944;0000000000000000;BaslerControl::openCamera@43;"尝试连接第2台相机..."
2025/04/21;20:47:37.338;DEBUG;48944;0000000000000000;BaslerControl::openCamera@48;"尝试打开第2台Basler相机..."
2025/04/21;20:47:37.470;DEBUG;48944;0000000000000000;BaslerControl::openCamera@50;"已经打开第2台Basler相机"
2025/04/21;20:47:37.491;DEBUG;48944;0000000000000000;BaslerControl::openCamera@63;"第2台Basler相机连接成功"
2025/04/21;20:47:37.491;DEBUG;48944;0000000000000000;BaslerControl::openCamera@43;"尝试连接第3台相机..."
2025/04/21;20:47:37.864;DEBUG;48944;0000000000000000;BaslerControl::openCamera@48;"尝试打开第3台Basler相机..."
2025/04/21;20:47:37.996;DEBUG;48944;0000000000000000;BaslerControl::openCamera@50;"已经打开第3台Basler相机"
2025/04/21;20:47:38.020;DEBUG;48944;0000000000000000;BaslerControl::openCamera@63;"第3台Basler相机连接成功"
2025/04/21;20:47:38.020;ERROR;48944;0000000000000000;BaslerControl::openCamera@155;"采图失败，退出采图程序。"
2025/04/21;20:48:27.956;DEBUG;78264;0000000000000000;BaslerControl::closeCamera@173;"Basler相机断开连接"
2025/04/21;20:48:33.253;DEBUG;82136;0000000000000000;BaslerControl::openCamera@32;"正在连接Basler相机... ..."
2025/04/21;20:48:33.522;DEBUG;82136;0000000000000000;BaslerControl::openCamera@43;"尝试连接第1台相机..."
2025/04/21;20:48:33.801;DEBUG;82136;0000000000000000;BaslerControl::openCamera@48;"尝试打开第1台Basler相机..."
2025/04/21;20:48:33.900;DEBUG;82136;0000000000000000;BaslerControl::openCamera@50;"已经打开第1台Basler相机"
2025/04/21;20:48:33.917;DEBUG;82136;0000000000000000;BaslerControl::openCamera@63;"第1台Basler相机连接成功"
2025/04/21;20:48:33.917;DEBUG;82136;0000000000000000;BaslerControl::openCamera@43;"尝试连接第2台相机..."
2025/04/21;20:48:34.071;DEBUG;82136;0000000000000000;BaslerControl::openCamera@48;"尝试打开第2台Basler相机..."
2025/04/21;20:48:34.193;DEBUG;82136;0000000000000000;BaslerControl::openCamera@50;"已经打开第2台Basler相机"
2025/04/21;20:48:34.216;DEBUG;82136;0000000000000000;BaslerControl::openCamera@63;"第2台Basler相机连接成功"
2025/04/21;20:48:34.216;DEBUG;82136;0000000000000000;BaslerControl::openCamera@43;"尝试连接第3台相机..."
2025/04/21;20:48:34.379;DEBUG;82136;0000000000000000;BaslerControl::openCamera@48;"尝试打开第3台Basler相机..."
2025/04/21;20:48:34.518;DEBUG;82136;0000000000000000;BaslerControl::openCamera@50;"已经打开第3台Basler相机"
2025/04/21;20:48:34.540;DEBUG;82136;0000000000000000;BaslerControl::openCamera@63;"第3台Basler相机连接成功"
2025/04/21;20:48:38.935;ERROR;82136;0000000000000000;BaslerControl::openCamera@146;"图片保存成功"
2025/04/21;20:49:05.517;ERROR;82136;0000000000000000;BaslerControl::openCamera@146;"图片保存成功"
2025/04/21;20:49:40.106;ERROR;82136;0000000000000000;BaslerControl::openCamera@146;"图片保存成功"
2025/04/21;20:51:21.632;DEBUG;17340;0000000000000000;BaslerControl::openCamera@32;"正在连接Basler相机... ..."
2025/04/21;20:51:21.901;DEBUG;17340;0000000000000000;BaslerControl::openCamera@43;"尝试连接第1台相机..."
2025/04/21;20:51:22.138;DEBUG;17340;0000000000000000;BaslerControl::openCamera@48;"尝试打开第1台Basler相机..."
2025/04/21;20:51:22.233;DEBUG;17340;0000000000000000;BaslerControl::openCamera@50;"已经打开第1台Basler相机"
2025/04/21;20:51:22.250;DEBUG;17340;0000000000000000;BaslerControl::openCamera@63;"第1台Basler相机连接成功"
2025/04/21;20:51:22.250;DEBUG;17340;0000000000000000;BaslerControl::openCamera@43;"尝试连接第2台相机..."
2025/04/21;20:51:22.408;DEBUG;17340;0000000000000000;BaslerControl::openCamera@48;"尝试打开第2台Basler相机..."
2025/04/21;20:51:22.530;DEBUG;17340;0000000000000000;BaslerControl::openCamera@50;"已经打开第2台Basler相机"
2025/04/21;20:51:22.553;DEBUG;17340;0000000000000000;BaslerControl::openCamera@63;"第2台Basler相机连接成功"
2025/04/21;20:51:22.553;DEBUG;17340;0000000000000000;BaslerControl::openCamera@43;"尝试连接第3台相机..."
2025/04/21;20:51:22.716;DEBUG;17340;0000000000000000;BaslerControl::openCamera@48;"尝试打开第3台Basler相机..."
2025/04/21;20:51:22.853;DEBUG;17340;0000000000000000;BaslerControl::openCamera@50;"已经打开第3台Basler相机"
2025/04/21;20:51:22.876;DEBUG;17340;0000000000000000;BaslerControl::openCamera@63;"第3台Basler相机连接成功"
2025/04/21;20:51:34.794;ERROR;17340;0000000000000000;BaslerControl::openCamera@146;"图片保存成功"
2025/04/21;20:52:09.176;DEBUG;60868;0000000000000000;BaslerControl::openCamera@32;"正在连接Basler相机... ..."
2025/04/21;20:52:09.445;DEBUG;60868;0000000000000000;BaslerControl::openCamera@43;"尝试连接第1台相机..."
2025/04/21;20:52:09.606;DEBUG;60868;0000000000000000;BaslerControl::openCamera@48;"尝试打开第1台Basler相机..."
2025/04/21;20:52:09.688;DEBUG;60868;0000000000000000;BaslerControl::openCamera@50;"已经打开第1台Basler相机"
2025/04/21;20:52:09.704;DEBUG;60868;0000000000000000;BaslerControl::openCamera@63;"第1台Basler相机连接成功"
2025/04/21;20:52:09.704;DEBUG;60868;0000000000000000;BaslerControl::openCamera@43;"尝试连接第2台相机..."
2025/04/21;20:52:09.850;DEBUG;60868;0000000000000000;BaslerControl::openCamera@48;"尝试打开第2台Basler相机..."
2025/04/21;20:52:10.485;DEBUG;60868;0000000000000000;BaslerControl::openCamera@50;"已经打开第2台Basler相机"
2025/04/21;20:52:10.509;DEBUG;60868;0000000000000000;BaslerControl::openCamera@63;"第2台Basler相机连接成功"
2025/04/21;20:52:10.509;DEBUG;60868;0000000000000000;BaslerControl::openCamera@43;"尝试连接第3台相机..."
2025/04/21;20:52:10.671;DEBUG;60868;0000000000000000;BaslerControl::openCamera@48;"尝试打开第3台Basler相机..."
2025/04/21;20:52:10.810;DEBUG;60868;0000000000000000;BaslerControl::openCamera@50;"已经打开第3台Basler相机"
2025/04/21;20:52:10.836;DEBUG;60868;0000000000000000;BaslerControl::openCamera@63;"第3台Basler相机连接成功"
2025/04/21;20:52:45.308;ERROR;60868;0000000000000000;BaslerControl::openCamera@146;"图片保存成功"
2025/04/21;20:53:06.352;DEBUG;95612;0000000000000000;BaslerControl::openCamera@32;"正在连接Basler相机... ..."
2025/04/21;20:53:06.623;DEBUG;95612;0000000000000000;BaslerControl::openCamera@43;"尝试连接第1台相机..."
2025/04/21;20:53:06.904;DEBUG;95612;0000000000000000;BaslerControl::openCamera@48;"尝试打开第1台Basler相机..."
2025/04/21;20:53:07.045;DEBUG;95612;0000000000000000;BaslerControl::openCamera@50;"已经打开第1台Basler相机"
2025/04/21;20:53:07.077;DEBUG;95612;0000000000000000;BaslerControl::openCamera@63;"第1台Basler相机连接成功"
2025/04/21;20:53:07.078;DEBUG;95612;0000000000000000;BaslerControl::openCamera@43;"尝试连接第2台相机..."
2025/04/21;20:53:07.251;DEBUG;95612;0000000000000000;BaslerControl::openCamera@48;"尝试打开第2台Basler相机..."
2025/04/21;20:53:07.370;DEBUG;95612;0000000000000000;BaslerControl::openCamera@50;"已经打开第2台Basler相机"
2025/04/21;20:53:07.393;DEBUG;95612;0000000000000000;BaslerControl::openCamera@63;"第2台Basler相机连接成功"
2025/04/21;20:53:07.394;DEBUG;95612;0000000000000000;BaslerControl::openCamera@43;"尝试连接第3台相机..."
2025/04/21;20:53:07.541;DEBUG;95612;0000000000000000;BaslerControl::openCamera@48;"尝试打开第3台Basler相机..."
2025/04/21;20:53:07.667;DEBUG;95612;0000000000000000;BaslerControl::openCamera@50;"已经打开第3台Basler相机"
2025/04/21;20:53:07.688;DEBUG;95612;0000000000000000;BaslerControl::openCamera@63;"第3台Basler相机连接成功"
2025/04/21;20:53:58.615;ERROR;95612;0000000000000000;BaslerControl::openCamera@146;"图片保存成功"
2025/04/21;20:54:19.163;ERROR;95612;0000000000000000;BaslerControl::openCamera@155;"采图失败，退出采图程序。"
2025/04/21;20:54:19.405;DEBUG;10508;0000000000000000;BaslerControl::closeCamera@173;"Basler相机断开连接"
2025/04/21;20:54:24.471;DEBUG;84460;0000000000000000;BaslerControl::closeCamera@173;"Basler相机断开连接"
2025/04/21;20:58:41.902;DEBUG;18580;0000000000000000;BaslerControl::openCamera@32;"正在连接Basler相机... ..."
2025/04/21;20:58:42.172;DEBUG;18580;0000000000000000;BaslerControl::openCamera@43;"尝试连接第1台相机..."
2025/04/21;20:58:42.470;DEBUG;18580;0000000000000000;BaslerControl::openCamera@48;"尝试打开第1台Basler相机..."
2025/04/21;20:58:42.581;DEBUG;18580;0000000000000000;BaslerControl::openCamera@50;"已经打开第1台Basler相机"
2025/04/21;20:58:42.597;DEBUG;18580;0000000000000000;BaslerControl::openCamera@63;"第1台Basler相机连接成功"
2025/04/21;20:58:42.597;DEBUG;18580;0000000000000000;BaslerControl::openCamera@43;"尝试连接第2台相机..."
2025/04/21;20:58:42.742;DEBUG;18580;0000000000000000;BaslerControl::openCamera@48;"尝试打开第2台Basler相机..."
2025/04/21;20:58:43.377;DEBUG;18580;0000000000000000;BaslerControl::openCamera@50;"已经打开第2台Basler相机"
2025/04/21;20:58:43.402;DEBUG;18580;0000000000000000;BaslerControl::openCamera@63;"第2台Basler相机连接成功"
2025/04/21;20:58:43.402;DEBUG;18580;0000000000000000;BaslerControl::openCamera@43;"尝试连接第3台相机..."
2025/04/21;20:58:43.561;DEBUG;18580;0000000000000000;BaslerControl::openCamera@48;"尝试打开第3台Basler相机..."
2025/04/21;20:58:43.698;DEBUG;18580;0000000000000000;BaslerControl::openCamera@50;"已经打开第3台Basler相机"
2025/04/21;20:58:43.723;DEBUG;18580;0000000000000000;BaslerControl::openCamera@63;"第3台Basler相机连接成功"
2025/04/21;20:58:46.334;DEBUG;84492;0000000000000000;BaslerControl::closeCamera@179;"Basler相机断开连接"
2025/04/21;20:59:23.945;DEBUG;62580;0000000000000000;BaslerControl::openCamera@32;"正在连接Basler相机... ..."
2025/04/21;20:59:24.215;DEBUG;62580;0000000000000000;BaslerControl::openCamera@43;"尝试连接第1台相机..."
2025/04/21;20:59:24.478;DEBUG;62580;0000000000000000;BaslerControl::openCamera@48;"尝试打开第1台Basler相机..."
2025/04/21;20:59:24.574;DEBUG;62580;0000000000000000;BaslerControl::openCamera@50;"已经打开第1台Basler相机"
2025/04/21;20:59:24.593;DEBUG;62580;0000000000000000;BaslerControl::openCamera@63;"第1台Basler相机连接成功"
2025/04/21;20:59:24.593;DEBUG;62580;0000000000000000;BaslerControl::openCamera@43;"尝试连接第2台相机..."
2025/04/21;20:59:24.748;DEBUG;62580;0000000000000000;BaslerControl::openCamera@48;"尝试打开第2台Basler相机..."
2025/04/21;20:59:24.873;DEBUG;62580;0000000000000000;BaslerControl::openCamera@50;"已经打开第2台Basler相机"
2025/04/21;20:59:24.897;DEBUG;62580;0000000000000000;BaslerControl::openCamera@63;"第2台Basler相机连接成功"
2025/04/21;20:59:24.897;DEBUG;62580;0000000000000000;BaslerControl::openCamera@43;"尝试连接第3台相机..."
2025/04/21;20:59:25.042;DEBUG;62580;0000000000000000;BaslerControl::openCamera@48;"尝试打开第3台Basler相机..."
2025/04/21;20:59:25.180;DEBUG;62580;0000000000000000;BaslerControl::openCamera@50;"已经打开第3台Basler相机"
2025/04/21;20:59:25.204;DEBUG;62580;0000000000000000;BaslerControl::openCamera@63;"第3台Basler相机连接成功"
2025/04/21;21:01:43.793;DEBUG;97324;0000000000000000;BaslerControl::closeCamera@182;"Basler相机断开连接"
2025/04/21;21:01:59.025;DEBUG;98852;0000000000000000;BaslerControl::openCamera@32;"正在连接Basler相机... ..."
2025/04/21;21:01:59.296;DEBUG;98852;0000000000000000;BaslerControl::openCamera@43;"尝试连接第1台相机..."
2025/04/21;21:01:59.509;DEBUG;98852;0000000000000000;BaslerControl::openCamera@48;"尝试打开第1台Basler相机..."
2025/04/21;21:01:59.601;DEBUG;98852;0000000000000000;BaslerControl::openCamera@50;"已经打开第1台Basler相机"
2025/04/21;21:01:59.617;DEBUG;98852;0000000000000000;BaslerControl::openCamera@63;"第1台Basler相机连接成功"
2025/04/21;21:01:59.617;DEBUG;98852;0000000000000000;BaslerControl::openCamera@43;"尝试连接第2台相机..."
2025/04/21;21:01:59.763;DEBUG;98852;0000000000000000;BaslerControl::openCamera@48;"尝试打开第2台Basler相机..."
2025/04/21;21:01:59.884;DEBUG;98852;0000000000000000;BaslerControl::openCamera@50;"已经打开第2台Basler相机"
2025/04/21;21:01:59.906;DEBUG;98852;0000000000000000;BaslerControl::openCamera@63;"第2台Basler相机连接成功"
2025/04/21;21:01:59.906;DEBUG;98852;0000000000000000;BaslerControl::openCamera@43;"尝试连接第3台相机..."
2025/04/21;21:02:00.070;DEBUG;98852;0000000000000000;BaslerControl::openCamera@48;"尝试打开第3台Basler相机..."
2025/04/21;21:02:00.210;DEBUG;98852;0000000000000000;BaslerControl::openCamera@50;"已经打开第3台Basler相机"
2025/04/21;21:02:00.234;DEBUG;98852;0000000000000000;BaslerControl::openCamera@63;"第3台Basler相机连接成功"
2025/04/21;21:02:02.539;ERROR;98852;0000000000000000;BaslerControl::openCamera@156;"图片保存成功"
2025/04/21;21:02:46.892;DEBUG;16256;0000000000000000;BaslerControl::closeCamera@183;"Basler相机断开连接"
2025/04/21;21:06:05.639;DEBUG;83160;0000000000000000;BaslerControl::openCamera@32;"正在连接Basler相机... ..."
2025/04/21;21:06:05.910;DEBUG;83160;0000000000000000;BaslerControl::openCamera@43;"尝试连接第1台相机..."
2025/04/21;21:06:06.190;DEBUG;83160;0000000000000000;BaslerControl::openCamera@48;"尝试打开第1台Basler相机..."
2025/04/21;21:06:06.332;DEBUG;83160;0000000000000000;BaslerControl::openCamera@50;"已经打开第1台Basler相机"
2025/04/21;21:06:06.349;DEBUG;83160;0000000000000000;BaslerControl::openCamera@63;"第1台Basler相机连接成功"
2025/04/21;21:06:06.349;DEBUG;83160;0000000000000000;BaslerControl::openCamera@43;"尝试连接第2台相机..."
2025/04/21;21:06:06.508;DEBUG;83160;0000000000000000;BaslerControl::openCamera@48;"尝试打开第2台Basler相机..."
2025/04/21;21:06:07.155;DEBUG;83160;0000000000000000;BaslerControl::openCamera@50;"已经打开第2台Basler相机"
2025/04/21;21:06:07.178;DEBUG;83160;0000000000000000;BaslerControl::openCamera@63;"第2台Basler相机连接成功"
2025/04/21;21:06:07.178;DEBUG;83160;0000000000000000;BaslerControl::openCamera@43;"尝试连接第3台相机..."
2025/04/21;21:06:07.342;DEBUG;83160;0000000000000000;BaslerControl::openCamera@48;"尝试打开第3台Basler相机..."
2025/04/21;21:06:07.467;DEBUG;83160;0000000000000000;BaslerControl::openCamera@50;"已经打开第3台Basler相机"
2025/04/21;21:06:07.491;DEBUG;83160;0000000000000000;BaslerControl::openCamera@63;"第3台Basler相机连接成功"
2025/04/21;21:06:37.389;DEBUG;83160;0000000000000000;BaslerControl::openCamera@32;"正在连接Basler相机... ..."
2025/04/21;21:06:37.641;DEBUG;83160;0000000000000000;BaslerControl::openCamera@43;"尝试连接第1台相机..."
2025/04/21;21:06:37.852;DEBUG;83160;0000000000000000;BaslerControl::openCamera@48;"尝试打开第1台Basler相机..."
2025/04/21;21:06:37.931;DEBUG;83160;0000000000000000;BaslerControl::openCamera@50;"已经打开第1台Basler相机"
2025/04/21;21:06:37.947;DEBUG;83160;0000000000000000;BaslerControl::openCamera@63;"第1台Basler相机连接成功"
2025/04/21;21:06:37.947;DEBUG;83160;0000000000000000;BaslerControl::openCamera@43;"尝试连接第2台相机..."
2025/04/21;21:06:38.230;DEBUG;83160;0000000000000000;BaslerControl::openCamera@48;"尝试打开第2台Basler相机..."
2025/04/21;21:06:38.350;DEBUG;83160;0000000000000000;BaslerControl::openCamera@50;"已经打开第2台Basler相机"
2025/04/21;21:06:38.372;DEBUG;83160;0000000000000000;BaslerControl::openCamera@63;"第2台Basler相机连接成功"
2025/04/21;21:06:38.372;DEBUG;83160;0000000000000000;BaslerControl::openCamera@43;"尝试连接第3台相机..."
2025/04/21;21:06:38.756;DEBUG;83160;0000000000000000;BaslerControl::openCamera@48;"尝试打开第3台Basler相机..."
2025/04/21;21:06:38.887;DEBUG;83160;0000000000000000;BaslerControl::openCamera@50;"已经打开第3台Basler相机"
2025/04/21;21:06:38.912;DEBUG;83160;0000000000000000;BaslerControl::openCamera@63;"第3台Basler相机连接成功"
2025/04/21;21:06:38.913;ERROR;83160;0000000000000000;BaslerControl::openCamera@167;"采图失败，退出采图程序。"
2025/04/21;21:06:44.097;DEBUG;88616;0000000000000000;BaslerControl::closeCamera@185;"Basler相机断开连接"
2025/04/21;21:06:49.360;DEBUG;106860;0000000000000000;BaslerControl::openCamera@32;"正在连接Basler相机... ..."
2025/04/21;21:06:49.629;DEBUG;106860;0000000000000000;BaslerControl::openCamera@43;"尝试连接第1台相机..."
2025/04/21;21:06:49.786;DEBUG;106860;0000000000000000;BaslerControl::openCamera@48;"尝试打开第1台Basler相机..."
2025/04/21;21:06:50.367;DEBUG;106860;0000000000000000;BaslerControl::openCamera@50;"已经打开第1台Basler相机"
2025/04/21;21:06:50.384;DEBUG;106860;0000000000000000;BaslerControl::openCamera@63;"第1台Basler相机连接成功"
2025/04/21;21:06:50.384;DEBUG;106860;0000000000000000;BaslerControl::openCamera@43;"尝试连接第2台相机..."
2025/04/21;21:06:50.542;DEBUG;106860;0000000000000000;BaslerControl::openCamera@48;"尝试打开第2台Basler相机..."
2025/04/21;21:06:50.663;DEBUG;106860;0000000000000000;BaslerControl::openCamera@50;"已经打开第2台Basler相机"
2025/04/21;21:06:50.686;DEBUG;106860;0000000000000000;BaslerControl::openCamera@63;"第2台Basler相机连接成功"
2025/04/21;21:06:50.686;DEBUG;106860;0000000000000000;BaslerControl::openCamera@43;"尝试连接第3台相机..."
2025/04/21;21:06:50.849;DEBUG;106860;0000000000000000;BaslerControl::openCamera@48;"尝试打开第3台Basler相机..."
2025/04/21;21:06:50.972;DEBUG;106860;0000000000000000;BaslerControl::openCamera@50;"已经打开第3台Basler相机"
2025/04/21;21:06:50.995;DEBUG;106860;0000000000000000;BaslerControl::openCamera@63;"第3台Basler相机连接成功"
2025/04/21;21:06:53.013;ERROR;106860;0000000000000000;BaslerControl::openCamera@167;"采图失败，退出采图程序。"
2025/04/21;21:06:53.229;DEBUG;34952;0000000000000000;BaslerControl::closeCamera@185;"Basler相机断开连接"
2025/04/21;21:07:22.601;DEBUG;49744;0000000000000000;BaslerControl::openCamera@32;"正在连接Basler相机... ..."
2025/04/21;21:07:22.870;DEBUG;49744;0000000000000000;BaslerControl::openCamera@43;"尝试连接第1台相机..."
2025/04/21;21:07:23.155;DEBUG;49744;0000000000000000;BaslerControl::openCamera@48;"尝试打开第1台Basler相机..."
2025/04/21;21:07:23.307;DEBUG;49744;0000000000000000;BaslerControl::openCamera@50;"已经打开第1台Basler相机"
2025/04/21;21:07:23.342;DEBUG;49744;0000000000000000;BaslerControl::openCamera@63;"第1台Basler相机连接成功"
2025/04/21;21:07:23.342;DEBUG;49744;0000000000000000;BaslerControl::openCamera@43;"尝试连接第2台相机..."
2025/04/21;21:07:23.504;DEBUG;49744;0000000000000000;BaslerControl::openCamera@48;"尝试打开第2台Basler相机..."
2025/04/21;21:07:23.624;DEBUG;49744;0000000000000000;BaslerControl::openCamera@50;"已经打开第2台Basler相机"
2025/04/21;21:07:23.648;DEBUG;49744;0000000000000000;BaslerControl::openCamera@63;"第2台Basler相机连接成功"
2025/04/21;21:07:23.648;DEBUG;49744;0000000000000000;BaslerControl::openCamera@43;"尝试连接第3台相机..."
2025/04/21;21:07:23.811;DEBUG;49744;0000000000000000;BaslerControl::openCamera@48;"尝试打开第3台Basler相机..."
2025/04/21;21:07:23.949;DEBUG;49744;0000000000000000;BaslerControl::openCamera@50;"已经打开第3台Basler相机"
2025/04/21;21:07:23.972;DEBUG;49744;0000000000000000;BaslerControl::openCamera@63;"第3台Basler相机连接成功"
2025/04/21;21:07:31.297;ERROR;49744;0000000000000000;BaslerControl::openCamera@167;"采图失败，退出采图程序。"
2025/04/21;21:07:31.584;DEBUG;15172;0000000000000000;BaslerControl::closeCamera@185;"Basler相机断开连接"
2025/04/21;21:08:34.197;DEBUG;98736;0000000000000000;BaslerControl::openCamera@32;"正在连接Basler相机... ..."
2025/04/21;21:08:34.467;DEBUG;98736;0000000000000000;BaslerControl::openCamera@43;"尝试连接第1台相机..."
2025/04/21;21:08:34.690;DEBUG;98736;0000000000000000;BaslerControl::openCamera@48;"尝试打开第1台Basler相机..."
2025/04/21;21:08:35.274;DEBUG;98736;0000000000000000;BaslerControl::openCamera@50;"已经打开第1台Basler相机"
2025/04/21;21:08:35.290;DEBUG;98736;0000000000000000;BaslerControl::openCamera@63;"第1台Basler相机连接成功"
2025/04/21;21:08:35.290;DEBUG;98736;0000000000000000;BaslerControl::openCamera@43;"尝试连接第2台相机..."
2025/04/21;21:08:35.436;DEBUG;98736;0000000000000000;BaslerControl::openCamera@48;"尝试打开第2台Basler相机..."
2025/04/21;21:08:35.555;DEBUG;98736;0000000000000000;BaslerControl::openCamera@50;"已经打开第2台Basler相机"
2025/04/21;21:08:35.580;DEBUG;98736;0000000000000000;BaslerControl::openCamera@63;"第2台Basler相机连接成功"
2025/04/21;21:08:35.580;DEBUG;98736;0000000000000000;BaslerControl::openCamera@43;"尝试连接第3台相机..."
2025/04/21;21:08:35.734;DEBUG;98736;0000000000000000;BaslerControl::openCamera@48;"尝试打开第3台Basler相机..."
2025/04/21;21:08:35.873;DEBUG;98736;0000000000000000;BaslerControl::openCamera@50;"已经打开第3台Basler相机"
2025/04/21;21:08:35.894;DEBUG;98736;0000000000000000;BaslerControl::openCamera@63;"第3台Basler相机连接成功"
2025/04/21;21:09:24.101;ERROR;98736;0000000000000000;BaslerControl::openCamera@159;"图片保存成功"
2025/04/21;21:10:29.708;ERROR;98736;0000000000000000;BaslerControl::openCamera@159;"图片保存成功"
2025/04/21;21:13:23.966;ERROR;98736;0000000000000000;BaslerControl::openCamera@159;"图片保存成功"
2025/04/21;21:14:45.785;ERROR;98736;0000000000000000;BaslerControl::openCamera@159;"图片保存成功"
2025/04/21;21:19:36.356;ERROR;98736;0000000000000000;BaslerControl::openCamera@168;"采图失败，退出采图程序。"
2025/04/21;21:19:36.647;DEBUG;102416;0000000000000000;BaslerControl::closeCamera@186;"Basler相机断开连接"
2025/04/21;21:20:01.646;DEBUG;63896;0000000000000000;BaslerControl::closeCamera@187;"Basler相机断开连接"
2025/04/21;21:20:25.328;DEBUG;55380;0000000000000000;BaslerControl::openCamera@32;"正在连接Basler相机... ..."
2025/04/21;21:20:25.597;DEBUG;55380;0000000000000000;BaslerControl::openCamera@43;"尝试连接第1台相机..."
2025/04/21;21:20:25.797;DEBUG;55380;0000000000000000;BaslerControl::openCamera@48;"尝试打开第1台Basler相机..."
2025/04/21;21:20:25.895;DEBUG;55380;0000000000000000;BaslerControl::openCamera@50;"已经打开第1台Basler相机"
2025/04/21;21:20:25.913;DEBUG;55380;0000000000000000;BaslerControl::openCamera@63;"第1台Basler相机连接成功"
2025/04/21;21:20:25.913;DEBUG;55380;0000000000000000;BaslerControl::openCamera@43;"尝试连接第2台相机..."
2025/04/21;21:20:26.069;DEBUG;55380;0000000000000000;BaslerControl::openCamera@48;"尝试打开第2台Basler相机..."
2025/04/21;21:20:26.188;DEBUG;55380;0000000000000000;BaslerControl::openCamera@50;"已经打开第2台Basler相机"
2025/04/21;21:20:26.210;DEBUG;55380;0000000000000000;BaslerControl::openCamera@63;"第2台Basler相机连接成功"
2025/04/21;21:20:26.210;DEBUG;55380;0000000000000000;BaslerControl::openCamera@43;"尝试连接第3台相机..."
2025/04/21;21:20:26.374;DEBUG;55380;0000000000000000;BaslerControl::openCamera@48;"尝试打开第3台Basler相机..."
2025/04/21;21:20:26.497;DEBUG;55380;0000000000000000;BaslerControl::openCamera@50;"已经打开第3台Basler相机"
2025/04/21;21:20:26.519;DEBUG;55380;0000000000000000;BaslerControl::openCamera@63;"第3台Basler相机连接成功"
2025/04/21;21:20:30.454;ERROR;55380;0000000000000000;BaslerControl::openCamera@160;"图片保存成功"
2025/04/21;21:22:56.071;ERROR;55380;0000000000000000;BaslerControl::openCamera@169;"采图失败，退出采图程序。"
2025/04/21;21:22:56.342;DEBUG;58452;0000000000000000;BaslerControl::closeCamera@187;"Basler相机断开连接"
2025/04/21;21:23:25.125;DEBUG;108368;0000000000000000;BaslerControl::openCamera@32;"正在连接Basler相机... ..."
2025/04/21;21:23:25.404;DEBUG;108368;0000000000000000;BaslerControl::openCamera@43;"尝试连接第1台相机..."
2025/04/21;21:23:25.702;DEBUG;108368;0000000000000000;BaslerControl::openCamera@48;"尝试打开第1台Basler相机..."
2025/04/21;21:23:26.359;DEBUG;108368;0000000000000000;BaslerControl::openCamera@50;"已经打开第1台Basler相机"
2025/04/21;21:23:26.376;DEBUG;108368;0000000000000000;BaslerControl::openCamera@63;"第1台Basler相机连接成功"
2025/04/21;21:23:26.376;DEBUG;108368;0000000000000000;BaslerControl::openCamera@43;"尝试连接第2台相机..."
2025/04/21;21:23:26.534;DEBUG;108368;0000000000000000;BaslerControl::openCamera@48;"尝试打开第2台Basler相机..."
2025/04/21;21:23:26.656;DEBUG;108368;0000000000000000;BaslerControl::openCamera@50;"已经打开第2台Basler相机"
2025/04/21;21:23:26.679;DEBUG;108368;0000000000000000;BaslerControl::openCamera@63;"第2台Basler相机连接成功"
2025/04/21;21:23:26.679;DEBUG;108368;0000000000000000;BaslerControl::openCamera@43;"尝试连接第3台相机..."
2025/04/21;21:23:26.829;DEBUG;108368;0000000000000000;BaslerControl::openCamera@48;"尝试打开第3台Basler相机..."
2025/04/21;21:23:26.966;DEBUG;108368;0000000000000000;BaslerControl::openCamera@50;"已经打开第3台Basler相机"
2025/04/21;21:23:26.987;DEBUG;108368;0000000000000000;BaslerControl::openCamera@63;"第3台Basler相机连接成功"
2025/04/21;21:31:08.601;ERROR;108368;0000000000000000;BaslerControl::openCamera@160;"图片保存成功"
2025/04/21;21:31:08.993;ERROR;108368;0000000000000000;BaslerControl::openCamera@160;"图片保存成功"
2025/04/21;21:31:09.207;ERROR;108368;0000000000000000;BaslerControl::openCamera@160;"图片保存成功"
2025/04/21;21:31:16.585;ERROR;108368;0000000000000000;BaslerControl::openCamera@160;"图片保存成功"
2025/04/21;21:31:16.767;ERROR;108368;0000000000000000;BaslerControl::openCamera@160;"图片保存成功"
2025/04/21;21:31:16.932;ERROR;108368;0000000000000000;BaslerControl::openCamera@160;"图片保存成功"
2025/04/21;21:31:17.086;ERROR;108368;0000000000000000;BaslerControl::openCamera@160;"图片保存成功"
2025/04/21;21:31:17.239;ERROR;108368;0000000000000000;BaslerControl::openCamera@160;"图片保存成功"
2025/04/21;21:31:17.388;ERROR;108368;0000000000000000;BaslerControl::openCamera@160;"图片保存成功"
2025/04/21;21:31:46.753;ERROR;108368;0000000000000000;BaslerControl::openCamera@160;"图片保存成功"
2025/04/21;21:31:47.125;ERROR;108368;0000000000000000;BaslerControl::openCamera@160;"图片保存成功"
2025/04/21;21:31:47.289;ERROR;108368;0000000000000000;BaslerControl::openCamera@160;"图片保存成功"
2025/04/21;21:31:47.436;ERROR;108368;0000000000000000;BaslerControl::openCamera@160;"图片保存成功"
2025/04/21;21:31:58.082;ERROR;108368;0000000000000000;BaslerControl::openCamera@160;"图片保存成功"
2025/04/21;21:31:58.215;ERROR;108368;0000000000000000;BaslerControl::openCamera@160;"图片保存成功"
2025/04/21;21:31:58.332;ERROR;108368;0000000000000000;BaslerControl::openCamera@160;"图片保存成功"
2025/04/21;21:31:58.450;ERROR;108368;0000000000000000;BaslerControl::openCamera@160;"图片保存成功"
2025/04/21;21:36:16.154;DEBUG;17072;0000000000000000;BaslerControl::openCamera@32;"正在连接Basler相机... ..."
2025/04/21;21:36:16.422;DEBUG;17072;0000000000000000;BaslerControl::openCamera@43;"尝试连接第1台相机..."
2025/04/21;21:36:16.631;DEBUG;17072;0000000000000000;BaslerControl::openCamera@48;"尝试打开第1台Basler相机..."
2025/04/21;21:36:17.221;DEBUG;17072;0000000000000000;BaslerControl::openCamera@50;"已经打开第1台Basler相机"
2025/04/21;21:36:17.238;DEBUG;17072;0000000000000000;BaslerControl::openCamera@63;"第1台Basler相机连接成功"
2025/04/21;21:36:17.238;DEBUG;17072;0000000000000000;BaslerControl::openCamera@43;"尝试连接第2台相机..."
2025/04/21;21:36:17.395;DEBUG;17072;0000000000000000;BaslerControl::openCamera@48;"尝试打开第2台Basler相机..."
2025/04/21;21:36:17.532;DEBUG;17072;0000000000000000;BaslerControl::openCamera@50;"已经打开第2台Basler相机"
2025/04/21;21:36:17.557;DEBUG;17072;0000000000000000;BaslerControl::openCamera@63;"第2台Basler相机连接成功"
2025/04/21;21:36:17.558;DEBUG;17072;0000000000000000;BaslerControl::openCamera@43;"尝试连接第3台相机..."
2025/04/21;21:36:17.720;DEBUG;17072;0000000000000000;BaslerControl::openCamera@48;"尝试打开第3台Basler相机..."
2025/04/21;21:36:17.858;DEBUG;17072;0000000000000000;BaslerControl::openCamera@50;"已经打开第3台Basler相机"
2025/04/21;21:36:17.883;DEBUG;17072;0000000000000000;BaslerControl::openCamera@63;"第3台Basler相机连接成功"
2025/04/21;21:42:29.140;ERROR;17072;0000000000000000;BaslerControl::openCamera@160;"图片保存成功"
2025/04/21;21:51:40.619;ERROR;17072;0000000000000000;BaslerControl::openCamera@169;"采图失败，退出采图程序。"
2025/04/21;21:51:40.757;DEBUG;60652;0000000000000000;BaslerControl::closeCamera@187;"Basler相机断开连接"
2025/04/21;21:52:05.381;DEBUG;54940;0000000000000000;BaslerControl::openCamera@32;"正在连接Basler相机... ..."
2025/04/21;21:52:05.652;DEBUG;54940;0000000000000000;BaslerControl::openCamera@43;"尝试连接第1台相机..."
2025/04/21;21:52:05.928;DEBUG;54940;0000000000000000;BaslerControl::openCamera@48;"尝试打开第1台Basler相机..."
2025/04/21;21:52:06.068;DEBUG;54940;0000000000000000;BaslerControl::openCamera@50;"已经打开第1台Basler相机"
2025/04/21;21:52:06.085;DEBUG;54940;0000000000000000;BaslerControl::openCamera@63;"第1台Basler相机连接成功"
2025/04/21;21:52:06.085;DEBUG;54940;0000000000000000;BaslerControl::openCamera@43;"尝试连接第2台相机..."
2025/04/21;21:52:06.243;DEBUG;54940;0000000000000000;BaslerControl::openCamera@48;"尝试打开第2台Basler相机..."
2025/04/21;21:52:06.368;DEBUG;54940;0000000000000000;BaslerControl::openCamera@50;"已经打开第2台Basler相机"
2025/04/21;21:52:06.390;DEBUG;54940;0000000000000000;BaslerControl::openCamera@63;"第2台Basler相机连接成功"
2025/04/21;21:52:06.390;DEBUG;54940;0000000000000000;BaslerControl::openCamera@43;"尝试连接第3台相机..."
2025/04/21;21:52:06.541;DEBUG;54940;0000000000000000;BaslerControl::openCamera@48;"尝试打开第3台Basler相机..."
2025/04/21;21:52:06.680;DEBUG;54940;0000000000000000;BaslerControl::openCamera@50;"已经打开第3台Basler相机"
2025/04/21;21:52:06.703;DEBUG;54940;0000000000000000;BaslerControl::openCamera@63;"第3台Basler相机连接成功"
2025/04/21;21:52:10.349;ERROR;54940;0000000000000000;BaslerControl::openCamera@160;"图片保存成功"
2025/04/21;21:52:21.931;ERROR;54940;0000000000000000;BaslerControl::openCamera@160;"图片保存成功"
2025/04/21;21:52:30.733;ERROR;54940;0000000000000000;BaslerControl::openCamera@160;"图片保存成功"
2025/04/21;21:53:12.139;ERROR;54940;0000000000000000;BaslerControl::openCamera@169;"采图失败，退出采图程序。"
2025/04/21;21:53:12.365;DEBUG;23992;0000000000000000;BaslerControl::closeCamera@187;"Basler相机断开连接"
2025/04/21;21:54:05.651;DEBUG;76688;0000000000000000;BaslerControl::openCamera@32;"正在连接Basler相机... ..."
2025/04/21;21:54:05.920;DEBUG;76688;0000000000000000;BaslerControl::openCamera@43;"尝试连接第1台相机..."
2025/04/21;21:54:06.160;DEBUG;76688;0000000000000000;BaslerControl::openCamera@48;"尝试打开第1台Basler相机..."
2025/04/21;21:54:06.256;DEBUG;76688;0000000000000000;BaslerControl::openCamera@50;"已经打开第1台Basler相机"
2025/04/21;21:54:06.272;DEBUG;76688;0000000000000000;BaslerControl::openCamera@63;"第1台Basler相机连接成功"
2025/04/21;21:54:06.272;DEBUG;76688;0000000000000000;BaslerControl::openCamera@43;"尝试连接第2台相机..."
2025/04/21;21:54:06.433;DEBUG;76688;0000000000000000;BaslerControl::openCamera@48;"尝试打开第2台Basler相机..."
2025/04/21;21:54:06.555;DEBUG;76688;0000000000000000;BaslerControl::openCamera@50;"已经打开第2台Basler相机"
2025/04/21;21:54:06.580;DEBUG;76688;0000000000000000;BaslerControl::openCamera@63;"第2台Basler相机连接成功"
2025/04/21;21:54:06.580;DEBUG;76688;0000000000000000;BaslerControl::openCamera@43;"尝试连接第3台相机..."
2025/04/21;21:54:06.743;DEBUG;76688;0000000000000000;BaslerControl::openCamera@48;"尝试打开第3台Basler相机..."
2025/04/21;21:54:06.884;DEBUG;76688;0000000000000000;BaslerControl::openCamera@50;"已经打开第3台Basler相机"
2025/04/21;21:54:06.908;DEBUG;76688;0000000000000000;BaslerControl::openCamera@63;"第3台Basler相机连接成功"
2025/04/21;21:54:41.451;ERROR;76688;0000000000000000;BaslerControl::openCamera@169;"采图失败，退出采图程序。"
2025/04/21;21:54:41.821;DEBUG;104064;0000000000000000;BaslerControl::closeCamera@187;"Basler相机断开连接"
2025/04/21;21:59:03.722;DEBUG;20968;0000000000000000;BaslerControl::closeCamera@187;"Basler相机断开连接"
2025/04/21;21:59:40.361;DEBUG;19968;0000000000000000;BaslerControl::openCamera@32;"正在连接Basler相机... ..."
2025/04/21;21:59:40.632;DEBUG;19968;0000000000000000;BaslerControl::openCamera@43;"尝试连接第1台相机..."
2025/04/21;21:59:40.825;DEBUG;19968;0000000000000000;BaslerControl::openCamera@48;"尝试打开第1台Basler相机..."
2025/04/21;21:59:40.908;DEBUG;19968;0000000000000000;BaslerControl::openCamera@50;"已经打开第1台Basler相机"
2025/04/21;21:59:40.925;DEBUG;19968;0000000000000000;BaslerControl::openCamera@63;"第1台Basler相机连接成功"
2025/04/21;21:59:40.925;DEBUG;19968;0000000000000000;BaslerControl::openCamera@43;"尝试连接第2台相机..."
2025/04/21;21:59:41.072;DEBUG;19968;0000000000000000;BaslerControl::openCamera@48;"尝试打开第2台Basler相机..."
2025/04/21;21:59:41.191;DEBUG;19968;0000000000000000;BaslerControl::openCamera@50;"已经打开第2台Basler相机"
2025/04/21;21:59:41.214;DEBUG;19968;0000000000000000;BaslerControl::openCamera@63;"第2台Basler相机连接成功"
2025/04/21;21:59:41.214;DEBUG;19968;0000000000000000;BaslerControl::openCamera@43;"尝试连接第3台相机..."
2025/04/21;21:59:41.376;DEBUG;19968;0000000000000000;BaslerControl::openCamera@48;"尝试打开第3台Basler相机..."
2025/04/21;21:59:41.514;DEBUG;19968;0000000000000000;BaslerControl::openCamera@50;"已经打开第3台Basler相机"
2025/04/21;21:59:41.536;DEBUG;19968;0000000000000000;BaslerControl::openCamera@63;"第3台Basler相机连接成功"
2025/04/21;22:01:54.952;ERROR;19968;0000000000000000;BaslerControl::openCamera@169;"采图失败，退出采图程序。"
2025/04/21;22:01:55.121;DEBUG;70748;0000000000000000;BaslerControl::closeCamera@187;"Basler相机断开连接"
2025/04/21;22:02:14.938;DEBUG;24148;0000000000000000;BaslerControl::openCamera@32;"正在连接Basler相机... ..."
2025/04/21;22:02:15.209;DEBUG;24148;0000000000000000;BaslerControl::openCamera@43;"尝试连接第1台相机..."
2025/04/21;22:02:15.415;DEBUG;24148;0000000000000000;BaslerControl::openCamera@48;"尝试打开第1台Basler相机..."
2025/04/21;22:02:16.006;DEBUG;24148;0000000000000000;BaslerControl::openCamera@50;"已经打开第1台Basler相机"
2025/04/21;22:02:16.022;DEBUG;24148;0000000000000000;BaslerControl::openCamera@63;"第1台Basler相机连接成功"
2025/04/21;22:02:16.022;DEBUG;24148;0000000000000000;BaslerControl::openCamera@43;"尝试连接第2台相机..."
2025/04/21;22:02:16.183;DEBUG;24148;0000000000000000;BaslerControl::openCamera@48;"尝试打开第2台Basler相机..."
2025/04/21;22:02:16.322;DEBUG;24148;0000000000000000;BaslerControl::openCamera@50;"已经打开第2台Basler相机"
2025/04/21;22:02:16.346;DEBUG;24148;0000000000000000;BaslerControl::openCamera@63;"第2台Basler相机连接成功"
2025/04/21;22:02:16.346;DEBUG;24148;0000000000000000;BaslerControl::openCamera@43;"尝试连接第3台相机..."
2025/04/21;22:02:16.511;DEBUG;24148;0000000000000000;BaslerControl::openCamera@48;"尝试打开第3台Basler相机..."
2025/04/21;22:02:16.651;DEBUG;24148;0000000000000000;BaslerControl::openCamera@50;"已经打开第3台Basler相机"
2025/04/21;22:02:16.676;DEBUG;24148;0000000000000000;BaslerControl::openCamera@63;"第3台Basler相机连接成功"
2025/04/21;22:02:18.548;ERROR;24148;0000000000000000;BaslerControl::openCamera@160;"图片保存成功"
2025/04/21;22:02:34.688;ERROR;24148;0000000000000000;BaslerControl::openCamera@169;"采图失败，退出采图程序。"
2025/04/21;22:02:34.824;DEBUG;85084;0000000000000000;BaslerControl::closeCamera@187;"Basler相机断开连接"
2025/04/21;22:03:20.432;DEBUG;73788;0000000000000000;BaslerControl::openCamera@32;"正在连接Basler相机... ..."
2025/04/21;22:03:20.701;DEBUG;73788;0000000000000000;BaslerControl::openCamera@43;"尝试连接第1台相机..."
2025/04/21;22:03:20.894;DEBUG;73788;0000000000000000;BaslerControl::openCamera@48;"尝试打开第1台Basler相机..."
2025/04/21;22:03:20.978;DEBUG;73788;0000000000000000;BaslerControl::openCamera@50;"已经打开第1台Basler相机"
2025/04/21;22:03:20.994;DEBUG;73788;0000000000000000;BaslerControl::openCamera@63;"第1台Basler相机连接成功"
2025/04/21;22:03:20.994;DEBUG;73788;0000000000000000;BaslerControl::openCamera@43;"尝试连接第2台相机..."
2025/04/21;22:03:21.155;DEBUG;73788;0000000000000000;BaslerControl::openCamera@48;"尝试打开第2台Basler相机..."
2025/04/21;22:03:21.279;DEBUG;73788;0000000000000000;BaslerControl::openCamera@50;"已经打开第2台Basler相机"
2025/04/21;22:03:21.302;DEBUG;73788;0000000000000000;BaslerControl::openCamera@63;"第2台Basler相机连接成功"
2025/04/21;22:03:21.302;DEBUG;73788;0000000000000000;BaslerControl::openCamera@43;"尝试连接第3台相机..."
2025/04/21;22:03:21.450;DEBUG;73788;0000000000000000;BaslerControl::openCamera@48;"尝试打开第3台Basler相机..."
2025/04/21;22:03:21.591;DEBUG;73788;0000000000000000;BaslerControl::openCamera@50;"已经打开第3台Basler相机"
2025/04/21;22:03:21.615;DEBUG;73788;0000000000000000;BaslerControl::openCamera@63;"第3台Basler相机连接成功"
2025/04/21;22:04:06.760;DEBUG;85460;0000000000000000;BaslerControl::openCamera@32;"正在连接Basler相机... ..."
2025/04/21;22:04:07.029;DEBUG;85460;0000000000000000;BaslerControl::openCamera@43;"尝试连接第1台相机..."
2025/04/21;22:04:07.327;DEBUG;85460;0000000000000000;BaslerControl::openCamera@48;"尝试打开第1台Basler相机..."
2025/04/21;22:04:07.922;DEBUG;85460;0000000000000000;BaslerControl::openCamera@50;"已经打开第1台Basler相机"
2025/04/21;22:04:07.940;DEBUG;85460;0000000000000000;BaslerControl::openCamera@63;"第1台Basler相机连接成功"
2025/04/21;22:04:07.940;DEBUG;85460;0000000000000000;BaslerControl::openCamera@43;"尝试连接第2台相机..."
2025/04/21;22:04:08.092;DEBUG;85460;0000000000000000;BaslerControl::openCamera@48;"尝试打开第2台Basler相机..."
2025/04/21;22:04:08.216;DEBUG;85460;0000000000000000;BaslerControl::openCamera@50;"已经打开第2台Basler相机"
2025/04/21;22:04:08.238;DEBUG;85460;0000000000000000;BaslerControl::openCamera@63;"第2台Basler相机连接成功"
2025/04/21;22:04:08.238;DEBUG;85460;0000000000000000;BaslerControl::openCamera@43;"尝试连接第3台相机..."
2025/04/21;22:04:08.404;DEBUG;85460;0000000000000000;BaslerControl::openCamera@48;"尝试打开第3台Basler相机..."
2025/04/21;22:04:08.530;DEBUG;85460;0000000000000000;BaslerControl::openCamera@50;"已经打开第3台Basler相机"
2025/04/21;22:04:08.552;DEBUG;85460;0000000000000000;BaslerControl::openCamera@63;"第3台Basler相机连接成功"
2025/04/22;09:14:35.501;DEBUG;11176;0000000000000000;BaslerControl::openCamera@32;"正在连接Basler相机... ..."
2025/04/22;09:14:35.811;DEBUG;11176;0000000000000000;BaslerControl::openCamera@43;"尝试连接第1台相机..."
2025/04/22;09:14:36.102;DEBUG;11176;0000000000000000;BaslerControl::openCamera@48;"尝试打开第1台Basler相机..."
2025/04/22;09:14:36.241;DEBUG;11176;0000000000000000;BaslerControl::openCamera@50;"已经打开第1台Basler相机"
2025/04/22;09:14:36.275;DEBUG;11176;0000000000000000;BaslerControl::openCamera@63;"第1台Basler相机连接成功"
2025/04/22;09:14:36.275;DEBUG;11176;0000000000000000;BaslerControl::openCamera@43;"尝试连接第2台相机..."
2025/04/22;09:14:36.424;DEBUG;11176;0000000000000000;BaslerControl::openCamera@48;"尝试打开第2台Basler相机..."
2025/04/22;09:14:36.547;DEBUG;11176;0000000000000000;BaslerControl::openCamera@50;"已经打开第2台Basler相机"
2025/04/22;09:14:36.572;DEBUG;11176;0000000000000000;BaslerControl::openCamera@63;"第2台Basler相机连接成功"
2025/04/22;09:14:36.572;DEBUG;11176;0000000000000000;BaslerControl::openCamera@43;"尝试连接第3台相机..."
2025/04/22;09:14:36.725;DEBUG;11176;0000000000000000;BaslerControl::openCamera@48;"尝试打开第3台Basler相机..."
2025/04/22;09:14:36.851;DEBUG;11176;0000000000000000;BaslerControl::openCamera@50;"已经打开第3台Basler相机"
2025/04/22;09:14:36.876;DEBUG;11176;0000000000000000;BaslerControl::openCamera@63;"第3台Basler相机连接成功"
2025/04/22;09:14:39.479;DEBUG;53536;0000000000000000;BaslerControl::closeCamera@187;"Basler相机断开连接"
2025/04/22;09:17:27.752;DEBUG;21356;0000000000000000;BaslerControl::openCamera@32;"正在连接Basler相机... ..."
2025/04/22;09:17:28.024;DEBUG;21356;0000000000000000;BaslerControl::openCamera@43;"尝试连接第1台相机..."
2025/04/22;09:17:28.310;DEBUG;21356;0000000000000000;BaslerControl::openCamera@48;"尝试打开第1台Basler相机..."
2025/04/22;09:17:28.458;DEBUG;21356;0000000000000000;BaslerControl::openCamera@50;"已经打开第1台Basler相机"
2025/04/22;09:17:28.490;DEBUG;21356;0000000000000000;BaslerControl::openCamera@63;"第1台Basler相机连接成功"
2025/04/22;09:17:28.490;DEBUG;21356;0000000000000000;BaslerControl::openCamera@43;"尝试连接第2台相机..."
2025/04/22;09:17:28.650;DEBUG;21356;0000000000000000;BaslerControl::openCamera@48;"尝试打开第2台Basler相机..."
2025/04/22;09:17:28.774;DEBUG;21356;0000000000000000;BaslerControl::openCamera@50;"已经打开第2台Basler相机"
2025/04/22;09:17:28.798;DEBUG;21356;0000000000000000;BaslerControl::openCamera@63;"第2台Basler相机连接成功"
2025/04/22;09:17:28.798;DEBUG;21356;0000000000000000;BaslerControl::openCamera@43;"尝试连接第3台相机..."
2025/04/22;09:17:28.954;DEBUG;21356;0000000000000000;BaslerControl::openCamera@48;"尝试打开第3台Basler相机..."
2025/04/22;09:17:29.093;DEBUG;21356;0000000000000000;BaslerControl::openCamera@50;"已经打开第3台Basler相机"
2025/04/22;09:17:29.117;DEBUG;21356;0000000000000000;BaslerControl::openCamera@63;"第3台Basler相机连接成功"
2025/04/22;09:17:33.807;ERROR;21356;0000000000000000;BaslerControl::openCamera@160;"图片保存成功"
2025/04/22;09:18:03.452;ERROR;21356;0000000000000000;BaslerControl::openCamera@160;"图片保存成功"
2025/04/22;09:18:24.816;ERROR;21356;0000000000000000;BaslerControl::openCamera@160;"图片保存成功"
2025/04/22;09:19:02.858;ERROR;21356;0000000000000000;BaslerControl::openCamera@160;"图片保存成功"
2025/04/22;09:19:36.301;ERROR;21356;0000000000000000;BaslerControl::openCamera@160;"图片保存成功"
2025/04/22;09:19:50.943;ERROR;21356;0000000000000000;BaslerControl::openCamera@160;"图片保存成功"
2025/04/22;09:20:19.125;ERROR;21356;0000000000000000;BaslerControl::openCamera@160;"图片保存成功"
2025/04/22;09:20:35.255;ERROR;21356;0000000000000000;BaslerControl::openCamera@160;"图片保存成功"
2025/04/22;09:20:46.118;ERROR;21356;0000000000000000;BaslerControl::openCamera@160;"图片保存成功"
2025/04/22;09:20:52.319;ERROR;21356;0000000000000000;BaslerControl::openCamera@160;"图片保存成功"
2025/04/22;09:21:10.128;ERROR;21356;0000000000000000;BaslerControl::openCamera@160;"图片保存成功"
2025/04/22;09:21:26.104;ERROR;21356;0000000000000000;BaslerControl::openCamera@160;"图片保存成功"
2025/04/22;09:21:39.437;ERROR;21356;0000000000000000;BaslerControl::openCamera@160;"图片保存成功"
2025/04/22;09:22:08.766;ERROR;21356;0000000000000000;BaslerControl::openCamera@160;"图片保存成功"
2025/04/22;09:24:09.455;ERROR;21356;0000000000000000;BaslerControl::openCamera@160;"图片保存成功"
2025/04/22;09:24:27.858;ERROR;21356;0000000000000000;BaslerControl::openCamera@160;"图片保存成功"
2025/04/22;09:24:37.447;ERROR;21356;0000000000000000;BaslerControl::openCamera@160;"图片保存成功"
2025/04/22;09:24:56.020;ERROR;21356;0000000000000000;BaslerControl::openCamera@160;"图片保存成功"
2025/04/22;09:25:11.031;ERROR;21356;0000000000000000;BaslerControl::openCamera@160;"图片保存成功"
2025/04/22;09:25:30.176;ERROR;21356;0000000000000000;BaslerControl::openCamera@160;"图片保存成功"
2025/04/22;09:26:01.200;ERROR;21356;0000000000000000;BaslerControl::openCamera@160;"图片保存成功"
2025/04/22;09:26:22.438;ERROR;21356;0000000000000000;BaslerControl::openCamera@160;"图片保存成功"
2025/04/22;09:26:47.418;ERROR;21356;0000000000000000;BaslerControl::openCamera@160;"图片保存成功"
2025/04/22;09:29:44.310;DEBUG;77228;0000000000000000;BaslerControl::openCamera@32;"正在连接Basler相机... ..."
2025/04/22;09:29:44.581;DEBUG;77228;0000000000000000;BaslerControl::openCamera@43;"尝试连接第1台相机..."
2025/04/22;09:29:44.767;DEBUG;77228;0000000000000000;BaslerControl::openCamera@48;"尝试打开第1台Basler相机..."
2025/04/22;09:29:44.848;DEBUG;77228;0000000000000000;BaslerControl::openCamera@50;"已经打开第1台Basler相机"
2025/04/22;09:29:44.865;DEBUG;77228;0000000000000000;BaslerControl::openCamera@63;"第1台Basler相机连接成功"
2025/04/22;09:29:44.865;DEBUG;77228;0000000000000000;BaslerControl::openCamera@43;"尝试连接第2台相机..."
2025/04/22;09:29:45.013;DEBUG;77228;0000000000000000;BaslerControl::openCamera@48;"尝试打开第2台Basler相机..."
2025/04/22;09:29:45.130;DEBUG;77228;0000000000000000;BaslerControl::openCamera@50;"已经打开第2台Basler相机"
2025/04/22;09:29:45.153;DEBUG;77228;0000000000000000;BaslerControl::openCamera@63;"第2台Basler相机连接成功"
2025/04/22;09:29:45.153;DEBUG;77228;0000000000000000;BaslerControl::openCamera@43;"尝试连接第3台相机..."
2025/04/22;09:29:45.309;DEBUG;77228;0000000000000000;BaslerControl::openCamera@48;"尝试打开第3台Basler相机..."
2025/04/22;09:29:45.433;DEBUG;77228;0000000000000000;BaslerControl::openCamera@50;"已经打开第3台Basler相机"
2025/04/22;09:29:45.457;DEBUG;77228;0000000000000000;BaslerControl::openCamera@63;"第3台Basler相机连接成功"
2025/04/22;09:31:13.609;ERROR;77228;0000000000000000;BaslerControl::openCamera@169;"采图失败，退出采图程序。"
2025/04/22;09:31:13.937;DEBUG;56060;0000000000000000;BaslerControl::closeCamera@187;"Basler相机断开连接"
2025/04/22;09:31:55.466;DEBUG;17392;0000000000000000;BaslerControl::openCamera@32;"正在连接Basler相机... ..."
2025/04/22;09:31:55.736;DEBUG;17392;0000000000000000;BaslerControl::openCamera@43;"尝试连接第1台相机..."
2025/04/22;09:31:56.002;DEBUG;17392;0000000000000000;BaslerControl::openCamera@48;"尝试打开第1台Basler相机..."
2025/04/22;09:31:56.084;DEBUG;17392;0000000000000000;BaslerControl::openCamera@50;"已经打开第1台Basler相机"
2025/04/22;09:31:56.100;DEBUG;17392;0000000000000000;BaslerControl::openCamera@63;"第1台Basler相机连接成功"
2025/04/22;09:31:56.101;DEBUG;17392;0000000000000000;BaslerControl::openCamera@43;"尝试连接第2台相机..."
2025/04/22;09:31:56.246;DEBUG;17392;0000000000000000;BaslerControl::openCamera@48;"尝试打开第2台Basler相机..."
2025/04/22;09:31:56.373;DEBUG;17392;0000000000000000;BaslerControl::openCamera@50;"已经打开第2台Basler相机"
2025/04/22;09:31:56.396;DEBUG;17392;0000000000000000;BaslerControl::openCamera@63;"第2台Basler相机连接成功"
2025/04/22;09:31:56.396;DEBUG;17392;0000000000000000;BaslerControl::openCamera@43;"尝试连接第3台相机..."
2025/04/22;09:31:56.554;DEBUG;17392;0000000000000000;BaslerControl::openCamera@48;"尝试打开第3台Basler相机..."
2025/04/22;09:31:56.692;DEBUG;17392;0000000000000000;BaslerControl::openCamera@50;"已经打开第3台Basler相机"
2025/04/22;09:31:56.716;DEBUG;17392;0000000000000000;BaslerControl::openCamera@63;"第3台Basler相机连接成功"
2025/04/22;09:32:17.338;ERROR;17392;0000000000000000;BaslerControl::openCamera@169;"采图失败，退出采图程序。"
2025/04/22;09:32:17.621;DEBUG;92580;0000000000000000;BaslerControl::closeCamera@187;"Basler相机断开连接"
2025/04/22;09:32:46.751;DEBUG;29600;0000000000000000;BaslerControl::openCamera@32;"正在连接Basler相机... ..."
2025/04/22;09:32:47.021;DEBUG;29600;0000000000000000;BaslerControl::openCamera@43;"尝试连接第1台相机..."
2025/04/22;09:32:47.296;DEBUG;29600;0000000000000000;BaslerControl::openCamera@48;"尝试打开第1台Basler相机..."
2025/04/22;09:32:47.921;DEBUG;29600;0000000000000000;BaslerControl::openCamera@50;"已经打开第1台Basler相机"
2025/04/22;09:32:47.937;DEBUG;29600;0000000000000000;BaslerControl::openCamera@63;"第1台Basler相机连接成功"
2025/04/22;09:32:47.937;DEBUG;29600;0000000000000000;BaslerControl::openCamera@43;"尝试连接第2台相机..."
2025/04/22;09:32:48.081;DEBUG;29600;0000000000000000;BaslerControl::openCamera@48;"尝试打开第2台Basler相机..."
2025/04/22;09:32:48.204;DEBUG;29600;0000000000000000;BaslerControl::openCamera@50;"已经打开第2台Basler相机"
2025/04/22;09:32:48.228;DEBUG;29600;0000000000000000;BaslerControl::openCamera@63;"第2台Basler相机连接成功"
2025/04/22;09:32:48.228;DEBUG;29600;0000000000000000;BaslerControl::openCamera@43;"尝试连接第3台相机..."
2025/04/22;09:32:48.382;DEBUG;29600;0000000000000000;BaslerControl::openCamera@48;"尝试打开第3台Basler相机..."
2025/04/22;09:32:48.507;DEBUG;29600;0000000000000000;BaslerControl::openCamera@50;"已经打开第3台Basler相机"
2025/04/22;09:32:48.529;DEBUG;29600;0000000000000000;BaslerControl::openCamera@63;"第3台Basler相机连接成功"
2025/04/22;09:33:19.365;ERROR;29600;0000000000000000;BaslerControl::openCamera@169;"采图失败，退出采图程序。"
2025/04/22;09:33:19.642;DEBUG;41268;0000000000000000;BaslerControl::closeCamera@187;"Basler相机断开连接"
2025/04/22;09:33:53.662;DEBUG;78368;0000000000000000;BaslerControl::openCamera@32;"正在连接Basler相机... ..."
2025/04/22;09:33:53.933;DEBUG;78368;0000000000000000;BaslerControl::openCamera@43;"尝试连接第1台相机..."
2025/04/22;09:33:54.229;DEBUG;78368;0000000000000000;BaslerControl::openCamera@48;"尝试打开第1台Basler相机..."
2025/04/22;09:33:54.329;DEBUG;78368;0000000000000000;BaslerControl::openCamera@50;"已经打开第1台Basler相机"
2025/04/22;09:33:54.348;DEBUG;78368;0000000000000000;BaslerControl::openCamera@63;"第1台Basler相机连接成功"
2025/04/22;09:33:54.348;DEBUG;78368;0000000000000000;BaslerControl::openCamera@43;"尝试连接第2台相机..."
2025/04/22;09:33:54.503;DEBUG;78368;0000000000000000;BaslerControl::openCamera@48;"尝试打开第2台Basler相机..."
2025/04/22;09:33:54.628;DEBUG;78368;0000000000000000;BaslerControl::openCamera@50;"已经打开第2台Basler相机"
2025/04/22;09:33:54.651;DEBUG;78368;0000000000000000;BaslerControl::openCamera@63;"第2台Basler相机连接成功"
2025/04/22;09:33:54.651;DEBUG;78368;0000000000000000;BaslerControl::openCamera@43;"尝试连接第3台相机..."
2025/04/22;09:33:54.801;DEBUG;78368;0000000000000000;BaslerControl::openCamera@48;"尝试打开第3台Basler相机..."
2025/04/22;09:33:54.924;DEBUG;78368;0000000000000000;BaslerControl::openCamera@50;"已经打开第3台Basler相机"
2025/04/22;09:33:54.947;DEBUG;78368;0000000000000000;BaslerControl::openCamera@63;"第3台Basler相机连接成功"
2025/04/22;09:41:24.580;DEBUG;33260;0000000000000000;BaslerControl::openCamera@32;"正在连接Basler相机... ..."
2025/04/22;09:41:24.850;DEBUG;33260;0000000000000000;BaslerControl::openCamera@43;"尝试连接第1台相机..."
2025/04/22;09:41:25.127;DEBUG;33260;0000000000000000;BaslerControl::openCamera@48;"尝试打开第1台Basler相机..."
2025/04/22;09:41:25.249;DEBUG;33260;0000000000000000;BaslerControl::openCamera@50;"已经打开第1台Basler相机"
2025/04/22;09:41:25.265;DEBUG;33260;0000000000000000;BaslerControl::openCamera@63;"第1台Basler相机连接成功"
2025/04/22;09:41:25.265;DEBUG;33260;0000000000000000;BaslerControl::openCamera@43;"尝试连接第2台相机..."
2025/04/22;09:41:25.415;DEBUG;33260;0000000000000000;BaslerControl::openCamera@48;"尝试打开第2台Basler相机..."
2025/04/22;09:41:26.053;DEBUG;33260;0000000000000000;BaslerControl::openCamera@50;"已经打开第2台Basler相机"
2025/04/22;09:41:26.077;DEBUG;33260;0000000000000000;BaslerControl::openCamera@63;"第2台Basler相机连接成功"
2025/04/22;09:41:26.077;DEBUG;33260;0000000000000000;BaslerControl::openCamera@43;"尝试连接第3台相机..."
2025/04/22;09:41:26.225;DEBUG;33260;0000000000000000;BaslerControl::openCamera@48;"尝试打开第3台Basler相机..."
2025/04/22;09:41:26.349;DEBUG;33260;0000000000000000;BaslerControl::openCamera@50;"已经打开第3台Basler相机"
2025/04/22;09:41:26.372;DEBUG;33260;0000000000000000;BaslerControl::openCamera@63;"第3台Basler相机连接成功"
2025/04/22;10:18:01.615;ERROR;33260;0000000000000000;BaslerControl::openCamera@169;"采图失败，退出采图程序。"
2025/04/22;10:18:02.008;DEBUG;32376;0000000000000000;BaslerControl::closeCamera@187;"Basler相机断开连接"
2025/04/22;10:18:46.713;DEBUG;57056;0000000000000000;BaslerControl::openCamera@32;"正在连接Basler相机... ..."
2025/04/22;10:18:46.986;DEBUG;57056;0000000000000000;BaslerControl::openCamera@43;"尝试连接第1台相机..."
2025/04/22;10:18:47.256;DEBUG;57056;0000000000000000;BaslerControl::openCamera@48;"尝试打开第1台Basler相机..."
2025/04/22;10:18:47.838;DEBUG;57056;0000000000000000;BaslerControl::openCamera@50;"已经打开第1台Basler相机"
2025/04/22;10:18:47.857;DEBUG;57056;0000000000000000;BaslerControl::openCamera@63;"第1台Basler相机连接成功"
2025/04/22;10:18:47.857;DEBUG;57056;0000000000000000;BaslerControl::openCamera@43;"尝试连接第2台相机..."
2025/04/22;10:18:48.011;DEBUG;57056;0000000000000000;BaslerControl::openCamera@48;"尝试打开第2台Basler相机..."
2025/04/22;10:18:48.137;DEBUG;57056;0000000000000000;BaslerControl::openCamera@50;"已经打开第2台Basler相机"
2025/04/22;10:18:48.161;DEBUG;57056;0000000000000000;BaslerControl::openCamera@63;"第2台Basler相机连接成功"
2025/04/22;10:18:48.161;DEBUG;57056;0000000000000000;BaslerControl::openCamera@43;"尝试连接第3台相机..."
2025/04/22;10:18:48.321;DEBUG;57056;0000000000000000;BaslerControl::openCamera@48;"尝试打开第3台Basler相机..."
2025/04/22;10:18:48.448;DEBUG;57056;0000000000000000;BaslerControl::openCamera@50;"已经打开第3台Basler相机"
2025/04/22;10:18:48.473;DEBUG;57056;0000000000000000;BaslerControl::openCamera@63;"第3台Basler相机连接成功"
2025/04/22;10:23:19.072;ERROR;57056;0000000000000000;BaslerControl::openCamera@169;"采图失败，退出采图程序。"
2025/04/22;10:23:19.414;DEBUG;60464;0000000000000000;BaslerControl::closeCamera@187;"Basler相机断开连接"
2025/04/22;10:23:43.377;DEBUG;106764;0000000000000000;BaslerControl::openCamera@32;"正在连接Basler相机... ..."
2025/04/22;10:23:43.646;DEBUG;106764;0000000000000000;BaslerControl::openCamera@43;"尝试连接第1台相机..."
2025/04/22;10:23:43.818;DEBUG;106764;0000000000000000;BaslerControl::openCamera@48;"尝试打开第1台Basler相机..."
2025/04/22;10:23:43.915;DEBUG;106764;0000000000000000;BaslerControl::openCamera@50;"已经打开第1台Basler相机"
2025/04/22;10:23:43.932;DEBUG;106764;0000000000000000;BaslerControl::openCamera@63;"第1台Basler相机连接成功"
2025/04/22;10:23:43.932;DEBUG;106764;0000000000000000;BaslerControl::openCamera@43;"尝试连接第2台相机..."
2025/04/22;10:23:44.079;DEBUG;106764;0000000000000000;BaslerControl::openCamera@48;"尝试打开第2台Basler相机..."
2025/04/22;10:23:44.196;DEBUG;106764;0000000000000000;BaslerControl::openCamera@50;"已经打开第2台Basler相机"
2025/04/22;10:23:44.219;DEBUG;106764;0000000000000000;BaslerControl::openCamera@63;"第2台Basler相机连接成功"
2025/04/22;10:23:44.219;DEBUG;106764;0000000000000000;BaslerControl::openCamera@43;"尝试连接第3台相机..."
2025/04/22;10:23:44.367;DEBUG;106764;0000000000000000;BaslerControl::openCamera@48;"尝试打开第3台Basler相机..."
2025/04/22;10:23:44.490;DEBUG;106764;0000000000000000;BaslerControl::openCamera@50;"已经打开第3台Basler相机"
2025/04/22;10:23:44.513;DEBUG;106764;0000000000000000;BaslerControl::openCamera@63;"第3台Basler相机连接成功"
2025/04/22;10:23:58.933;ERROR;106764;0000000000000000;BaslerControl::openCamera@169;"采图失败，退出采图程序。"
2025/04/22;10:23:59.208;DEBUG;29500;0000000000000000;BaslerControl::closeCamera@187;"Basler相机断开连接"
2025/04/22;10:24:35.983;DEBUG;97784;0000000000000000;BaslerControl::openCamera@32;"正在连接Basler相机... ..."
2025/04/22;10:24:36.253;DEBUG;97784;0000000000000000;BaslerControl::openCamera@43;"尝试连接第1台相机..."
2025/04/22;10:24:36.534;DEBUG;97784;0000000000000000;BaslerControl::openCamera@48;"尝试打开第1台Basler相机..."
2025/04/22;10:24:36.631;DEBUG;97784;0000000000000000;BaslerControl::openCamera@50;"已经打开第1台Basler相机"
2025/04/22;10:24:36.648;DEBUG;97784;0000000000000000;BaslerControl::openCamera@63;"第1台Basler相机连接成功"
2025/04/22;10:24:36.648;DEBUG;97784;0000000000000000;BaslerControl::openCamera@43;"尝试连接第2台相机..."
2025/04/22;10:24:36.807;DEBUG;97784;0000000000000000;BaslerControl::openCamera@48;"尝试打开第2台Basler相机..."
2025/04/22;10:24:36.933;DEBUG;97784;0000000000000000;BaslerControl::openCamera@50;"已经打开第2台Basler相机"
2025/04/22;10:24:36.958;DEBUG;97784;0000000000000000;BaslerControl::openCamera@63;"第2台Basler相机连接成功"
2025/04/22;10:24:36.958;DEBUG;97784;0000000000000000;BaslerControl::openCamera@43;"尝试连接第3台相机..."
2025/04/22;10:24:37.120;DEBUG;97784;0000000000000000;BaslerControl::openCamera@48;"尝试打开第3台Basler相机..."
2025/04/22;10:24:37.247;DEBUG;97784;0000000000000000;BaslerControl::openCamera@50;"已经打开第3台Basler相机"
2025/04/22;10:24:37.272;DEBUG;97784;0000000000000000;BaslerControl::openCamera@63;"第3台Basler相机连接成功"
2025/04/22;10:30:12.660;ERROR;97784;0000000000000000;BaslerControl::openCamera@160;"图片保存成功"
2025/04/22;10:30:16.269;ERROR;97784;0000000000000000;BaslerControl::openCamera@169;"采图失败，退出采图程序。"
2025/04/22;10:30:16.623;DEBUG;52856;0000000000000000;BaslerControl::closeCamera@187;"Basler相机断开连接"
2025/04/22;10:30:22.200;DEBUG;49352;0000000000000000;BaslerControl::openCamera@32;"正在连接Basler相机... ..."
2025/04/22;10:30:22.471;DEBUG;49352;0000000000000000;BaslerControl::openCamera@43;"尝试连接第1台相机..."
2025/04/22;10:30:22.744;DEBUG;49352;0000000000000000;BaslerControl::openCamera@48;"尝试打开第1台Basler相机..."
2025/04/22;10:30:22.843;DEBUG;49352;0000000000000000;BaslerControl::openCamera@50;"已经打开第1台Basler相机"
2025/04/22;10:30:22.861;DEBUG;49352;0000000000000000;BaslerControl::openCamera@63;"第1台Basler相机连接成功"
2025/04/22;10:30:22.861;DEBUG;49352;0000000000000000;BaslerControl::openCamera@43;"尝试连接第2台相机..."
2025/04/22;10:30:23.015;DEBUG;49352;0000000000000000;BaslerControl::openCamera@48;"尝试打开第2台Basler相机..."
2025/04/22;10:30:23.138;DEBUG;49352;0000000000000000;BaslerControl::openCamera@50;"已经打开第2台Basler相机"
2025/04/22;10:30:23.161;DEBUG;49352;0000000000000000;BaslerControl::openCamera@63;"第2台Basler相机连接成功"
2025/04/22;10:30:23.161;DEBUG;49352;0000000000000000;BaslerControl::openCamera@43;"尝试连接第3台相机..."
2025/04/22;10:30:23.311;DEBUG;49352;0000000000000000;BaslerControl::openCamera@48;"尝试打开第3台Basler相机..."
2025/04/22;10:30:23.452;DEBUG;49352;0000000000000000;BaslerControl::openCamera@50;"已经打开第3台Basler相机"
2025/04/22;10:30:23.476;DEBUG;49352;0000000000000000;BaslerControl::openCamera@63;"第3台Basler相机连接成功"
2025/04/22;10:30:33.486;ERROR;49352;0000000000000000;BaslerControl::openCamera@160;"图片保存成功"
2025/04/22;10:30:52.223;ERROR;49352;0000000000000000;BaslerControl::openCamera@169;"采图失败，退出采图程序。"
2025/04/22;10:30:52.499;DEBUG;46412;0000000000000000;BaslerControl::closeCamera@187;"Basler相机断开连接"
2025/04/22;10:31:01.444;DEBUG;31268;0000000000000000;BaslerControl::openCamera@32;"正在连接Basler相机... ..."
2025/04/22;10:31:01.714;DEBUG;31268;0000000000000000;BaslerControl::openCamera@43;"尝试连接第1台相机..."
2025/04/22;10:31:02.000;DEBUG;31268;0000000000000000;BaslerControl::openCamera@48;"尝试打开第1台Basler相机..."
2025/04/22;10:31:02.590;DEBUG;31268;0000000000000000;BaslerControl::openCamera@50;"已经打开第1台Basler相机"
2025/04/22;10:31:02.608;DEBUG;31268;0000000000000000;BaslerControl::openCamera@63;"第1台Basler相机连接成功"
2025/04/22;10:31:02.608;DEBUG;31268;0000000000000000;BaslerControl::openCamera@43;"尝试连接第2台相机..."
2025/04/22;10:31:02.756;DEBUG;31268;0000000000000000;BaslerControl::openCamera@48;"尝试打开第2台Basler相机..."
2025/04/22;10:31:02.873;DEBUG;31268;0000000000000000;BaslerControl::openCamera@50;"已经打开第2台Basler相机"
2025/04/22;10:31:02.894;DEBUG;31268;0000000000000000;BaslerControl::openCamera@63;"第2台Basler相机连接成功"
2025/04/22;10:31:02.894;DEBUG;31268;0000000000000000;BaslerControl::openCamera@43;"尝试连接第3台相机..."
2025/04/22;10:31:03.041;DEBUG;31268;0000000000000000;BaslerControl::openCamera@48;"尝试打开第3台Basler相机..."
2025/04/22;10:31:03.161;DEBUG;31268;0000000000000000;BaslerControl::openCamera@50;"已经打开第3台Basler相机"
2025/04/22;10:31:03.182;DEBUG;31268;0000000000000000;BaslerControl::openCamera@63;"第3台Basler相机连接成功"
2025/04/22;10:31:18.817;ERROR;31268;0000000000000000;BaslerControl::openCamera@160;"图片保存成功"
2025/04/22;10:31:59.623;ERROR;31268;0000000000000000;BaslerControl::openCamera@160;"图片保存成功"
2025/04/22;10:32:31.040;ERROR;31268;0000000000000000;BaslerControl::openCamera@160;"图片保存成功"
2025/04/22;10:33:11.495;ERROR;31268;0000000000000000;BaslerControl::openCamera@160;"图片保存成功"
2025/04/22;10:33:41.267;ERROR;31268;0000000000000000;BaslerControl::openCamera@160;"图片保存成功"
2025/04/22;10:34:12.821;ERROR;31268;0000000000000000;BaslerControl::openCamera@160;"图片保存成功"
2025/04/22;10:36:30.118;ERROR;31268;0000000000000000;BaslerControl::openCamera@160;"图片保存成功"
2025/04/22;10:38:14.650;ERROR;31268;0000000000000000;BaslerControl::openCamera@160;"图片保存成功"
2025/04/22;10:39:10.086;ERROR;31268;0000000000000000;BaslerControl::openCamera@160;"图片保存成功"
2025/04/22;10:39:52.493;ERROR;31268;0000000000000000;BaslerControl::openCamera@160;"图片保存成功"
2025/04/22;10:42:27.097;ERROR;31268;0000000000000000;BaslerControl::openCamera@160;"图片保存成功"
2025/04/22;10:45:22.075;ERROR;31268;0000000000000000;BaslerControl::openCamera@160;"图片保存成功"
2025/04/22;10:46:27.540;ERROR;31268;0000000000000000;BaslerControl::openCamera@160;"图片保存成功"
2025/04/22;10:48:26.761;ERROR;31268;0000000000000000;BaslerControl::openCamera@160;"图片保存成功"
2025/04/22;10:49:02.583;ERROR;31268;0000000000000000;BaslerControl::openCamera@160;"图片保存成功"
2025/04/22;10:49:48.395;ERROR;31268;0000000000000000;BaslerControl::openCamera@160;"图片保存成功"
2025/04/22;10:50:16.648;ERROR;31268;0000000000000000;BaslerControl::openCamera@160;"图片保存成功"
2025/04/22;10:50:27.720;ERROR;31268;0000000000000000;BaslerControl::openCamera@160;"图片保存成功"
2025/04/22;11:36:33.643;ERROR;31268;0000000000000000;BaslerControl::openCamera@169;"采图失败，退出采图程序。"
2025/04/22;11:36:33.944;DEBUG;12800;0000000000000000;BaslerControl::closeCamera@187;"Basler相机断开连接"
2025/04/22;12:19:24.470;DEBUG;36732;0000000000000000;BaslerControl::openCamera@33;"正在连接Basler相机... ..."
2025/04/22;12:19:24.770;DEBUG;36732;0000000000000000;BaslerControl::openCamera@44;"尝试连接第1台相机..."
2025/04/22;12:19:25.014;DEBUG;36732;0000000000000000;BaslerControl::openCamera@49;"尝试打开第1台Basler相机..."
2025/04/22;12:19:25.605;DEBUG;36732;0000000000000000;BaslerControl::openCamera@51;"已经打开第1台Basler相机"
2025/04/22;12:19:25.624;DEBUG;36732;0000000000000000;BaslerControl::openCamera@64;"第1台Basler相机连接成功"
2025/04/22;12:19:25.624;DEBUG;36732;0000000000000000;BaslerControl::openCamera@44;"尝试连接第2台相机..."
2025/04/22;12:19:25.781;DEBUG;36732;0000000000000000;BaslerControl::openCamera@49;"尝试打开第2台Basler相机..."
2025/04/22;12:19:25.918;DEBUG;36732;0000000000000000;BaslerControl::openCamera@51;"已经打开第2台Basler相机"
2025/04/22;12:19:25.941;DEBUG;36732;0000000000000000;BaslerControl::openCamera@64;"第2台Basler相机连接成功"
2025/04/22;12:19:25.941;DEBUG;36732;0000000000000000;BaslerControl::openCamera@44;"尝试连接第3台相机..."
2025/04/22;12:19:26.105;DEBUG;36732;0000000000000000;BaslerControl::openCamera@49;"尝试打开第3台Basler相机..."
2025/04/22;12:19:26.242;DEBUG;36732;0000000000000000;BaslerControl::openCamera@51;"已经打开第3台Basler相机"
2025/04/22;12:19:26.266;DEBUG;36732;0000000000000000;BaslerControl::openCamera@64;"第3台Basler相机连接成功"
2025/04/22;12:19:29.829;ERROR;36732;0000000000000000;BaslerControl::openCamera@171;"采图失败，退出采图程序。"
2025/04/22;12:19:30.059;DEBUG;57240;0000000000000000;BaslerControl::closeCamera@189;"Basler相机断开连接"
2025/04/22;12:21:06.688;DEBUG;99836;0000000000000000;BaslerControl::openCamera@33;"正在连接Basler相机... ..."
2025/04/22;12:21:06.958;DEBUG;99836;0000000000000000;BaslerControl::openCamera@44;"尝试连接第1台相机..."
2025/04/22;12:21:07.247;DEBUG;99836;0000000000000000;BaslerControl::openCamera@49;"尝试打开第1台Basler相机..."
2025/04/22;12:21:07.391;DEBUG;99836;0000000000000000;BaslerControl::openCamera@51;"已经打开第1台Basler相机"
2025/04/22;12:21:07.926;DEBUG;99836;0000000000000000;BaslerControl::openCamera@64;"第1台Basler相机连接成功"
2025/04/22;12:21:07.926;DEBUG;99836;0000000000000000;BaslerControl::openCamera@44;"尝试连接第2台相机..."
2025/04/22;12:21:08.076;DEBUG;99836;0000000000000000;BaslerControl::openCamera@49;"尝试打开第2台Basler相机..."
2025/04/22;12:21:08.191;DEBUG;99836;0000000000000000;BaslerControl::openCamera@51;"已经打开第2台Basler相机"
2025/04/22;12:21:08.215;DEBUG;99836;0000000000000000;BaslerControl::openCamera@64;"第2台Basler相机连接成功"
2025/04/22;12:21:08.215;DEBUG;99836;0000000000000000;BaslerControl::openCamera@44;"尝试连接第3台相机..."
2025/04/22;12:21:08.365;DEBUG;99836;0000000000000000;BaslerControl::openCamera@49;"尝试打开第3台Basler相机..."
2025/04/22;12:21:08.485;DEBUG;99836;0000000000000000;BaslerControl::openCamera@51;"已经打开第3台Basler相机"
2025/04/22;12:21:08.509;DEBUG;99836;0000000000000000;BaslerControl::openCamera@64;"第3台Basler相机连接成功"
2025/04/22;12:21:27.300;ERROR;99836;0000000000000000;BaslerControl::openCamera@171;"采图失败，退出采图程序。"
2025/04/22;12:21:27.485;DEBUG;79876;0000000000000000;BaslerControl::closeCamera@189;"Basler相机断开连接"
2025/04/22;12:21:57.542;DEBUG;91816;0000000000000000;BaslerControl::openCamera@33;"正在连接Basler相机... ..."
2025/04/22;12:21:57.811;DEBUG;91816;0000000000000000;BaslerControl::openCamera@44;"尝试连接第1台相机..."
2025/04/22;12:21:58.094;DEBUG;91816;0000000000000000;BaslerControl::openCamera@49;"尝试打开第1台Basler相机..."
2025/04/22;12:21:58.238;DEBUG;91816;0000000000000000;BaslerControl::openCamera@51;"已经打开第1台Basler相机"
2025/04/22;12:21:58.264;DEBUG;91816;0000000000000000;BaslerControl::openCamera@64;"第1台Basler相机连接成功"
2025/04/22;12:21:58.264;DEBUG;91816;0000000000000000;BaslerControl::openCamera@44;"尝试连接第2台相机..."
2025/04/22;12:21:58.422;DEBUG;91816;0000000000000000;BaslerControl::openCamera@49;"尝试打开第2台Basler相机..."
2025/04/22;12:21:58.542;DEBUG;91816;0000000000000000;BaslerControl::openCamera@51;"已经打开第2台Basler相机"
2025/04/22;12:21:58.565;DEBUG;91816;0000000000000000;BaslerControl::openCamera@64;"第2台Basler相机连接成功"
2025/04/22;12:21:58.565;DEBUG;91816;0000000000000000;BaslerControl::openCamera@44;"尝试连接第3台相机..."
2025/04/22;12:21:58.716;DEBUG;91816;0000000000000000;BaslerControl::openCamera@49;"尝试打开第3台Basler相机..."
2025/04/22;12:21:58.854;DEBUG;91816;0000000000000000;BaslerControl::openCamera@51;"已经打开第3台Basler相机"
2025/04/22;12:21:58.878;DEBUG;91816;0000000000000000;BaslerControl::openCamera@64;"第3台Basler相机连接成功"
2025/04/22;12:22:01.150;ERROR;91816;0000000000000000;BaslerControl::openCamera@162;"图片保存成功"
2025/04/22;12:22:09.726;ERROR;91816;0000000000000000;BaslerControl::openCamera@171;"采图失败，退出采图程序。"
2025/04/22;12:22:09.926;DEBUG;65448;0000000000000000;BaslerControl::closeCamera@189;"Basler相机断开连接"
2025/04/22;12:22:47.091;DEBUG;60876;0000000000000000;BaslerControl::openCamera@33;"正在连接Basler相机... ..."
2025/04/22;12:22:47.361;DEBUG;60876;0000000000000000;BaslerControl::openCamera@44;"尝试连接第1台相机..."
2025/04/22;12:22:47.655;DEBUG;60876;0000000000000000;BaslerControl::openCamera@49;"尝试打开第1台Basler相机..."
2025/04/22;12:22:47.769;DEBUG;60876;0000000000000000;BaslerControl::openCamera@51;"已经打开第1台Basler相机"
2025/04/22;12:22:47.786;DEBUG;60876;0000000000000000;BaslerControl::openCamera@64;"第1台Basler相机连接成功"
2025/04/22;12:22:47.786;DEBUG;60876;0000000000000000;BaslerControl::openCamera@44;"尝试连接第2台相机..."
2025/04/22;12:22:47.943;DEBUG;60876;0000000000000000;BaslerControl::openCamera@49;"尝试打开第2台Basler相机..."
2025/04/22;12:22:48.068;DEBUG;60876;0000000000000000;BaslerControl::openCamera@51;"已经打开第2台Basler相机"
2025/04/22;12:22:48.092;DEBUG;60876;0000000000000000;BaslerControl::openCamera@64;"第2台Basler相机连接成功"
2025/04/22;12:22:48.092;DEBUG;60876;0000000000000000;BaslerControl::openCamera@44;"尝试连接第3台相机..."
2025/04/22;12:22:48.255;DEBUG;60876;0000000000000000;BaslerControl::openCamera@49;"尝试打开第3台Basler相机..."
2025/04/22;12:22:48.393;DEBUG;60876;0000000000000000;BaslerControl::openCamera@51;"已经打开第3台Basler相机"
2025/04/22;12:22:48.418;DEBUG;60876;0000000000000000;BaslerControl::openCamera@64;"第3台Basler相机连接成功"
2025/04/22;12:22:50.005;ERROR;60876;0000000000000000;BaslerControl::openCamera@162;"图片保存成功"
2025/04/22;12:23:31.485;DEBUG;108876;0000000000000000;BaslerControl::openCamera@33;"正在连接Basler相机... ..."
2025/04/22;12:23:31.755;DEBUG;108876;0000000000000000;BaslerControl::openCamera@44;"尝试连接第1台相机..."
2025/04/22;12:23:32.015;DEBUG;108876;0000000000000000;BaslerControl::openCamera@49;"尝试打开第1台Basler相机..."
2025/04/22;12:23:32.095;DEBUG;108876;0000000000000000;BaslerControl::openCamera@51;"已经打开第1台Basler相机"
2025/04/22;12:23:32.111;DEBUG;108876;0000000000000000;BaslerControl::openCamera@64;"第1台Basler相机连接成功"
2025/04/22;12:23:32.111;DEBUG;108876;0000000000000000;BaslerControl::openCamera@44;"尝试连接第2台相机..."
2025/04/22;12:23:32.273;DEBUG;108876;0000000000000000;BaslerControl::openCamera@49;"尝试打开第2台Basler相机..."
2025/04/22;12:23:32.397;DEBUG;108876;0000000000000000;BaslerControl::openCamera@51;"已经打开第2台Basler相机"
2025/04/22;12:23:32.420;DEBUG;108876;0000000000000000;BaslerControl::openCamera@64;"第2台Basler相机连接成功"
2025/04/22;12:23:32.420;DEBUG;108876;0000000000000000;BaslerControl::openCamera@44;"尝试连接第3台相机..."
2025/04/22;12:23:32.568;DEBUG;108876;0000000000000000;BaslerControl::openCamera@49;"尝试打开第3台Basler相机..."
2025/04/22;12:23:32.707;DEBUG;108876;0000000000000000;BaslerControl::openCamera@51;"已经打开第3台Basler相机"
2025/04/22;12:23:32.730;DEBUG;108876;0000000000000000;BaslerControl::openCamera@64;"第3台Basler相机连接成功"
2025/04/22;12:26:42.622;ERROR;108876;0000000000000000;BaslerControl::openCamera@171;"采图失败，退出采图程序。"
2025/04/22;12:26:42.788;DEBUG;90872;0000000000000000;BaslerControl::closeCamera@189;"Basler相机断开连接"
2025/04/22;12:27:10.915;DEBUG;35688;0000000000000000;BaslerControl::openCamera@33;"正在连接Basler相机... ..."
2025/04/22;12:27:11.184;DEBUG;35688;0000000000000000;BaslerControl::openCamera@44;"尝试连接第1台相机..."
2025/04/22;12:27:11.460;DEBUG;35688;0000000000000000;BaslerControl::openCamera@49;"尝试打开第1台Basler相机..."
2025/04/22;12:27:12.097;DEBUG;35688;0000000000000000;BaslerControl::openCamera@51;"已经打开第1台Basler相机"
2025/04/22;12:27:12.114;DEBUG;35688;0000000000000000;BaslerControl::openCamera@64;"第1台Basler相机连接成功"
2025/04/22;12:27:12.114;DEBUG;35688;0000000000000000;BaslerControl::openCamera@44;"尝试连接第2台相机..."
2025/04/22;12:27:12.272;DEBUG;35688;0000000000000000;BaslerControl::openCamera@49;"尝试打开第2台Basler相机..."
2025/04/22;12:27:12.397;DEBUG;35688;0000000000000000;BaslerControl::openCamera@51;"已经打开第2台Basler相机"
2025/04/22;12:27:12.421;DEBUG;35688;0000000000000000;BaslerControl::openCamera@64;"第2台Basler相机连接成功"
2025/04/22;12:27:12.421;DEBUG;35688;0000000000000000;BaslerControl::openCamera@44;"尝试连接第3台相机..."
2025/04/22;12:27:12.582;DEBUG;35688;0000000000000000;BaslerControl::openCamera@49;"尝试打开第3台Basler相机..."
2025/04/22;12:27:12.708;DEBUG;35688;0000000000000000;BaslerControl::openCamera@51;"已经打开第3台Basler相机"
2025/04/22;12:27:12.732;DEBUG;35688;0000000000000000;BaslerControl::openCamera@64;"第3台Basler相机连接成功"
2025/04/22;12:27:14.691;ERROR;35688;0000000000000000;BaslerControl::openCamera@162;"图片保存成功"
2025/04/22;12:29:05.414;DEBUG;19512;0000000000000000;BaslerControl::openCamera@33;"正在连接Basler相机... ..."
2025/04/22;12:29:05.689;DEBUG;19512;0000000000000000;BaslerControl::openCamera@44;"尝试连接第1台相机..."
2025/04/22;12:29:06.004;DEBUG;19512;0000000000000000;BaslerControl::openCamera@49;"尝试打开第1台Basler相机..."
2025/04/22;12:29:06.082;DEBUG;19512;0000000000000000;BaslerControl::openCamera@51;"已经打开第1台Basler相机"
2025/04/22;12:29:06.098;DEBUG;19512;0000000000000000;BaslerControl::openCamera@64;"第1台Basler相机连接成功"
2025/04/22;12:29:06.099;DEBUG;19512;0000000000000000;BaslerControl::openCamera@44;"尝试连接第2台相机..."
2025/04/22;12:29:06.253;DEBUG;19512;0000000000000000;BaslerControl::openCamera@49;"尝试打开第2台Basler相机..."
2025/04/22;12:29:06.377;DEBUG;19512;0000000000000000;BaslerControl::openCamera@51;"已经打开第2台Basler相机"
2025/04/22;12:29:06.400;DEBUG;19512;0000000000000000;BaslerControl::openCamera@64;"第2台Basler相机连接成功"
2025/04/22;12:29:06.400;DEBUG;19512;0000000000000000;BaslerControl::openCamera@44;"尝试连接第3台相机..."
2025/04/22;12:29:06.544;DEBUG;19512;0000000000000000;BaslerControl::openCamera@49;"尝试打开第3台Basler相机..."
2025/04/22;12:29:06.665;DEBUG;19512;0000000000000000;BaslerControl::openCamera@51;"已经打开第3台Basler相机"
2025/04/22;12:29:06.688;DEBUG;19512;0000000000000000;BaslerControl::openCamera@64;"第3台Basler相机连接成功"
2025/04/22;12:31:07.988;DEBUG;95452;0000000000000000;BaslerControl::openCamera@33;"正在连接Basler相机... ..."
2025/04/22;12:31:08.258;DEBUG;95452;0000000000000000;BaslerControl::openCamera@44;"尝试连接第1台相机..."
2025/04/22;12:31:08.536;DEBUG;95452;0000000000000000;BaslerControl::openCamera@49;"尝试打开第1台Basler相机..."
2025/04/22;12:31:09.118;DEBUG;95452;0000000000000000;BaslerControl::openCamera@51;"已经打开第1台Basler相机"
2025/04/22;12:31:09.135;DEBUG;95452;0000000000000000;BaslerControl::openCamera@64;"第1台Basler相机连接成功"
2025/04/22;12:31:09.135;DEBUG;95452;0000000000000000;BaslerControl::openCamera@44;"尝试连接第2台相机..."
2025/04/22;12:31:09.285;DEBUG;95452;0000000000000000;BaslerControl::openCamera@49;"尝试打开第2台Basler相机..."
2025/04/22;12:31:09.401;DEBUG;95452;0000000000000000;BaslerControl::openCamera@51;"已经打开第2台Basler相机"
2025/04/22;12:31:09.424;DEBUG;95452;0000000000000000;BaslerControl::openCamera@64;"第2台Basler相机连接成功"
2025/04/22;12:31:09.424;DEBUG;95452;0000000000000000;BaslerControl::openCamera@44;"尝试连接第3台相机..."
2025/04/22;12:31:09.571;DEBUG;95452;0000000000000000;BaslerControl::openCamera@49;"尝试打开第3台Basler相机..."
2025/04/22;12:31:09.705;DEBUG;95452;0000000000000000;BaslerControl::openCamera@51;"已经打开第3台Basler相机"
2025/04/22;12:31:09.729;DEBUG;95452;0000000000000000;BaslerControl::openCamera@64;"第3台Basler相机连接成功"
2025/04/22;13:22:30.537;DEBUG;102564;0000000000000000;BaslerControl::openCamera@33;"正在连接Basler相机... ..."
2025/04/22;13:22:30.809;DEBUG;102564;0000000000000000;BaslerControl::openCamera@44;"尝试连接第1台相机..."
2025/04/22;13:22:31.073;DEBUG;102564;0000000000000000;BaslerControl::openCamera@49;"尝试打开第1台Basler相机..."
2025/04/22;13:22:31.169;DEBUG;102564;0000000000000000;BaslerControl::openCamera@51;"已经打开第1台Basler相机"
2025/04/22;13:22:31.186;DEBUG;102564;0000000000000000;BaslerControl::openCamera@64;"第1台Basler相机连接成功"
2025/04/22;13:22:31.186;DEBUG;102564;0000000000000000;BaslerControl::openCamera@44;"尝试连接第2台相机..."
2025/04/22;13:22:31.344;DEBUG;102564;0000000000000000;BaslerControl::openCamera@49;"尝试打开第2台Basler相机..."
2025/04/22;13:22:31.465;DEBUG;102564;0000000000000000;BaslerControl::openCamera@51;"已经打开第2台Basler相机"
2025/04/22;13:22:31.486;DEBUG;102564;0000000000000000;BaslerControl::openCamera@64;"第2台Basler相机连接成功"
2025/04/22;13:22:31.486;DEBUG;102564;0000000000000000;BaslerControl::openCamera@44;"尝试连接第3台相机..."
2025/04/22;13:22:31.635;DEBUG;102564;0000000000000000;BaslerControl::openCamera@49;"尝试打开第3台Basler相机..."
2025/04/22;13:22:31.760;DEBUG;102564;0000000000000000;BaslerControl::openCamera@51;"已经打开第3台Basler相机"
2025/04/22;13:22:31.782;DEBUG;102564;0000000000000000;BaslerControl::openCamera@64;"第3台Basler相机连接成功"
2025/04/22;13:23:32.515;ERROR;102564;0000000000000000;BaslerControl::openCamera@171;"采图失败，退出采图程序。"
2025/04/22;13:23:32.764;DEBUG;34892;0000000000000000;BaslerControl::closeCamera@189;"Basler相机断开连接"
2025/04/22;13:23:56.296;DEBUG;102376;0000000000000000;BaslerControl::openCamera@33;"正在连接Basler相机... ..."
2025/04/22;13:23:56.565;DEBUG;102376;0000000000000000;BaslerControl::openCamera@44;"尝试连接第1台相机..."
2025/04/22;13:23:56.712;DEBUG;102376;0000000000000000;BaslerControl::openCamera@49;"尝试打开第1台Basler相机..."
2025/04/22;13:23:56.795;DEBUG;102376;0000000000000000;BaslerControl::openCamera@51;"已经打开第1台Basler相机"
2025/04/22;13:23:56.812;DEBUG;102376;0000000000000000;BaslerControl::openCamera@64;"第1台Basler相机连接成功"
2025/04/22;13:23:56.812;DEBUG;102376;0000000000000000;BaslerControl::openCamera@44;"尝试连接第2台相机..."
2025/04/22;13:23:56.968;DEBUG;102376;0000000000000000;BaslerControl::openCamera@49;"尝试打开第2台Basler相机..."
2025/04/22;13:23:57.095;DEBUG;102376;0000000000000000;BaslerControl::openCamera@51;"已经打开第2台Basler相机"
2025/04/22;13:23:57.118;DEBUG;102376;0000000000000000;BaslerControl::openCamera@64;"第2台Basler相机连接成功"
2025/04/22;13:23:57.118;DEBUG;102376;0000000000000000;BaslerControl::openCamera@44;"尝试连接第3台相机..."
2025/04/22;13:23:57.264;DEBUG;102376;0000000000000000;BaslerControl::openCamera@49;"尝试打开第3台Basler相机..."
2025/04/22;13:23:57.403;DEBUG;102376;0000000000000000;BaslerControl::openCamera@51;"已经打开第3台Basler相机"
2025/04/22;13:23:57.428;DEBUG;102376;0000000000000000;BaslerControl::openCamera@64;"第3台Basler相机连接成功"
2025/04/22;13:24:01.492;ERROR;102376;0000000000000000;BaslerControl::openCamera@162;"图片保存成功"
2025/04/22;13:24:30.630;ERROR;102376;0000000000000000;BaslerControl::openCamera@171;"采图失败，退出采图程序。"
2025/04/22;13:24:30.938;DEBUG;66768;0000000000000000;BaslerControl::closeCamera@189;"Basler相机断开连接"
2025/04/22;13:24:57.655;DEBUG;39280;0000000000000000;BaslerControl::openCamera@33;"正在连接Basler相机... ..."
2025/04/22;13:24:57.926;DEBUG;39280;0000000000000000;BaslerControl::openCamera@44;"尝试连接第1台相机..."
2025/04/22;13:24:58.217;DEBUG;39280;0000000000000000;BaslerControl::openCamera@49;"尝试打开第1台Basler相机..."
2025/04/22;13:24:58.328;DEBUG;39280;0000000000000000;BaslerControl::openCamera@51;"已经打开第1台Basler相机"
2025/04/22;13:24:58.345;DEBUG;39280;0000000000000000;BaslerControl::openCamera@64;"第1台Basler相机连接成功"
2025/04/22;13:24:58.345;DEBUG;39280;0000000000000000;BaslerControl::openCamera@44;"尝试连接第2台相机..."
2025/04/22;13:24:58.505;DEBUG;39280;0000000000000000;BaslerControl::openCamera@49;"尝试打开第2台Basler相机..."
2025/04/22;13:24:58.629;DEBUG;39280;0000000000000000;BaslerControl::openCamera@51;"已经打开第2台Basler相机"
2025/04/22;13:24:58.651;DEBUG;39280;0000000000000000;BaslerControl::openCamera@64;"第2台Basler相机连接成功"
2025/04/22;13:24:58.651;DEBUG;39280;0000000000000000;BaslerControl::openCamera@44;"尝试连接第3台相机..."
2025/04/22;13:24:58.801;DEBUG;39280;0000000000000000;BaslerControl::openCamera@49;"尝试打开第3台Basler相机..."
2025/04/22;13:24:58.940;DEBUG;39280;0000000000000000;BaslerControl::openCamera@51;"已经打开第3台Basler相机"
2025/04/22;13:24:58.963;DEBUG;39280;0000000000000000;BaslerControl::openCamera@64;"第3台Basler相机连接成功"
2025/04/22;13:25:03.424;ERROR;39280;0000000000000000;BaslerControl::openCamera@171;"采图失败，退出采图程序。"
2025/04/22;13:25:03.595;DEBUG;14224;0000000000000000;BaslerControl::closeCamera@189;"Basler相机断开连接"
2025/04/22;13:57:02.071;DEBUG;77112;0000000000000000;BaslerControl::openCamera@33;"正在连接Basler相机... ..."
2025/04/22;13:57:02.341;DEBUG;77112;0000000000000000;BaslerControl::openCamera@44;"尝试连接第1台相机..."
2025/04/22;13:57:02.630;DEBUG;77112;0000000000000000;BaslerControl::openCamera@49;"尝试打开第1台Basler相机..."
2025/04/22;13:57:02.764;DEBUG;77112;0000000000000000;BaslerControl::openCamera@51;"已经打开第1台Basler相机"
2025/04/22;13:57:02.781;DEBUG;77112;0000000000000000;BaslerControl::openCamera@64;"第1台Basler相机连接成功"
2025/04/22;13:57:02.781;DEBUG;77112;0000000000000000;BaslerControl::openCamera@44;"尝试连接第2台相机..."
2025/04/22;13:57:02.944;DEBUG;77112;0000000000000000;BaslerControl::openCamera@49;"尝试打开第2台Basler相机..."
2025/04/22;13:57:03.065;DEBUG;77112;0000000000000000;BaslerControl::openCamera@51;"已经打开第2台Basler相机"
2025/04/22;13:57:03.088;DEBUG;77112;0000000000000000;BaslerControl::openCamera@64;"第2台Basler相机连接成功"
2025/04/22;13:57:03.088;DEBUG;77112;0000000000000000;BaslerControl::openCamera@44;"尝试连接第3台相机..."
2025/04/22;13:57:03.238;DEBUG;77112;0000000000000000;BaslerControl::openCamera@49;"尝试打开第3台Basler相机..."
2025/04/22;13:57:03.363;DEBUG;77112;0000000000000000;BaslerControl::openCamera@51;"已经打开第3台Basler相机"
2025/04/22;13:57:03.387;DEBUG;77112;0000000000000000;BaslerControl::openCamera@64;"第3台Basler相机连接成功"
2025/04/22;14:00:55.163;ERROR;77112;0000000000000000;BaslerControl::openCamera@162;"图片保存成功"
2025/04/22;14:01:07.286;ERROR;77112;0000000000000000;BaslerControl::openCamera@162;"图片保存成功"
2025/04/22;14:02:08.728;ERROR;77112;0000000000000000;BaslerControl::openCamera@162;"图片保存成功"
2025/04/22;14:02:23.050;ERROR;77112;0000000000000000;BaslerControl::openCamera@162;"图片保存成功"
2025/04/22;14:02:58.079;ERROR;77112;0000000000000000;BaslerControl::openCamera@162;"图片保存成功"
2025/04/22;14:03:20.031;ERROR;77112;0000000000000000;BaslerControl::openCamera@162;"图片保存成功"
2025/04/22;14:03:50.007;ERROR;77112;0000000000000000;BaslerControl::openCamera@162;"图片保存成功"
2025/04/22;14:04:01.708;ERROR;77112;0000000000000000;BaslerControl::openCamera@162;"图片保存成功"
2025/04/22;14:04:27.115;ERROR;77112;0000000000000000;BaslerControl::openCamera@162;"图片保存成功"
2025/04/22;14:04:44.619;ERROR;77112;0000000000000000;BaslerControl::openCamera@162;"图片保存成功"
2025/04/22;14:05:32.487;ERROR;77112;0000000000000000;BaslerControl::openCamera@162;"图片保存成功"
2025/04/22;14:05:41.392;ERROR;77112;0000000000000000;BaslerControl::openCamera@162;"图片保存成功"
2025/04/22;14:05:52.240;ERROR;77112;0000000000000000;BaslerControl::openCamera@162;"图片保存成功"
2025/04/22;14:06:09.652;ERROR;77112;0000000000000000;BaslerControl::openCamera@162;"图片保存成功"
2025/04/22;14:06:28.214;ERROR;77112;0000000000000000;BaslerControl::openCamera@162;"图片保存成功"
2025/04/22;14:06:36.593;ERROR;77112;0000000000000000;BaslerControl::openCamera@171;"采图失败，退出采图程序。"
2025/04/22;14:06:36.872;DEBUG;79688;0000000000000000;BaslerControl::closeCamera@189;"Basler相机断开连接"
2025/04/22;14:07:49.468;DEBUG;3332;0000000000000000;BaslerControl::openCamera@33;"正在连接Basler相机... ..."
2025/04/22;14:07:49.737;DEBUG;3332;0000000000000000;BaslerControl::openCamera@44;"尝试连接第1台相机..."
2025/04/22;14:07:50.018;DEBUG;3332;0000000000000000;BaslerControl::openCamera@49;"尝试打开第1台Basler相机..."
2025/04/22;14:07:50.100;DEBUG;3332;0000000000000000;BaslerControl::openCamera@51;"已经打开第1台Basler相机"
2025/04/22;14:07:50.115;DEBUG;3332;0000000000000000;BaslerControl::openCamera@64;"第1台Basler相机连接成功"
2025/04/22;14:07:50.115;DEBUG;3332;0000000000000000;BaslerControl::openCamera@44;"尝试连接第2台相机..."
2025/04/22;14:07:50.258;DEBUG;3332;0000000000000000;BaslerControl::openCamera@49;"尝试打开第2台Basler相机..."
2025/04/22;14:07:50.873;DEBUG;3332;0000000000000000;BaslerControl::openCamera@51;"已经打开第2台Basler相机"
2025/04/22;14:07:50.895;DEBUG;3332;0000000000000000;BaslerControl::openCamera@64;"第2台Basler相机连接成功"
2025/04/22;14:07:50.896;DEBUG;3332;0000000000000000;BaslerControl::openCamera@44;"尝试连接第3台相机..."
2025/04/22;14:07:51.050;DEBUG;3332;0000000000000000;BaslerControl::openCamera@49;"尝试打开第3台Basler相机..."
2025/04/22;14:07:51.173;DEBUG;3332;0000000000000000;BaslerControl::openCamera@51;"已经打开第3台Basler相机"
2025/04/22;14:07:51.195;DEBUG;3332;0000000000000000;BaslerControl::openCamera@64;"第3台Basler相机连接成功"
2025/04/22;14:10:42.531;DEBUG;93464;0000000000000000;BaslerControl::openCamera@33;"正在连接Basler相机... ..."
2025/04/22;14:10:42.801;DEBUG;93464;0000000000000000;BaslerControl::openCamera@44;"尝试连接第1台相机..."
2025/04/22;14:10:43.081;DEBUG;93464;0000000000000000;BaslerControl::openCamera@49;"尝试打开第1台Basler相机..."
2025/04/22;14:10:43.208;DEBUG;93464;0000000000000000;BaslerControl::openCamera@51;"已经打开第1台Basler相机"
2025/04/22;14:10:43.224;DEBUG;93464;0000000000000000;BaslerControl::openCamera@64;"第1台Basler相机连接成功"
2025/04/22;14:10:43.224;DEBUG;93464;0000000000000000;BaslerControl::openCamera@44;"尝试连接第2台相机..."
2025/04/22;14:10:43.370;DEBUG;93464;0000000000000000;BaslerControl::openCamera@49;"尝试打开第2台Basler相机..."
2025/04/22;14:10:43.484;DEBUG;93464;0000000000000000;BaslerControl::openCamera@51;"已经打开第2台Basler相机"
2025/04/22;14:10:43.506;DEBUG;93464;0000000000000000;BaslerControl::openCamera@64;"第2台Basler相机连接成功"
2025/04/22;14:10:43.506;DEBUG;93464;0000000000000000;BaslerControl::openCamera@44;"尝试连接第3台相机..."
2025/04/22;14:10:43.665;DEBUG;93464;0000000000000000;BaslerControl::openCamera@49;"尝试打开第3台Basler相机..."
2025/04/22;14:10:43.789;DEBUG;93464;0000000000000000;BaslerControl::openCamera@51;"已经打开第3台Basler相机"
2025/04/22;14:10:43.812;DEBUG;93464;0000000000000000;BaslerControl::openCamera@64;"第3台Basler相机连接成功"
2025/04/22;14:12:09.291;ERROR;93464;0000000000000000;BaslerControl::openCamera@171;"采图失败，退出采图程序。"
2025/04/22;14:12:09.503;DEBUG;11744;0000000000000000;BaslerControl::closeCamera@189;"Basler相机断开连接"
2025/04/22;14:12:32.591;DEBUG;42740;0000000000000000;BaslerControl::openCamera@33;"正在连接Basler相机... ..."
2025/04/22;14:12:32.861;DEBUG;42740;0000000000000000;BaslerControl::openCamera@44;"尝试连接第1台相机..."
2025/04/22;14:12:33.090;DEBUG;42740;0000000000000000;BaslerControl::openCamera@49;"尝试打开第1台Basler相机..."
2025/04/22;14:12:33.172;DEBUG;42740;0000000000000000;BaslerControl::openCamera@51;"已经打开第1台Basler相机"
2025/04/22;14:12:33.188;DEBUG;42740;0000000000000000;BaslerControl::openCamera@64;"第1台Basler相机连接成功"
2025/04/22;14:12:33.189;DEBUG;42740;0000000000000000;BaslerControl::openCamera@44;"尝试连接第2台相机..."
2025/04/22;14:12:33.341;DEBUG;42740;0000000000000000;BaslerControl::openCamera@49;"尝试打开第2台Basler相机..."
2025/04/22;14:12:33.462;DEBUG;42740;0000000000000000;BaslerControl::openCamera@51;"已经打开第2台Basler相机"
2025/04/22;14:12:33.484;DEBUG;42740;0000000000000000;BaslerControl::openCamera@64;"第2台Basler相机连接成功"
2025/04/22;14:12:33.484;DEBUG;42740;0000000000000000;BaslerControl::openCamera@44;"尝试连接第3台相机..."
2025/04/22;14:12:33.634;DEBUG;42740;0000000000000000;BaslerControl::openCamera@49;"尝试打开第3台Basler相机..."
2025/04/22;14:12:33.755;DEBUG;42740;0000000000000000;BaslerControl::openCamera@51;"已经打开第3台Basler相机"
2025/04/22;14:12:33.776;DEBUG;42740;0000000000000000;BaslerControl::openCamera@64;"第3台Basler相机连接成功"
2025/04/22;14:20:49.050;DEBUG;63976;0000000000000000;BaslerControl::openCamera@33;"正在连接Basler相机... ..."
2025/04/22;14:20:49.320;DEBUG;63976;0000000000000000;BaslerControl::openCamera@44;"尝试连接第1台相机..."
2025/04/22;14:20:49.600;DEBUG;63976;0000000000000000;BaslerControl::openCamera@49;"尝试打开第1台Basler相机..."
2025/04/22;14:20:50.233;DEBUG;63976;0000000000000000;BaslerControl::openCamera@51;"已经打开第1台Basler相机"
2025/04/22;14:20:50.250;DEBUG;63976;0000000000000000;BaslerControl::openCamera@64;"第1台Basler相机连接成功"
2025/04/22;14:20:50.250;DEBUG;63976;0000000000000000;BaslerControl::openCamera@44;"尝试连接第2台相机..."
2025/04/22;14:20:50.408;DEBUG;63976;0000000000000000;BaslerControl::openCamera@49;"尝试打开第2台Basler相机..."
2025/04/22;14:20:50.531;DEBUG;63976;0000000000000000;BaslerControl::openCamera@51;"已经打开第2台Basler相机"
2025/04/22;14:20:50.554;DEBUG;63976;0000000000000000;BaslerControl::openCamera@64;"第2台Basler相机连接成功"
2025/04/22;14:20:50.554;DEBUG;63976;0000000000000000;BaslerControl::openCamera@44;"尝试连接第3台相机..."
2025/04/22;14:20:50.718;DEBUG;63976;0000000000000000;BaslerControl::openCamera@49;"尝试打开第3台Basler相机..."
2025/04/22;14:20:50.843;DEBUG;63976;0000000000000000;BaslerControl::openCamera@51;"已经打开第3台Basler相机"
2025/04/22;14:20:50.866;DEBUG;63976;0000000000000000;BaslerControl::openCamera@64;"第3台Basler相机连接成功"
2025/04/22;14:20:55.713;ERROR;63976;0000000000000000;BaslerControl::openCamera@162;"图片保存成功"
2025/04/22;14:21:19.079;ERROR;63976;0000000000000000;BaslerControl::openCamera@162;"图片保存成功"
2025/04/22;14:21:26.891;ERROR;63976;0000000000000000;BaslerControl::openCamera@171;"采图失败，退出采图程序。"
2025/04/22;14:21:27.137;DEBUG;77464;0000000000000000;BaslerControl::closeCamera@189;"Basler相机断开连接"
2025/04/22;14:25:07.602;DEBUG;54104;0000000000000000;BaslerControl::openCamera@33;"正在连接Basler相机... ..."
2025/04/22;14:25:07.898;DEBUG;54104;0000000000000000;BaslerControl::openCamera@44;"尝试连接第1台相机..."
2025/04/22;14:25:08.295;DEBUG;54104;0000000000000000;BaslerControl::openCamera@49;"尝试打开第1台Basler相机..."
2025/04/22;14:25:08.407;DEBUG;54104;0000000000000000;BaslerControl::openCamera@51;"已经打开第1台Basler相机"
2025/04/22;14:25:08.439;DEBUG;54104;0000000000000000;BaslerControl::openCamera@64;"第1台Basler相机连接成功"
2025/04/22;14:25:08.439;DEBUG;54104;0000000000000000;BaslerControl::openCamera@44;"尝试连接第2台相机..."
2025/04/22;14:25:08.655;DEBUG;54104;0000000000000000;BaslerControl::openCamera@49;"尝试打开第2台Basler相机..."
2025/04/22;14:25:08.793;DEBUG;54104;0000000000000000;BaslerControl::openCamera@51;"已经打开第2台Basler相机"
2025/04/22;14:25:08.838;DEBUG;54104;0000000000000000;BaslerControl::openCamera@64;"第2台Basler相机连接成功"
2025/04/22;14:25:08.838;DEBUG;54104;0000000000000000;BaslerControl::openCamera@44;"尝试连接第3台相机..."
2025/04/22;14:25:09.073;DEBUG;54104;0000000000000000;BaslerControl::openCamera@49;"尝试打开第3台Basler相机..."
2025/04/22;14:25:09.228;DEBUG;54104;0000000000000000;BaslerControl::openCamera@51;"已经打开第3台Basler相机"
2025/04/22;14:25:09.272;DEBUG;54104;0000000000000000;BaslerControl::openCamera@64;"第3台Basler相机连接成功"
2025/04/22;14:27:53.902;DEBUG;103912;0000000000000000;BaslerControl::openCamera@33;"正在连接Basler相机... ..."
2025/04/22;14:27:54.181;DEBUG;103912;0000000000000000;BaslerControl::openCamera@44;"尝试连接第1台相机..."
2025/04/22;14:27:54.327;DEBUG;103912;0000000000000000;BaslerControl::openCamera@49;"尝试打开第1台Basler相机..."
2025/04/22;14:27:54.328;ERROR;103912;0000000000000000;BaslerControl::openCamera@54;"Basler相机连接失败，可能存在其它程序正在使用相机"
2025/04/22;14:27:57.497;DEBUG;103912;0000000000000000;BaslerControl::closeCamera@189;"Basler相机断开连接"
2025/04/22;14:27:58.762;DEBUG;34044;0000000000000000;BaslerControl::closeCamera@189;"Basler相机断开连接"
2025/04/22;14:28:23.291;DEBUG;13488;0000000000000000;BaslerControl::openCamera@33;"正在连接Basler相机... ..."
2025/04/22;14:28:23.560;DEBUG;13488;0000000000000000;BaslerControl::openCamera@44;"尝试连接第1台相机..."
2025/04/22;14:28:23.695;DEBUG;13488;0000000000000000;BaslerControl::openCamera@49;"尝试打开第1台Basler相机..."
2025/04/22;14:28:23.696;ERROR;13488;0000000000000000;BaslerControl::openCamera@54;"Basler相机连接失败，可能存在其它程序正在使用相机"
2025/04/22;14:28:29.234;DEBUG;13488;0000000000000000;BaslerControl::openCamera@33;"正在连接Basler相机... ..."
2025/04/22;14:28:29.486;DEBUG;13488;0000000000000000;BaslerControl::openCamera@44;"尝试连接第1台相机..."
2025/04/22;14:28:29.627;DEBUG;13488;0000000000000000;BaslerControl::openCamera@49;"尝试打开第1台Basler相机..."
2025/04/22;14:28:29.628;ERROR;13488;0000000000000000;BaslerControl::openCamera@54;"Basler相机连接失败，可能存在其它程序正在使用相机"
2025/04/22;14:28:31.237;DEBUG;13488;0000000000000000;BaslerControl::closeCamera@189;"Basler相机断开连接"
2025/04/22;14:28:32.733;DEBUG;84436;0000000000000000;BaslerControl::closeCamera@189;"Basler相机断开连接"
2025/04/22;14:29:11.742;DEBUG;83288;0000000000000000;BaslerControl::openCamera@33;"正在连接Basler相机... ..."
2025/04/22;14:29:12.037;DEBUG;83288;0000000000000000;BaslerControl::openCamera@44;"尝试连接第1台相机..."
2025/04/22;14:29:12.291;DEBUG;83288;0000000000000000;BaslerControl::openCamera@49;"尝试打开第1台Basler相机..."
2025/04/22;14:29:12.333;ERROR;83288;0000000000000000;BaslerControl::openCamera@54;"Basler相机连接失败，可能存在其它程序正在使用相机"
2025/04/22;14:29:18.918;DEBUG;83288;0000000000000000;BaslerControl::openCamera@33;"正在连接Basler相机... ..."
2025/04/22;14:29:19.179;DEBUG;83288;0000000000000000;BaslerControl::openCamera@44;"尝试连接第1台相机..."
2025/04/22;14:29:19.798;DEBUG;83288;0000000000000000;BaslerControl::openCamera@49;"尝试打开第1台Basler相机..."
2025/04/22;14:29:19.804;ERROR;83288;0000000000000000;BaslerControl::openCamera@54;"Basler相机连接失败，可能存在其它程序正在使用相机"
2025/04/22;14:29:21.341;DEBUG;83288;0000000000000000;BaslerControl::closeCamera@189;"Basler相机断开连接"
2025/04/22;14:29:24.238;DEBUG;83288;0000000000000000;BaslerControl::closeCamera@189;"Basler相机断开连接"
2025/04/22;14:29:40.716;DEBUG;74236;0000000000000000;BaslerControl::closeCamera@189;"Basler相机断开连接"
2025/04/22;14:29:46.609;DEBUG;11328;0000000000000000;BaslerControl::openCamera@33;"正在连接Basler相机... ..."
2025/04/22;14:29:46.879;DEBUG;11328;0000000000000000;BaslerControl::openCamera@44;"尝试连接第1台相机..."
2025/04/22;14:29:47.017;DEBUG;11328;0000000000000000;BaslerControl::openCamera@49;"尝试打开第1台Basler相机..."
2025/04/22;14:29:47.018;ERROR;11328;0000000000000000;BaslerControl::openCamera@54;"Basler相机连接失败，可能存在其它程序正在使用相机"
2025/04/22;14:29:47.743;DEBUG;11328;0000000000000000;BaslerControl::openCamera@33;"正在连接Basler相机... ..."
2025/04/22;14:29:47.995;DEBUG;11328;0000000000000000;BaslerControl::openCamera@44;"尝试连接第1台相机..."
2025/04/22;14:29:48.140;DEBUG;11328;0000000000000000;BaslerControl::openCamera@49;"尝试打开第1台Basler相机..."
2025/04/22;14:29:48.142;ERROR;11328;0000000000000000;BaslerControl::openCamera@54;"Basler相机连接失败，可能存在其它程序正在使用相机"
2025/04/22;14:29:48.565;DEBUG;11328;0000000000000000;BaslerControl::openCamera@33;"正在连接Basler相机... ..."
2025/04/22;14:29:48.817;DEBUG;11328;0000000000000000;BaslerControl::openCamera@44;"尝试连接第1台相机..."
2025/04/22;14:29:48.962;DEBUG;11328;0000000000000000;BaslerControl::openCamera@49;"尝试打开第1台Basler相机..."
2025/04/22;14:29:48.963;ERROR;11328;0000000000000000;BaslerControl::openCamera@54;"Basler相机连接失败，可能存在其它程序正在使用相机"
2025/04/22;14:29:49.359;DEBUG;11328;0000000000000000;BaslerControl::openCamera@33;"正在连接Basler相机... ..."
2025/04/22;14:29:49.610;DEBUG;11328;0000000000000000;BaslerControl::openCamera@44;"尝试连接第1台相机..."
2025/04/22;14:29:49.753;DEBUG;11328;0000000000000000;BaslerControl::openCamera@49;"尝试打开第1台Basler相机..."
2025/04/22;14:29:49.754;ERROR;11328;0000000000000000;BaslerControl::openCamera@54;"Basler相机连接失败，可能存在其它程序正在使用相机"
2025/04/22;14:29:50.231;DEBUG;11328;0000000000000000;BaslerControl::openCamera@33;"正在连接Basler相机... ..."
2025/04/22;14:29:50.482;DEBUG;11328;0000000000000000;BaslerControl::openCamera@44;"尝试连接第1台相机..."
2025/04/22;14:29:50.633;DEBUG;11328;0000000000000000;BaslerControl::openCamera@49;"尝试打开第1台Basler相机..."
2025/04/22;14:29:50.634;ERROR;11328;0000000000000000;BaslerControl::openCamera@54;"Basler相机连接失败，可能存在其它程序正在使用相机"
2025/04/22;14:29:51.128;DEBUG;11328;0000000000000000;BaslerControl::openCamera@33;"正在连接Basler相机... ..."
2025/04/22;14:29:51.379;DEBUG;11328;0000000000000000;BaslerControl::openCamera@44;"尝试连接第1台相机..."
2025/04/22;14:29:51.533;DEBUG;11328;0000000000000000;BaslerControl::openCamera@49;"尝试打开第1台Basler相机..."
2025/04/22;14:29:51.534;ERROR;11328;0000000000000000;BaslerControl::openCamera@54;"Basler相机连接失败，可能存在其它程序正在使用相机"
2025/04/22;14:30:13.455;DEBUG;11328;0000000000000000;BaslerControl::openCamera@33;"正在连接Basler相机... ..."
2025/04/22;14:30:13.707;DEBUG;11328;0000000000000000;BaslerControl::openCamera@44;"尝试连接第1台相机..."
2025/04/22;14:30:14.075;DEBUG;11328;0000000000000000;BaslerControl::openCamera@49;"尝试打开第1台Basler相机..."
2025/04/22;14:30:14.718;DEBUG;11328;0000000000000000;BaslerControl::openCamera@51;"已经打开第1台Basler相机"
2025/04/22;14:30:14.748;DEBUG;11328;0000000000000000;BaslerControl::openCamera@64;"第1台Basler相机连接成功"
2025/04/22;14:30:19.088;DEBUG;11328;0000000000000000;BaslerControl::openCamera@33;"正在连接Basler相机... ..."
2025/04/22;14:30:19.339;DEBUG;11328;0000000000000000;BaslerControl::openCamera@44;"尝试连接第1台相机..."
2025/04/22;14:30:19.574;DEBUG;11328;0000000000000000;BaslerControl::openCamera@49;"尝试打开第1台Basler相机..."
2025/04/22;14:30:19.672;DEBUG;11328;0000000000000000;BaslerControl::openCamera@51;"已经打开第1台Basler相机"
2025/04/22;14:30:19.690;DEBUG;11328;0000000000000000;BaslerControl::openCamera@64;"第1台Basler相机连接成功"
2025/04/22;14:30:19.690;DEBUG;11328;0000000000000000;BaslerControl::openCamera@44;"尝试连接第2台相机..."
2025/04/22;14:30:19.846;DEBUG;11328;0000000000000000;BaslerControl::openCamera@49;"尝试打开第2台Basler相机..."
2025/04/22;14:30:19.971;DEBUG;11328;0000000000000000;BaslerControl::openCamera@51;"已经打开第2台Basler相机"
2025/04/22;14:30:19.995;DEBUG;11328;0000000000000000;BaslerControl::openCamera@64;"第2台Basler相机连接成功"
2025/04/22;14:30:19.995;DEBUG;11328;0000000000000000;BaslerControl::openCamera@44;"尝试连接第3台相机..."
2025/04/22;14:30:20.157;DEBUG;11328;0000000000000000;BaslerControl::openCamera@49;"尝试打开第3台Basler相机..."
2025/04/22;14:30:20.297;DEBUG;11328;0000000000000000;BaslerControl::openCamera@51;"已经打开第3台Basler相机"
2025/04/22;14:30:20.322;DEBUG;11328;0000000000000000;BaslerControl::openCamera@64;"第3台Basler相机连接成功"
2025/04/22;14:30:20.323;ERROR;11328;0000000000000000;BaslerControl::openCamera@171;"采图失败，退出采图程序。"
2025/04/22;14:32:03.156;ERROR;11328;0000000000000000;BaslerControl::openCamera@171;"采图失败，退出采图程序。"
2025/04/22;14:32:03.378;DEBUG;48704;0000000000000000;BaslerControl::closeCamera@189;"Basler相机断开连接"
2025/04/22;14:32:18.307;DEBUG;66044;0000000000000000;BaslerControl::openCamera@33;"正在连接Basler相机... ..."
2025/04/22;14:32:18.579;DEBUG;66044;0000000000000000;BaslerControl::openCamera@44;"尝试连接第1台相机..."
2025/04/22;14:32:18.863;DEBUG;66044;0000000000000000;BaslerControl::openCamera@49;"尝试打开第1台Basler相机..."
2025/04/22;14:32:19.007;DEBUG;66044;0000000000000000;BaslerControl::openCamera@51;"已经打开第1台Basler相机"
2025/04/22;14:32:19.043;DEBUG;66044;0000000000000000;BaslerControl::openCamera@64;"第1台Basler相机连接成功"
2025/04/22;14:32:19.043;DEBUG;66044;0000000000000000;BaslerControl::openCamera@44;"尝试连接第2台相机..."
2025/04/22;14:32:19.205;DEBUG;66044;0000000000000000;BaslerControl::openCamera@49;"尝试打开第2台Basler相机..."
2025/04/22;14:32:19.326;DEBUG;66044;0000000000000000;BaslerControl::openCamera@51;"已经打开第2台Basler相机"
2025/04/22;14:32:19.348;DEBUG;66044;0000000000000000;BaslerControl::openCamera@64;"第2台Basler相机连接成功"
2025/04/22;14:32:19.348;DEBUG;66044;0000000000000000;BaslerControl::openCamera@44;"尝试连接第3台相机..."
2025/04/22;14:32:19.507;DEBUG;66044;0000000000000000;BaslerControl::openCamera@49;"尝试打开第3台Basler相机..."
2025/04/22;14:32:19.646;DEBUG;66044;0000000000000000;BaslerControl::openCamera@51;"已经打开第3台Basler相机"
2025/04/22;14:32:19.670;DEBUG;66044;0000000000000000;BaslerControl::openCamera@64;"第3台Basler相机连接成功"
2025/04/22;14:34:13.228;ERROR;66044;0000000000000000;BaslerControl::openCamera@171;"采图失败，退出采图程序。"
2025/04/22;14:34:13.535;DEBUG;43240;0000000000000000;BaslerControl::closeCamera@189;"Basler相机断开连接"
2025/04/22;14:34:45.473;DEBUG;12800;0000000000000000;BaslerControl::openCamera@33;"正在连接Basler相机... ..."
2025/04/22;14:34:45.742;DEBUG;12800;0000000000000000;BaslerControl::openCamera@44;"尝试连接第1台相机..."
2025/04/22;14:34:46.023;DEBUG;12800;0000000000000000;BaslerControl::openCamera@49;"尝试打开第1台Basler相机..."
2025/04/22;14:34:46.178;DEBUG;12800;0000000000000000;BaslerControl::openCamera@51;"已经打开第1台Basler相机"
2025/04/22;14:34:46.214;DEBUG;12800;0000000000000000;BaslerControl::openCamera@64;"第1台Basler相机连接成功"
2025/04/22;14:34:46.214;DEBUG;12800;0000000000000000;BaslerControl::openCamera@44;"尝试连接第2台相机..."
2025/04/22;14:34:46.406;DEBUG;12800;0000000000000000;BaslerControl::openCamera@49;"尝试打开第2台Basler相机..."
2025/04/22;14:34:46.529;DEBUG;12800;0000000000000000;BaslerControl::openCamera@51;"已经打开第2台Basler相机"
2025/04/22;14:34:46.552;DEBUG;12800;0000000000000000;BaslerControl::openCamera@64;"第2台Basler相机连接成功"
2025/04/22;14:34:46.552;DEBUG;12800;0000000000000000;BaslerControl::openCamera@44;"尝试连接第3台相机..."
2025/04/22;14:34:46.712;DEBUG;12800;0000000000000000;BaslerControl::openCamera@49;"尝试打开第3台Basler相机..."
2025/04/22;14:34:46.850;DEBUG;12800;0000000000000000;BaslerControl::openCamera@51;"已经打开第3台Basler相机"
2025/04/22;14:34:46.873;DEBUG;12800;0000000000000000;BaslerControl::openCamera@64;"第3台Basler相机连接成功"
2025/04/22;14:40:05.279;ERROR;12800;0000000000000000;BaslerControl::openCamera@171;"采图失败，退出采图程序。"
2025/04/22;14:40:05.667;DEBUG;33568;0000000000000000;BaslerControl::closeCamera@189;"Basler相机断开连接"
2025/04/22;14:40:20.297;DEBUG;54980;0000000000000000;BaslerControl::openCamera@33;"正在连接Basler相机... ..."
2025/04/22;14:40:20.567;DEBUG;54980;0000000000000000;BaslerControl::openCamera@44;"尝试连接第1台相机..."
2025/04/22;14:40:20.856;DEBUG;54980;0000000000000000;BaslerControl::openCamera@49;"尝试打开第1台Basler相机..."
2025/04/22;14:40:21.449;DEBUG;54980;0000000000000000;BaslerControl::openCamera@51;"已经打开第1台Basler相机"
2025/04/22;14:40:21.465;DEBUG;54980;0000000000000000;BaslerControl::openCamera@64;"第1台Basler相机连接成功"
2025/04/22;14:40:21.465;DEBUG;54980;0000000000000000;BaslerControl::openCamera@44;"尝试连接第2台相机..."
2025/04/22;14:40:21.624;DEBUG;54980;0000000000000000;BaslerControl::openCamera@49;"尝试打开第2台Basler相机..."
2025/04/22;14:40:22.261;DEBUG;54980;0000000000000000;BaslerControl::openCamera@51;"已经打开第2台Basler相机"
2025/04/22;14:40:22.283;DEBUG;54980;0000000000000000;BaslerControl::openCamera@64;"第2台Basler相机连接成功"
2025/04/22;14:40:22.283;DEBUG;54980;0000000000000000;BaslerControl::openCamera@44;"尝试连接第3台相机..."
2025/04/22;14:40:22.433;DEBUG;54980;0000000000000000;BaslerControl::openCamera@49;"尝试打开第3台Basler相机..."
2025/04/22;14:40:22.556;DEBUG;54980;0000000000000000;BaslerControl::openCamera@51;"已经打开第3台Basler相机"
2025/04/22;14:40:22.579;DEBUG;54980;0000000000000000;BaslerControl::openCamera@64;"第3台Basler相机连接成功"
2025/04/22;14:41:12.833;DEBUG;54980;0000000000000000;BaslerControl::openCamera@33;"正在连接Basler相机... ..."
2025/04/22;14:41:13.099;DEBUG;54980;0000000000000000;BaslerControl::openCamera@44;"尝试连接第1台相机..."
2025/04/22;14:41:13.291;DEBUG;54980;0000000000000000;BaslerControl::openCamera@49;"尝试打开第1台Basler相机..."
2025/04/22;14:41:13.370;DEBUG;54980;0000000000000000;BaslerControl::openCamera@51;"已经打开第1台Basler相机"
2025/04/22;14:41:13.385;DEBUG;54980;0000000000000000;BaslerControl::openCamera@64;"第1台Basler相机连接成功"
2025/04/22;14:41:13.385;DEBUG;54980;0000000000000000;BaslerControl::openCamera@44;"尝试连接第2台相机..."
2025/04/22;14:41:13.677;DEBUG;54980;0000000000000000;BaslerControl::openCamera@49;"尝试打开第2台Basler相机..."
2025/04/22;14:41:13.795;DEBUG;54980;0000000000000000;BaslerControl::openCamera@51;"已经打开第2台Basler相机"
2025/04/22;14:41:13.818;DEBUG;54980;0000000000000000;BaslerControl::openCamera@64;"第2台Basler相机连接成功"
2025/04/22;14:41:13.818;DEBUG;54980;0000000000000000;BaslerControl::openCamera@44;"尝试连接第3台相机..."
2025/04/22;14:41:14.222;DEBUG;54980;0000000000000000;BaslerControl::openCamera@49;"尝试打开第3台Basler相机..."
2025/04/22;14:41:14.353;DEBUG;54980;0000000000000000;BaslerControl::openCamera@51;"已经打开第3台Basler相机"
2025/04/22;14:41:14.377;DEBUG;54980;0000000000000000;BaslerControl::openCamera@64;"第3台Basler相机连接成功"
2025/04/22;14:41:14.377;ERROR;54980;0000000000000000;BaslerControl::openCamera@171;"采图失败，退出采图程序。"
2025/04/22;14:43:23.604;ERROR;54980;0000000000000000;BaslerControl::openCamera@171;"采图失败，退出采图程序。"
2025/04/22;14:43:23.945;DEBUG;107736;0000000000000000;BaslerControl::closeCamera@189;"Basler相机断开连接"
2025/04/22;14:44:29.079;DEBUG;75412;0000000000000000;BaslerControl::openCamera@33;"正在连接Basler相机... ..."
2025/04/22;14:44:29.349;DEBUG;75412;0000000000000000;BaslerControl::openCamera@44;"尝试连接第1台相机..."
2025/04/22;14:44:29.495;DEBUG;75412;0000000000000000;BaslerControl::openCamera@49;"尝试打开第1台Basler相机..."
2025/04/22;14:44:29.575;DEBUG;75412;0000000000000000;BaslerControl::openCamera@51;"已经打开第1台Basler相机"
2025/04/22;14:44:29.593;DEBUG;75412;0000000000000000;BaslerControl::openCamera@64;"第1台Basler相机连接成功"
2025/04/22;14:44:29.593;DEBUG;75412;0000000000000000;BaslerControl::openCamera@44;"尝试连接第2台相机..."
2025/04/22;14:44:29.748;DEBUG;75412;0000000000000000;BaslerControl::openCamera@49;"尝试打开第2台Basler相机..."
2025/04/22;14:44:29.863;DEBUG;75412;0000000000000000;BaslerControl::openCamera@51;"已经打开第2台Basler相机"
2025/04/22;14:44:29.888;DEBUG;75412;0000000000000000;BaslerControl::openCamera@64;"第2台Basler相机连接成功"
2025/04/22;14:44:29.888;DEBUG;75412;0000000000000000;BaslerControl::openCamera@44;"尝试连接第3台相机..."
2025/04/22;14:44:30.043;DEBUG;75412;0000000000000000;BaslerControl::openCamera@49;"尝试打开第3台Basler相机..."
2025/04/22;14:44:30.163;DEBUG;75412;0000000000000000;BaslerControl::openCamera@51;"已经打开第3台Basler相机"
2025/04/22;14:44:30.185;DEBUG;75412;0000000000000000;BaslerControl::openCamera@64;"第3台Basler相机连接成功"
2025/04/22;14:45:06.523;ERROR;75412;0000000000000000;BaslerControl::openCamera@171;"采图失败，退出采图程序。"
2025/04/22;14:45:06.802;DEBUG;107668;0000000000000000;BaslerControl::closeCamera@189;"Basler相机断开连接"
2025/04/22;14:45:23.569;DEBUG;12216;0000000000000000;BaslerControl::openCamera@33;"正在连接Basler相机... ..."
2025/04/22;14:45:23.839;DEBUG;12216;0000000000000000;BaslerControl::openCamera@44;"尝试连接第1台相机..."
2025/04/22;14:45:24.071;DEBUG;12216;0000000000000000;BaslerControl::openCamera@49;"尝试打开第1台Basler相机..."
2025/04/22;14:45:24.653;DEBUG;12216;0000000000000000;BaslerControl::openCamera@51;"已经打开第1台Basler相机"
2025/04/22;14:45:24.669;DEBUG;12216;0000000000000000;BaslerControl::openCamera@64;"第1台Basler相机连接成功"
2025/04/22;14:45:24.669;DEBUG;12216;0000000000000000;BaslerControl::openCamera@44;"尝试连接第2台相机..."
2025/04/22;14:45:24.813;DEBUG;12216;0000000000000000;BaslerControl::openCamera@49;"尝试打开第2台Basler相机..."
2025/04/22;14:45:24.929;DEBUG;12216;0000000000000000;BaslerControl::openCamera@51;"已经打开第2台Basler相机"
2025/04/22;14:45:24.951;DEBUG;12216;0000000000000000;BaslerControl::openCamera@64;"第2台Basler相机连接成功"
2025/04/22;14:45:24.952;DEBUG;12216;0000000000000000;BaslerControl::openCamera@44;"尝试连接第3台相机..."
2025/04/22;14:45:25.102;DEBUG;12216;0000000000000000;BaslerControl::openCamera@49;"尝试打开第3台Basler相机..."
2025/04/22;14:45:25.224;DEBUG;12216;0000000000000000;BaslerControl::openCamera@51;"已经打开第3台Basler相机"
2025/04/22;14:45:25.247;DEBUG;12216;0000000000000000;BaslerControl::openCamera@64;"第3台Basler相机连接成功"
2025/04/22;14:47:35.605;ERROR;12216;0000000000000000;BaslerControl::openCamera@171;"采图失败，退出采图程序。"
2025/04/22;14:47:35.865;DEBUG;50960;0000000000000000;BaslerControl::closeCamera@189;"Basler相机断开连接"
2025/04/22;14:48:16.392;DEBUG;68332;0000000000000000;BaslerControl::openCamera@33;"正在连接Basler相机... ..."
2025/04/22;14:48:16.662;DEBUG;68332;0000000000000000;BaslerControl::openCamera@44;"尝试连接第1台相机..."
2025/04/22;14:48:16.956;DEBUG;68332;0000000000000000;BaslerControl::openCamera@49;"尝试打开第1台Basler相机..."
2025/04/22;14:48:17.098;DEBUG;68332;0000000000000000;BaslerControl::openCamera@51;"已经打开第1台Basler相机"
2025/04/22;14:48:17.131;DEBUG;68332;0000000000000000;BaslerControl::openCamera@64;"第1台Basler相机连接成功"
2025/04/22;14:48:17.131;DEBUG;68332;0000000000000000;BaslerControl::openCamera@44;"尝试连接第2台相机..."
2025/04/22;14:48:17.312;DEBUG;68332;0000000000000000;BaslerControl::openCamera@49;"尝试打开第2台Basler相机..."
2025/04/22;14:48:17.940;DEBUG;68332;0000000000000000;BaslerControl::openCamera@51;"已经打开第2台Basler相机"
2025/04/22;14:48:17.962;DEBUG;68332;0000000000000000;BaslerControl::openCamera@64;"第2台Basler相机连接成功"
2025/04/22;14:48:17.962;DEBUG;68332;0000000000000000;BaslerControl::openCamera@44;"尝试连接第3台相机..."
2025/04/22;14:48:18.112;DEBUG;68332;0000000000000000;BaslerControl::openCamera@49;"尝试打开第3台Basler相机..."
2025/04/22;14:48:18.239;DEBUG;68332;0000000000000000;BaslerControl::openCamera@51;"已经打开第3台Basler相机"
2025/04/22;14:48:18.260;DEBUG;68332;0000000000000000;BaslerControl::openCamera@64;"第3台Basler相机连接成功"
2025/04/22;14:53:50.014;ERROR;68332;0000000000000000;BaslerControl::openCamera@171;"采图失败，退出采图程序。"
2025/04/22;14:53:50.356;DEBUG;7836;0000000000000000;BaslerControl::closeCamera@189;"Basler相机断开连接"
2025/04/22;14:54:33.704;DEBUG;18664;0000000000000000;BaslerControl::openCamera@33;"正在连接Basler相机... ..."
2025/04/22;14:54:33.974;DEBUG;18664;0000000000000000;BaslerControl::openCamera@44;"尝试连接第1台相机..."
2025/04/22;14:54:34.274;DEBUG;18664;0000000000000000;BaslerControl::openCamera@49;"尝试打开第1台Basler相机..."
2025/04/22;14:54:34.371;DEBUG;18664;0000000000000000;BaslerControl::openCamera@51;"已经打开第1台Basler相机"
2025/04/22;14:54:34.387;DEBUG;18664;0000000000000000;BaslerControl::openCamera@64;"第1台Basler相机连接成功"
2025/04/22;14:54:34.388;DEBUG;18664;0000000000000000;BaslerControl::openCamera@44;"尝试连接第2台相机..."
2025/04/22;14:54:34.547;DEBUG;18664;0000000000000000;BaslerControl::openCamera@49;"尝试打开第2台Basler相机..."
2025/04/22;14:54:35.180;DEBUG;18664;0000000000000000;BaslerControl::openCamera@51;"已经打开第2台Basler相机"
2025/04/22;14:54:35.202;DEBUG;18664;0000000000000000;BaslerControl::openCamera@64;"第2台Basler相机连接成功"
2025/04/22;14:54:35.203;DEBUG;18664;0000000000000000;BaslerControl::openCamera@44;"尝试连接第3台相机..."
2025/04/22;14:54:35.354;DEBUG;18664;0000000000000000;BaslerControl::openCamera@49;"尝试打开第3台Basler相机..."
2025/04/22;14:54:35.498;DEBUG;18664;0000000000000000;BaslerControl::openCamera@51;"已经打开第3台Basler相机"
2025/04/22;14:54:35.522;DEBUG;18664;0000000000000000;BaslerControl::openCamera@64;"第3台Basler相机连接成功"
2025/04/22;15:25:30.540;ERROR;18664;0000000000000000;BaslerControl::openCamera@162;"图片保存成功"
2025/04/22;15:25:40.671;ERROR;18664;0000000000000000;BaslerControl::openCamera@171;"采图失败，退出采图程序。"
2025/04/22;15:25:40.763;DEBUG;58032;0000000000000000;BaslerControl::closeCamera@189;"Basler相机断开连接"
2025/04/22;15:27:28.859;DEBUG;9220;0000000000000000;BaslerControl::openCamera@33;"正在连接Basler相机... ..."
2025/04/22;15:27:29.131;DEBUG;9220;0000000000000000;BaslerControl::openCamera@44;"尝试连接第1台相机..."
2025/04/22;15:27:29.275;DEBUG;9220;0000000000000000;BaslerControl::openCamera@49;"尝试打开第1台Basler相机..."
2025/04/22;15:27:29.356;DEBUG;9220;0000000000000000;BaslerControl::openCamera@51;"已经打开第1台Basler相机"
2025/04/22;15:27:29.373;DEBUG;9220;0000000000000000;BaslerControl::openCamera@64;"第1台Basler相机连接成功"
2025/04/22;15:27:29.373;DEBUG;9220;0000000000000000;BaslerControl::openCamera@44;"尝试连接第2台相机..."
2025/04/22;15:27:29.518;DEBUG;9220;0000000000000000;BaslerControl::openCamera@49;"尝试打开第2台Basler相机..."
2025/04/22;15:27:29.630;DEBUG;9220;0000000000000000;BaslerControl::openCamera@51;"已经打开第2台Basler相机"
2025/04/22;15:27:29.652;DEBUG;9220;0000000000000000;BaslerControl::openCamera@64;"第2台Basler相机连接成功"
2025/04/22;15:27:29.652;DEBUG;9220;0000000000000000;BaslerControl::openCamera@44;"尝试连接第3台相机..."
2025/04/22;15:27:29.807;DEBUG;9220;0000000000000000;BaslerControl::openCamera@49;"尝试打开第3台Basler相机..."
2025/04/22;15:27:29.930;DEBUG;9220;0000000000000000;BaslerControl::openCamera@51;"已经打开第3台Basler相机"
2025/04/22;15:27:29.952;DEBUG;9220;0000000000000000;BaslerControl::openCamera@64;"第3台Basler相机连接成功"
2025/04/22;15:27:41.259;ERROR;9220;0000000000000000;BaslerControl::openCamera@162;"图片保存成功"
2025/04/22;15:35:21.451;ERROR;9220;0000000000000000;BaslerControl::openCamera@171;"采图失败，退出采图程序。"
2025/04/22;15:35:21.631;DEBUG;73184;0000000000000000;BaslerControl::closeCamera@189;"Basler相机断开连接"
2025/04/22;15:35:28.032;DEBUG;99460;0000000000000000;BaslerControl::openCamera@33;"正在连接Basler相机... ..."
2025/04/22;15:35:28.303;DEBUG;99460;0000000000000000;BaslerControl::openCamera@44;"尝试连接第1台相机..."
2025/04/22;15:35:28.463;DEBUG;99460;0000000000000000;BaslerControl::openCamera@49;"尝试打开第1台Basler相机..."
2025/04/22;15:35:28.545;DEBUG;99460;0000000000000000;BaslerControl::openCamera@51;"已经打开第1台Basler相机"
2025/04/22;15:35:28.561;DEBUG;99460;0000000000000000;BaslerControl::openCamera@64;"第1台Basler相机连接成功"
2025/04/22;15:35:28.561;DEBUG;99460;0000000000000000;BaslerControl::openCamera@44;"尝试连接第2台相机..."
2025/04/22;15:35:28.708;DEBUG;99460;0000000000000000;BaslerControl::openCamera@49;"尝试打开第2台Basler相机..."
2025/04/22;15:35:28.826;DEBUG;99460;0000000000000000;BaslerControl::openCamera@51;"已经打开第2台Basler相机"
2025/04/22;15:35:28.847;DEBUG;99460;0000000000000000;BaslerControl::openCamera@64;"第2台Basler相机连接成功"
2025/04/22;15:35:28.847;DEBUG;99460;0000000000000000;BaslerControl::openCamera@44;"尝试连接第3台相机..."
2025/04/22;15:35:28.991;DEBUG;99460;0000000000000000;BaslerControl::openCamera@49;"尝试打开第3台Basler相机..."
2025/04/22;15:35:29.112;DEBUG;99460;0000000000000000;BaslerControl::openCamera@51;"已经打开第3台Basler相机"
2025/04/22;15:35:29.135;DEBUG;99460;0000000000000000;BaslerControl::openCamera@64;"第3台Basler相机连接成功"
2025/04/22;15:37:28.470;DEBUG;90996;0000000000000000;BaslerControl::openCamera@33;"正在连接Basler相机... ..."
2025/04/22;15:37:28.740;DEBUG;90996;0000000000000000;BaslerControl::openCamera@44;"尝试连接第1台相机..."
2025/04/22;15:37:29.019;DEBUG;90996;0000000000000000;BaslerControl::openCamera@49;"尝试打开第1台Basler相机..."
2025/04/22;15:37:29.643;DEBUG;90996;0000000000000000;BaslerControl::openCamera@51;"已经打开第1台Basler相机"
2025/04/22;15:37:29.659;DEBUG;90996;0000000000000000;BaslerControl::openCamera@64;"第1台Basler相机连接成功"
2025/04/22;15:37:29.659;DEBUG;90996;0000000000000000;BaslerControl::openCamera@44;"尝试连接第2台相机..."
2025/04/22;15:37:29.808;DEBUG;90996;0000000000000000;BaslerControl::openCamera@49;"尝试打开第2台Basler相机..."
2025/04/22;15:37:29.931;DEBUG;90996;0000000000000000;BaslerControl::openCamera@51;"已经打开第2台Basler相机"
2025/04/22;15:37:29.956;DEBUG;90996;0000000000000000;BaslerControl::openCamera@64;"第2台Basler相机连接成功"
2025/04/22;15:37:29.956;DEBUG;90996;0000000000000000;BaslerControl::openCamera@44;"尝试连接第3台相机..."
2025/04/22;15:37:30.120;DEBUG;90996;0000000000000000;BaslerControl::openCamera@49;"尝试打开第3台Basler相机..."
2025/04/22;15:37:30.244;DEBUG;90996;0000000000000000;BaslerControl::openCamera@51;"已经打开第3台Basler相机"
2025/04/22;15:37:30.268;DEBUG;90996;0000000000000000;BaslerControl::openCamera@64;"第3台Basler相机连接成功"
2025/04/22;15:39:52.962;ERROR;90996;0000000000000000;BaslerControl::openCamera@162;"图片保存成功"
2025/04/22;15:40:56.375;DEBUG;90996;0000000000000000;BaslerControl::closeCamera@189;"Basler相机断开连接"
2025/04/22;15:40:59.093;DEBUG;90996;0000000000000000;BaslerControl::openCamera@33;"正在连接Basler相机... ..."
2025/04/22;15:40:59.363;DEBUG;90996;0000000000000000;BaslerControl::openCamera@44;"尝试连接第1台相机..."
2025/04/22;15:40:59.569;DEBUG;90996;0000000000000000;BaslerControl::openCamera@49;"尝试打开第1台Basler相机..."
2025/04/22;15:40:59.651;DEBUG;90996;0000000000000000;BaslerControl::openCamera@51;"已经打开第1台Basler相机"
2025/04/22;15:40:59.667;DEBUG;90996;0000000000000000;BaslerControl::openCamera@64;"第1台Basler相机连接成功"
2025/04/22;15:40:59.667;DEBUG;90996;0000000000000000;BaslerControl::openCamera@44;"尝试连接第2台相机..."
2025/04/22;15:40:59.811;DEBUG;90996;0000000000000000;BaslerControl::openCamera@49;"尝试打开第2台Basler相机..."
2025/04/22;15:40:59.942;DEBUG;90996;0000000000000000;BaslerControl::openCamera@51;"已经打开第2台Basler相机"
2025/04/22;15:40:59.966;DEBUG;90996;0000000000000000;BaslerControl::openCamera@64;"第2台Basler相机连接成功"
2025/04/22;15:40:59.966;DEBUG;90996;0000000000000000;BaslerControl::openCamera@44;"尝试连接第3台相机..."
2025/04/22;15:41:00.131;DEBUG;90996;0000000000000000;BaslerControl::openCamera@49;"尝试打开第3台Basler相机..."
2025/04/22;15:41:00.273;DEBUG;90996;0000000000000000;BaslerControl::openCamera@51;"已经打开第3台Basler相机"
2025/04/22;15:41:00.298;DEBUG;90996;0000000000000000;BaslerControl::openCamera@64;"第3台Basler相机连接成功"
2025/04/22;15:42:22.113;ERROR;90996;0000000000000000;BaslerControl::openCamera@162;"图片保存成功"
2025/04/22;15:42:52.213;ERROR;90996;0000000000000000;BaslerControl::openCamera@162;"图片保存成功"
2025/04/22;15:43:19.668;ERROR;90996;0000000000000000;BaslerControl::openCamera@162;"图片保存成功"
2025/04/22;15:43:58.055;ERROR;90996;0000000000000000;BaslerControl::openCamera@162;"图片保存成功"
2025/04/22;15:44:21.663;ERROR;90996;0000000000000000;BaslerControl::openCamera@162;"图片保存成功"
2025/04/22;15:44:48.512;ERROR;90996;0000000000000000;BaslerControl::openCamera@162;"图片保存成功"
2025/04/22;15:44:59.148;ERROR;90996;0000000000000000;BaslerControl::openCamera@162;"图片保存成功"
2025/04/22;15:45:18.790;ERROR;90996;0000000000000000;BaslerControl::openCamera@162;"图片保存成功"
2025/04/22;15:46:00.135;ERROR;90996;0000000000000000;BaslerControl::openCamera@162;"图片保存成功"
2025/04/22;15:46:19.301;ERROR;90996;0000000000000000;BaslerControl::openCamera@162;"图片保存成功"
2025/04/22;15:46:48.139;ERROR;90996;0000000000000000;BaslerControl::openCamera@162;"图片保存成功"
2025/04/22;15:47:10.311;ERROR;90996;0000000000000000;BaslerControl::openCamera@162;"图片保存成功"
2025/04/22;15:47:27.849;ERROR;90996;0000000000000000;BaslerControl::openCamera@162;"图片保存成功"
2025/04/22;15:49:00.611;ERROR;90996;0000000000000000;BaslerControl::openCamera@162;"图片保存成功"
2025/04/22;15:49:41.704;ERROR;90996;0000000000000000;BaslerControl::openCamera@162;"图片保存成功"
2025/04/22;15:50:00.388;ERROR;90996;0000000000000000;BaslerControl::openCamera@162;"图片保存成功"
2025/04/22;15:51:04.074;ERROR;90996;0000000000000000;BaslerControl::openCamera@162;"图片保存成功"
2025/04/22;15:51:51.299;ERROR;90996;0000000000000000;BaslerControl::openCamera@162;"图片保存成功"
2025/04/22;15:52:42.602;ERROR;90996;0000000000000000;BaslerControl::openCamera@162;"图片保存成功"
2025/04/22;15:53:39.294;DEBUG;70684;0000000000000000;BaslerControl::openCamera@33;"正在连接Basler相机... ..."
2025/04/22;15:53:39.564;DEBUG;70684;0000000000000000;BaslerControl::openCamera@44;"尝试连接第1台相机..."
2025/04/22;15:53:39.866;DEBUG;70684;0000000000000000;BaslerControl::openCamera@49;"尝试打开第1台Basler相机..."
2025/04/22;15:53:40.009;DEBUG;70684;0000000000000000;BaslerControl::openCamera@51;"已经打开第1台Basler相机"
2025/04/22;15:53:40.026;DEBUG;70684;0000000000000000;BaslerControl::openCamera@64;"第1台Basler相机连接成功"
2025/04/22;15:53:40.026;DEBUG;70684;0000000000000000;BaslerControl::openCamera@44;"尝试连接第2台相机..."
2025/04/22;15:53:40.171;DEBUG;70684;0000000000000000;BaslerControl::openCamera@49;"尝试打开第2台Basler相机..."
2025/04/22;15:53:40.786;DEBUG;70684;0000000000000000;BaslerControl::openCamera@51;"已经打开第2台Basler相机"
2025/04/22;15:53:40.809;DEBUG;70684;0000000000000000;BaslerControl::openCamera@64;"第2台Basler相机连接成功"
2025/04/22;15:53:40.809;DEBUG;70684;0000000000000000;BaslerControl::openCamera@44;"尝试连接第3台相机..."
2025/04/22;15:53:40.964;DEBUG;70684;0000000000000000;BaslerControl::openCamera@49;"尝试打开第3台Basler相机..."
2025/04/22;15:53:41.086;DEBUG;70684;0000000000000000;BaslerControl::openCamera@51;"已经打开第3台Basler相机"
2025/04/22;15:53:41.109;DEBUG;70684;0000000000000000;BaslerControl::openCamera@64;"第3台Basler相机连接成功"
2025/04/22;15:54:36.282;ERROR;70684;0000000000000000;BaslerControl::openCamera@171;"采图失败，退出采图程序。"
2025/04/22;15:54:36.386;DEBUG;82364;0000000000000000;BaslerControl::closeCamera@189;"Basler相机断开连接"
2025/04/22;15:55:01.081;DEBUG;16260;0000000000000000;BaslerControl::openCamera@33;"正在连接Basler相机... ..."
2025/04/22;15:55:01.351;DEBUG;16260;0000000000000000;BaslerControl::openCamera@44;"尝试连接第1台相机..."
2025/04/22;15:55:01.630;DEBUG;16260;0000000000000000;BaslerControl::openCamera@49;"尝试打开第1台Basler相机..."
2025/04/22;15:55:01.784;DEBUG;16260;0000000000000000;BaslerControl::openCamera@51;"已经打开第1台Basler相机"
2025/04/22;15:55:01.818;DEBUG;16260;0000000000000000;BaslerControl::openCamera@64;"第1台Basler相机连接成功"
2025/04/22;15:55:01.818;DEBUG;16260;0000000000000000;BaslerControl::openCamera@44;"尝试连接第2台相机..."
2025/04/22;15:55:01.996;DEBUG;16260;0000000000000000;BaslerControl::openCamera@49;"尝试打开第2台Basler相机..."
2025/04/22;15:55:02.120;DEBUG;16260;0000000000000000;BaslerControl::openCamera@51;"已经打开第2台Basler相机"
2025/04/22;15:55:02.145;DEBUG;16260;0000000000000000;BaslerControl::openCamera@64;"第2台Basler相机连接成功"
2025/04/22;15:55:02.145;DEBUG;16260;0000000000000000;BaslerControl::openCamera@44;"尝试连接第3台相机..."
2025/04/22;15:55:02.309;DEBUG;16260;0000000000000000;BaslerControl::openCamera@49;"尝试打开第3台Basler相机..."
2025/04/22;15:55:02.451;DEBUG;16260;0000000000000000;BaslerControl::openCamera@51;"已经打开第3台Basler相机"
2025/04/22;15:55:02.476;DEBUG;16260;0000000000000000;BaslerControl::openCamera@64;"第3台Basler相机连接成功"
2025/04/22;15:59:23.226;DEBUG;75288;0000000000000000;BaslerControl::openCamera@33;"正在连接Basler相机... ..."
2025/04/22;15:59:23.491;DEBUG;75288;0000000000000000;BaslerControl::openCamera@44;"尝试连接第1台相机..."
2025/04/22;15:59:23.664;DEBUG;75288;0000000000000000;BaslerControl::openCamera@49;"尝试打开第1台Basler相机..."
2025/04/22;15:59:23.745;DEBUG;75288;0000000000000000;BaslerControl::openCamera@51;"已经打开第1台Basler相机"
2025/04/22;15:59:23.762;DEBUG;75288;0000000000000000;BaslerControl::openCamera@64;"第1台Basler相机连接成功"
2025/04/22;15:59:23.762;DEBUG;75288;0000000000000000;BaslerControl::openCamera@44;"尝试连接第2台相机..."
2025/04/22;15:59:23.907;DEBUG;75288;0000000000000000;BaslerControl::openCamera@49;"尝试打开第2台Basler相机..."
2025/04/22;15:59:24.030;DEBUG;75288;0000000000000000;BaslerControl::openCamera@51;"已经打开第2台Basler相机"
2025/04/22;15:59:24.052;DEBUG;75288;0000000000000000;BaslerControl::openCamera@64;"第2台Basler相机连接成功"
2025/04/22;15:59:24.052;DEBUG;75288;0000000000000000;BaslerControl::openCamera@44;"尝试连接第3台相机..."
2025/04/22;15:59:24.211;DEBUG;75288;0000000000000000;BaslerControl::openCamera@49;"尝试打开第3台Basler相机..."
2025/04/22;15:59:24.344;DEBUG;75288;0000000000000000;BaslerControl::openCamera@51;"已经打开第3台Basler相机"
2025/04/22;15:59:24.366;DEBUG;75288;0000000000000000;BaslerControl::openCamera@64;"第3台Basler相机连接成功"
2025/04/22;16:00:54.003;ERROR;75288;0000000000000000;BaslerControl::openCamera@162;"图片保存成功"
2025/04/22;16:01:31.673;ERROR;75288;0000000000000000;BaslerControl::openCamera@162;"图片保存成功"
2025/04/22;16:01:57.752;ERROR;75288;0000000000000000;BaslerControl::openCamera@162;"图片保存成功"
2025/04/22;16:02:20.094;ERROR;75288;0000000000000000;BaslerControl::openCamera@162;"图片保存成功"
2025/04/22;16:02:51.338;ERROR;75288;0000000000000000;BaslerControl::openCamera@162;"图片保存成功"
2025/04/22;16:03:33.392;ERROR;75288;0000000000000000;BaslerControl::openCamera@162;"图片保存成功"
2025/04/22;16:04:44.643;ERROR;75288;0000000000000000;BaslerControl::openCamera@162;"图片保存成功"
2025/04/22;16:05:11.079;ERROR;75288;0000000000000000;BaslerControl::openCamera@162;"图片保存成功"
2025/04/22;16:06:36.816;ERROR;75288;0000000000000000;BaslerControl::openCamera@162;"图片保存成功"
2025/04/22;16:07:04.752;ERROR;75288;0000000000000000;BaslerControl::openCamera@162;"图片保存成功"
2025/04/22;16:07:29.384;ERROR;75288;0000000000000000;BaslerControl::openCamera@162;"图片保存成功"
2025/04/22;16:07:48.669;ERROR;75288;0000000000000000;BaslerControl::openCamera@162;"图片保存成功"
2025/04/22;16:08:24.357;ERROR;75288;0000000000000000;BaslerControl::openCamera@162;"图片保存成功"
2025/04/22;16:09:08.448;ERROR;75288;0000000000000000;BaslerControl::openCamera@162;"图片保存成功"
2025/04/22;16:09:28.451;ERROR;75288;0000000000000000;BaslerControl::openCamera@162;"图片保存成功"
2025/04/22;16:09:38.122;ERROR;75288;0000000000000000;BaslerControl::openCamera@162;"图片保存成功"
2025/04/22;16:10:06.849;ERROR;75288;0000000000000000;BaslerControl::openCamera@162;"图片保存成功"
2025/04/22;16:10:36.710;ERROR;75288;0000000000000000;BaslerControl::openCamera@162;"图片保存成功"
2025/04/22;16:10:53.895;ERROR;75288;0000000000000000;BaslerControl::openCamera@162;"图片保存成功"
2025/04/22;16:11:36.305;ERROR;75288;0000000000000000;BaslerControl::openCamera@162;"图片保存成功"
2025/04/22;16:12:22.691;ERROR;75288;0000000000000000;BaslerControl::openCamera@162;"图片保存成功"
2025/04/22;16:16:05.842;ERROR;75288;0000000000000000;BaslerControl::openCamera@162;"图片保存成功"
2025/04/22;16:20:41.993;ERROR;75288;0000000000000000;BaslerControl::openCamera@171;"采图失败，退出采图程序。"
2025/04/22;16:20:42.108;DEBUG;47968;0000000000000000;BaslerControl::closeCamera@189;"Basler相机断开连接"
2025/04/22;16:22:27.791;DEBUG;12308;0000000000000000;BaslerControl::openCamera@33;"正在连接Basler相机... ..."
2025/04/22;16:22:28.056;DEBUG;12308;0000000000000000;BaslerControl::openCamera@44;"尝试连接第1台相机..."
2025/04/22;16:22:28.344;DEBUG;12308;0000000000000000;BaslerControl::openCamera@49;"尝试打开第1台Basler相机..."
2025/04/22;16:22:28.491;DEBUG;12308;0000000000000000;BaslerControl::openCamera@51;"已经打开第1台Basler相机"
2025/04/22;16:22:28.508;DEBUG;12308;0000000000000000;BaslerControl::openCamera@64;"第1台Basler相机连接成功"
2025/04/22;16:22:28.508;DEBUG;12308;0000000000000000;BaslerControl::openCamera@44;"尝试连接第2台相机..."
2025/04/22;16:22:28.667;DEBUG;12308;0000000000000000;BaslerControl::openCamera@49;"尝试打开第2台Basler相机..."
2025/04/22;16:22:28.794;DEBUG;12308;0000000000000000;BaslerControl::openCamera@51;"已经打开第2台Basler相机"
2025/04/22;16:22:28.817;DEBUG;12308;0000000000000000;BaslerControl::openCamera@64;"第2台Basler相机连接成功"
2025/04/22;16:22:28.817;DEBUG;12308;0000000000000000;BaslerControl::openCamera@44;"尝试连接第3台相机..."
2025/04/22;16:22:28.983;DEBUG;12308;0000000000000000;BaslerControl::openCamera@49;"尝试打开第3台Basler相机..."
2025/04/22;16:22:29.110;DEBUG;12308;0000000000000000;BaslerControl::openCamera@51;"已经打开第3台Basler相机"
2025/04/22;16:22:29.135;DEBUG;12308;0000000000000000;BaslerControl::openCamera@64;"第3台Basler相机连接成功"
2025/04/22;16:22:53.842;ERROR;12308;0000000000000000;BaslerControl::openCamera@162;"图片保存成功"
2025/04/22;16:23:37.818;ERROR;12308;0000000000000000;BaslerControl::openCamera@162;"图片保存成功"
2025/04/22;16:26:26.334;ERROR;12308;0000000000000000;BaslerControl::openCamera@171;"采图失败，退出采图程序。"
2025/04/22;16:26:26.533;DEBUG;58768;0000000000000000;BaslerControl::closeCamera@189;"Basler相机断开连接"
2025/04/22;16:26:42.218;DEBUG;45136;0000000000000000;BaslerControl::closeCamera@189;"Basler相机断开连接"
2025/04/22;16:27:25.588;DEBUG;78956;0000000000000000;BaslerControl::openCamera@33;"正在连接Basler相机... ..."
2025/04/22;16:27:25.858;DEBUG;78956;0000000000000000;BaslerControl::openCamera@44;"尝试连接第1台相机..."
2025/04/22;16:27:26.145;DEBUG;78956;0000000000000000;BaslerControl::openCamera@49;"尝试打开第1台Basler相机..."
2025/04/22;16:27:26.253;DEBUG;78956;0000000000000000;BaslerControl::openCamera@51;"已经打开第1台Basler相机"
2025/04/22;16:27:26.270;DEBUG;78956;0000000000000000;BaslerControl::openCamera@64;"第1台Basler相机连接成功"
2025/04/22;16:27:26.270;DEBUG;78956;0000000000000000;BaslerControl::openCamera@44;"尝试连接第2台相机..."
2025/04/22;16:27:26.418;DEBUG;78956;0000000000000000;BaslerControl::openCamera@49;"尝试打开第2台Basler相机..."
2025/04/22;16:27:26.544;DEBUG;78956;0000000000000000;BaslerControl::openCamera@51;"已经打开第2台Basler相机"
2025/04/22;16:27:26.567;DEBUG;78956;0000000000000000;BaslerControl::openCamera@64;"第2台Basler相机连接成功"
2025/04/22;16:27:26.567;DEBUG;78956;0000000000000000;BaslerControl::openCamera@44;"尝试连接第3台相机..."
2025/04/22;16:27:26.714;DEBUG;78956;0000000000000000;BaslerControl::openCamera@49;"尝试打开第3台Basler相机..."
2025/04/22;16:27:26.849;DEBUG;78956;0000000000000000;BaslerControl::openCamera@51;"已经打开第3台Basler相机"
2025/04/22;16:27:26.873;DEBUG;78956;0000000000000000;BaslerControl::openCamera@64;"第3台Basler相机连接成功"
2025/04/22;16:27:58.783;ERROR;78956;0000000000000000;BaslerControl::openCamera@162;"图片保存成功"
2025/04/22;16:28:18.786;ERROR;78956;0000000000000000;BaslerControl::openCamera@162;"图片保存成功"
2025/04/22;16:29:37.505;ERROR;78956;0000000000000000;BaslerControl::openCamera@171;"采图失败，退出采图程序。"
2025/04/22;16:29:37.671;DEBUG;66552;0000000000000000;BaslerControl::closeCamera@189;"Basler相机断开连接"
2025/04/22;16:29:56.640;DEBUG;69096;0000000000000000;BaslerControl::openCamera@33;"正在连接Basler相机... ..."
2025/04/22;16:29:56.910;DEBUG;69096;0000000000000000;BaslerControl::openCamera@44;"尝试连接第1台相机..."
2025/04/22;16:29:57.056;DEBUG;69096;0000000000000000;BaslerControl::openCamera@49;"尝试打开第1台Basler相机..."
2025/04/22;16:29:57.649;DEBUG;69096;0000000000000000;BaslerControl::openCamera@51;"已经打开第1台Basler相机"
2025/04/22;16:29:57.667;DEBUG;69096;0000000000000000;BaslerControl::openCamera@64;"第1台Basler相机连接成功"
2025/04/22;16:29:57.667;DEBUG;69096;0000000000000000;BaslerControl::openCamera@44;"尝试连接第2台相机..."
2025/04/22;16:29:57.822;DEBUG;69096;0000000000000000;BaslerControl::openCamera@49;"尝试打开第2台Basler相机..."
2025/04/22;16:29:57.946;DEBUG;69096;0000000000000000;BaslerControl::openCamera@51;"已经打开第2台Basler相机"
2025/04/22;16:29:57.970;DEBUG;69096;0000000000000000;BaslerControl::openCamera@64;"第2台Basler相机连接成功"
2025/04/22;16:29:57.970;DEBUG;69096;0000000000000000;BaslerControl::openCamera@44;"尝试连接第3台相机..."
2025/04/22;16:29:58.132;DEBUG;69096;0000000000000000;BaslerControl::openCamera@49;"尝试打开第3台Basler相机..."
2025/04/22;16:29:58.271;DEBUG;69096;0000000000000000;BaslerControl::openCamera@51;"已经打开第3台Basler相机"
2025/04/22;16:29:58.295;DEBUG;69096;0000000000000000;BaslerControl::openCamera@64;"第3台Basler相机连接成功"
2025/04/22;16:33:47.039;ERROR;69096;0000000000000000;BaslerControl::openCamera@162;"图片保存成功"
2025/04/22;16:34:09.154;ERROR;69096;0000000000000000;BaslerControl::openCamera@162;"图片保存成功"
2025/04/22;16:34:30.235;ERROR;69096;0000000000000000;BaslerControl::openCamera@162;"图片保存成功"
2025/04/22;16:34:52.006;ERROR;69096;0000000000000000;BaslerControl::openCamera@162;"图片保存成功"
2025/04/22;16:35:03.409;ERROR;69096;0000000000000000;BaslerControl::openCamera@162;"图片保存成功"
2025/04/22;16:35:14.989;ERROR;69096;0000000000000000;BaslerControl::openCamera@162;"图片保存成功"
2025/04/22;16:35:47.124;ERROR;69096;0000000000000000;BaslerControl::openCamera@162;"图片保存成功"
2025/04/22;16:36:01.121;ERROR;69096;0000000000000000;BaslerControl::openCamera@162;"图片保存成功"
2025/04/22;16:36:55.549;ERROR;69096;0000000000000000;BaslerControl::openCamera@162;"图片保存成功"
2025/04/22;16:37:11.272;ERROR;69096;0000000000000000;BaslerControl::openCamera@162;"图片保存成功"
2025/04/22;16:37:41.339;ERROR;69096;0000000000000000;BaslerControl::openCamera@162;"图片保存成功"
2025/04/22;16:38:11.922;ERROR;69096;0000000000000000;BaslerControl::openCamera@162;"图片保存成功"
2025/04/22;16:38:19.866;ERROR;69096;0000000000000000;BaslerControl::openCamera@162;"图片保存成功"
2025/04/22;16:38:52.529;ERROR;69096;0000000000000000;BaslerControl::openCamera@162;"图片保存成功"
2025/04/22;16:39:05.833;ERROR;69096;0000000000000000;BaslerControl::openCamera@162;"图片保存成功"
2025/04/22;16:39:17.931;ERROR;69096;0000000000000000;BaslerControl::openCamera@162;"图片保存成功"
2025/04/22;16:39:31.234;ERROR;69096;0000000000000000;BaslerControl::openCamera@162;"图片保存成功"
2025/04/22;16:42:15.038;ERROR;69096;0000000000000000;BaslerControl::openCamera@162;"图片保存成功"
2025/04/22;16:45:25.384;DEBUG;57004;0000000000000000;BaslerControl::openCamera@33;"正在连接Basler相机... ..."
2025/04/22;16:45:25.688;DEBUG;57004;0000000000000000;BaslerControl::openCamera@44;"尝试连接第1台相机..."
2025/04/22;16:45:26.090;DEBUG;57004;0000000000000000;BaslerControl::openCamera@49;"尝试打开第1台Basler相机..."
2025/04/22;16:45:26.200;DEBUG;57004;0000000000000000;BaslerControl::openCamera@51;"已经打开第1台Basler相机"
2025/04/22;16:45:26.235;DEBUG;57004;0000000000000000;BaslerControl::openCamera@64;"第1台Basler相机连接成功"
2025/04/22;16:45:26.235;DEBUG;57004;0000000000000000;BaslerControl::openCamera@44;"尝试连接第2台相机..."
2025/04/22;16:45:26.452;DEBUG;57004;0000000000000000;BaslerControl::openCamera@49;"尝试打开第2台Basler相机..."
2025/04/22;16:45:26.592;DEBUG;57004;0000000000000000;BaslerControl::openCamera@51;"已经打开第2台Basler相机"
2025/04/22;16:45:26.635;DEBUG;57004;0000000000000000;BaslerControl::openCamera@64;"第2台Basler相机连接成功"
2025/04/22;16:45:26.636;DEBUG;57004;0000000000000000;BaslerControl::openCamera@44;"尝试连接第3台相机..."
2025/04/22;16:45:26.873;DEBUG;57004;0000000000000000;BaslerControl::openCamera@49;"尝试打开第3台Basler相机..."
2025/04/22;16:45:27.026;DEBUG;57004;0000000000000000;BaslerControl::openCamera@51;"已经打开第3台Basler相机"
2025/04/22;16:45:27.072;DEBUG;57004;0000000000000000;BaslerControl::openCamera@64;"第3台Basler相机连接成功"
2025/04/22;16:48:36.011;DEBUG;13352;0000000000000000;BaslerControl::openCamera@33;"正在连接Basler相机... ..."
2025/04/22;16:48:36.282;DEBUG;13352;0000000000000000;BaslerControl::openCamera@44;"尝试连接第1台相机..."
2025/04/22;16:48:36.418;DEBUG;13352;0000000000000000;BaslerControl::openCamera@49;"尝试打开第1台Basler相机..."
2025/04/22;16:48:36.419;ERROR;13352;0000000000000000;BaslerControl::openCamera@54;"Basler相机连接失败，可能存在其它程序正在使用相机"
2025/04/22;16:48:41.404;DEBUG;13352;0000000000000000;BaslerControl::openCamera@33;"正在连接Basler相机... ..."
2025/04/22;16:48:41.655;DEBUG;13352;0000000000000000;BaslerControl::openCamera@44;"尝试连接第1台相机..."
2025/04/22;16:48:41.793;DEBUG;13352;0000000000000000;BaslerControl::openCamera@49;"尝试打开第1台Basler相机..."
2025/04/22;16:48:41.795;ERROR;13352;0000000000000000;BaslerControl::openCamera@54;"Basler相机连接失败，可能存在其它程序正在使用相机"
2025/04/22;16:48:42.224;DEBUG;13352;0000000000000000;BaslerControl::openCamera@33;"正在连接Basler相机... ..."
2025/04/22;16:48:42.476;DEBUG;13352;0000000000000000;BaslerControl::openCamera@44;"尝试连接第1台相机..."
2025/04/22;16:48:42.613;DEBUG;13352;0000000000000000;BaslerControl::openCamera@49;"尝试打开第1台Basler相机..."
2025/04/22;16:48:42.615;ERROR;13352;0000000000000000;BaslerControl::openCamera@54;"Basler相机连接失败，可能存在其它程序正在使用相机"
2025/04/22;16:48:42.712;DEBUG;13352;0000000000000000;BaslerControl::closeCamera@189;"Basler相机断开连接"
2025/04/22;16:48:42.939;DEBUG;13352;0000000000000000;BaslerControl::closeCamera@189;"Basler相机断开连接"
2025/04/22;16:48:43.100;DEBUG;13352;0000000000000000;BaslerControl::closeCamera@189;"Basler相机断开连接"
2025/04/22;16:48:43.233;DEBUG;13352;0000000000000000;BaslerControl::closeCamera@189;"Basler相机断开连接"
2025/04/22;16:48:43.409;DEBUG;13352;0000000000000000;BaslerControl::closeCamera@189;"Basler相机断开连接"
2025/04/22;16:48:45.252;DEBUG;100608;0000000000000000;BaslerControl::closeCamera@189;"Basler相机断开连接"
2025/04/22;16:49:00.239;DEBUG;109164;0000000000000000;BaslerControl::openCamera@33;"正在连接Basler相机... ..."
2025/04/22;16:49:00.555;DEBUG;109164;0000000000000000;BaslerControl::openCamera@44;"尝试连接第1台相机..."
2025/04/22;16:49:00.810;DEBUG;109164;0000000000000000;BaslerControl::openCamera@49;"尝试打开第1台Basler相机..."
2025/04/22;16:49:00.852;ERROR;109164;0000000000000000;BaslerControl::openCamera@54;"Basler相机连接失败，可能存在其它程序正在使用相机"
2025/04/22;16:49:05.605;DEBUG;109164;0000000000000000;BaslerControl::closeCamera@189;"Basler相机断开连接"
2025/04/22;16:49:05.614;DEBUG;109164;0000000000000000;BaslerControl::closeCamera@189;"Basler相机断开连接"
2025/04/22;16:49:05.758;DEBUG;109164;0000000000000000;BaslerControl::closeCamera@189;"Basler相机断开连接"
2025/04/22;16:49:05.919;DEBUG;109164;0000000000000000;BaslerControl::closeCamera@189;"Basler相机断开连接"
2025/04/22;16:49:07.083;DEBUG;19172;0000000000000000;BaslerControl::closeCamera@189;"Basler相机断开连接"
2025/04/22;16:49:13.236;DEBUG;109216;0000000000000000;BaslerControl::openCamera@33;"正在连接Basler相机... ..."
2025/04/22;16:49:13.506;DEBUG;109216;0000000000000000;BaslerControl::openCamera@44;"尝试连接第1台相机..."
2025/04/22;16:49:13.644;DEBUG;109216;0000000000000000;BaslerControl::openCamera@49;"尝试打开第1台Basler相机..."
2025/04/22;16:49:13.646;ERROR;109216;0000000000000000;BaslerControl::openCamera@54;"Basler相机连接失败，可能存在其它程序正在使用相机"
2025/04/22;16:49:15.070;DEBUG;15068;0000000000000000;BaslerControl::closeCamera@189;"Basler相机断开连接"
2025/04/22;16:49:36.689;DEBUG;103564;0000000000000000;BaslerControl::openCamera@33;"正在连接Basler相机... ..."
2025/04/22;16:49:36.960;DEBUG;103564;0000000000000000;BaslerControl::openCamera@44;"尝试连接第1台相机..."
2025/04/22;16:49:37.110;DEBUG;103564;0000000000000000;BaslerControl::openCamera@49;"尝试打开第1台Basler相机..."
2025/04/22;16:49:37.241;DEBUG;103564;0000000000000000;BaslerControl::openCamera@51;"已经打开第1台Basler相机"
2025/04/22;16:49:37.268;DEBUG;103564;0000000000000000;BaslerControl::openCamera@64;"第1台Basler相机连接成功"
2025/04/22;16:49:40.167;DEBUG;103564;0000000000000000;BaslerControl::openCamera@33;"正在连接Basler相机... ..."
2025/04/22;16:49:40.417;DEBUG;103564;0000000000000000;BaslerControl::openCamera@44;"尝试连接第1台相机..."
2025/04/22;16:49:40.643;DEBUG;103564;0000000000000000;BaslerControl::openCamera@49;"尝试打开第1台Basler相机..."
2025/04/22;16:49:41.235;DEBUG;103564;0000000000000000;BaslerControl::openCamera@51;"已经打开第1台Basler相机"
2025/04/22;16:49:41.252;DEBUG;103564;0000000000000000;BaslerControl::openCamera@64;"第1台Basler相机连接成功"
2025/04/22;16:49:41.252;DEBUG;103564;0000000000000000;BaslerControl::openCamera@44;"尝试连接第2台相机..."
2025/04/22;16:49:41.395;DEBUG;103564;0000000000000000;BaslerControl::openCamera@49;"尝试打开第2台Basler相机..."
2025/04/22;16:49:41.521;DEBUG;103564;0000000000000000;BaslerControl::openCamera@51;"已经打开第2台Basler相机"
2025/04/22;16:49:41.543;DEBUG;103564;0000000000000000;BaslerControl::openCamera@64;"第2台Basler相机连接成功"
2025/04/22;16:49:41.544;ERROR;103564;0000000000000000;BaslerControl::openCamera@171;"采图失败，退出采图程序。"
2025/04/22;16:49:45.275;DEBUG;103564;0000000000000000;BaslerControl::openCamera@33;"正在连接Basler相机... ..."
2025/04/22;16:49:45.527;DEBUG;103564;0000000000000000;BaslerControl::openCamera@44;"尝试连接第1台相机..."
2025/04/22;16:49:45.732;DEBUG;103564;0000000000000000;BaslerControl::openCamera@49;"尝试打开第1台Basler相机..."
2025/04/22;16:49:45.812;DEBUG;103564;0000000000000000;BaslerControl::openCamera@51;"已经打开第1台Basler相机"
2025/04/22;16:49:45.827;DEBUG;103564;0000000000000000;BaslerControl::openCamera@64;"第1台Basler相机连接成功"
2025/04/22;16:49:45.827;DEBUG;103564;0000000000000000;BaslerControl::openCamera@44;"尝试连接第2台相机..."
2025/04/22;16:49:46.113;DEBUG;103564;0000000000000000;BaslerControl::openCamera@49;"尝试打开第2台Basler相机..."
2025/04/22;16:49:46.236;DEBUG;103564;0000000000000000;BaslerControl::openCamera@51;"已经打开第2台Basler相机"
2025/04/22;16:49:46.259;DEBUG;103564;0000000000000000;BaslerControl::openCamera@64;"第2台Basler相机连接成功"
2025/04/22;16:49:46.259;DEBUG;103564;0000000000000000;BaslerControl::openCamera@44;"尝试连接第3台相机..."
2025/04/22;16:49:46.409;DEBUG;103564;0000000000000000;BaslerControl::openCamera@49;"尝试打开第3台Basler相机..."
2025/04/22;16:49:46.539;DEBUG;103564;0000000000000000;BaslerControl::openCamera@51;"已经打开第3台Basler相机"
2025/04/22;16:49:46.565;DEBUG;103564;0000000000000000;BaslerControl::openCamera@64;"第3台Basler相机连接成功"
2025/04/22;16:49:47.933;DEBUG;103564;0000000000000000;BaslerControl::openCamera@33;"正在连接Basler相机... ..."
2025/04/22;16:49:48.188;DEBUG;103564;0000000000000000;BaslerControl::openCamera@44;"尝试连接第1台相机..."
2025/04/22;16:49:48.385;DEBUG;103564;0000000000000000;BaslerControl::openCamera@49;"尝试打开第1台Basler相机..."
2025/04/22;16:49:48.462;DEBUG;103564;0000000000000000;BaslerControl::openCamera@51;"已经打开第1台Basler相机"
2025/04/22;16:49:48.476;DEBUG;103564;0000000000000000;BaslerControl::openCamera@64;"第1台Basler相机连接成功"
2025/04/22;16:49:48.477;DEBUG;103564;0000000000000000;BaslerControl::openCamera@44;"尝试连接第2台相机..."
2025/04/22;16:49:49.221;DEBUG;103564;0000000000000000;BaslerControl::openCamera@49;"尝试打开第2台Basler相机..."
2025/04/22;16:49:49.338;DEBUG;103564;0000000000000000;BaslerControl::openCamera@51;"已经打开第2台Basler相机"
2025/04/22;16:49:49.361;DEBUG;103564;0000000000000000;BaslerControl::openCamera@64;"第2台Basler相机连接成功"
2025/04/22;16:49:49.362;DEBUG;103564;0000000000000000;BaslerControl::openCamera@44;"尝试连接第3台相机..."
2025/04/22;16:49:49.634;DEBUG;103564;0000000000000000;BaslerControl::openCamera@49;"尝试打开第3台Basler相机..."
2025/04/22;16:49:49.759;DEBUG;103564;0000000000000000;BaslerControl::openCamera@51;"已经打开第3台Basler相机"
2025/04/22;16:49:49.783;DEBUG;103564;0000000000000000;BaslerControl::openCamera@64;"第3台Basler相机连接成功"
2025/04/22;16:49:49.784;ERROR;103564;0000000000000000;BaslerControl::openCamera@171;"采图失败，退出采图程序。"
2025/04/22;16:49:50.028;DEBUG;103564;0000000000000000;BaslerControl::closeCamera@189;"Basler相机断开连接"
2025/04/22;16:49:50.028;DEBUG;103564;0000000000000000;BaslerControl::openCamera@33;"正在连接Basler相机... ..."
2025/04/22;16:49:50.290;DEBUG;103564;0000000000000000;BaslerControl::openCamera@44;"尝试连接第1台相机..."
2025/04/22;16:49:50.419;DEBUG;103564;0000000000000000;BaslerControl::openCamera@49;"尝试打开第1台Basler相机..."
2025/04/22;16:49:51.035;DEBUG;103564;0000000000000000;BaslerControl::openCamera@51;"已经打开第1台Basler相机"
2025/04/22;16:49:51.054;DEBUG;103564;0000000000000000;BaslerControl::openCamera@64;"第1台Basler相机连接成功"
2025/04/22;16:49:51.054;DEBUG;103564;0000000000000000;BaslerControl::openCamera@44;"尝试连接第2台相机..."
2025/04/22;16:49:51.208;DEBUG;103564;0000000000000000;BaslerControl::openCamera@49;"尝试打开第2台Basler相机..."
2025/04/22;16:49:51.328;DEBUG;103564;0000000000000000;BaslerControl::openCamera@51;"已经打开第2台Basler相机"
2025/04/22;16:49:51.354;DEBUG;103564;0000000000000000;BaslerControl::openCamera@64;"第2台Basler相机连接成功"
2025/04/22;16:49:51.354;DEBUG;103564;0000000000000000;BaslerControl::openCamera@44;"尝试连接第3台相机..."
2025/04/22;16:49:51.499;DEBUG;103564;0000000000000000;BaslerControl::openCamera@49;"尝试打开第3台Basler相机..."
2025/04/22;16:49:51.620;DEBUG;103564;0000000000000000;BaslerControl::openCamera@51;"已经打开第3台Basler相机"
2025/04/22;16:49:51.642;DEBUG;103564;0000000000000000;BaslerControl::openCamera@64;"第3台Basler相机连接成功"
2025/04/22;16:49:51.642;ERROR;103564;0000000000000000;BaslerControl::openCamera@171;"采图失败，退出采图程序。"
2025/04/22;16:52:39.566;ERROR;103564;0000000000000000;BaslerControl::openCamera@162;"图片保存成功"
2025/04/22;16:53:25.885;ERROR;103564;0000000000000000;BaslerControl::openCamera@171;"采图失败，退出采图程序。"
2025/04/22;16:53:25.885;DEBUG;2188;0000000000000000;BaslerControl::closeCamera@189;"Basler相机断开连接"
2025/04/22;16:53:43.938;DEBUG;79704;0000000000000000;BaslerControl::openCamera@33;"正在连接Basler相机... ..."
2025/04/22;16:53:44.207;DEBUG;79704;0000000000000000;BaslerControl::openCamera@44;"尝试连接第1台相机..."
2025/04/22;16:53:44.491;DEBUG;79704;0000000000000000;BaslerControl::openCamera@49;"尝试打开第1台Basler相机..."
2025/04/22;16:53:44.573;DEBUG;79704;0000000000000000;BaslerControl::openCamera@51;"已经打开第1台Basler相机"
2025/04/22;16:53:44.589;DEBUG;79704;0000000000000000;BaslerControl::openCamera@64;"第1台Basler相机连接成功"
2025/04/22;16:53:44.589;DEBUG;79704;0000000000000000;BaslerControl::openCamera@44;"尝试连接第2台相机..."
2025/04/22;16:53:44.744;DEBUG;79704;0000000000000000;BaslerControl::openCamera@49;"尝试打开第2台Basler相机..."
2025/04/22;16:53:44.867;DEBUG;79704;0000000000000000;BaslerControl::openCamera@51;"已经打开第2台Basler相机"
2025/04/22;16:53:44.890;DEBUG;79704;0000000000000000;BaslerControl::openCamera@64;"第2台Basler相机连接成功"
2025/04/22;16:53:44.890;DEBUG;79704;0000000000000000;BaslerControl::openCamera@44;"尝试连接第3台相机..."
2025/04/22;16:53:45.038;DEBUG;79704;0000000000000000;BaslerControl::openCamera@49;"尝试打开第3台Basler相机..."
2025/04/22;16:53:45.163;DEBUG;79704;0000000000000000;BaslerControl::openCamera@51;"已经打开第3台Basler相机"
2025/04/22;16:53:45.186;DEBUG;79704;0000000000000000;BaslerControl::openCamera@64;"第3台Basler相机连接成功"
2025/04/22;16:53:51.545;ERROR;79704;0000000000000000;BaslerControl::openCamera@162;"图片保存成功"
2025/04/22;16:54:31.809;ERROR;79704;0000000000000000;BaslerControl::openCamera@162;"图片保存成功"
2025/04/22;16:57:18.215;ERROR;79704;0000000000000000;BaslerControl::openCamera@171;"采图失败，退出采图程序。"
2025/04/22;16:57:18.231;DEBUG;43228;0000000000000000;BaslerControl::closeCamera@189;"Basler相机断开连接"
2025/04/22;16:57:50.965;DEBUG;71484;0000000000000000;BaslerControl::openCamera@33;"正在连接Basler相机... ..."
2025/04/22;16:57:51.234;DEBUG;71484;0000000000000000;BaslerControl::openCamera@44;"尝试连接第1台相机..."
2025/04/22;16:57:51.405;DEBUG;71484;0000000000000000;BaslerControl::openCamera@49;"尝试打开第1台Basler相机..."
2025/04/22;16:57:51.507;DEBUG;71484;0000000000000000;BaslerControl::openCamera@51;"已经打开第1台Basler相机"
2025/04/22;16:57:51.526;DEBUG;71484;0000000000000000;BaslerControl::openCamera@64;"第1台Basler相机连接成功"
2025/04/22;16:57:51.526;DEBUG;71484;0000000000000000;BaslerControl::openCamera@44;"尝试连接第2台相机..."
2025/04/22;16:57:51.681;DEBUG;71484;0000000000000000;BaslerControl::openCamera@49;"尝试打开第2台Basler相机..."
2025/04/22;16:57:51.806;DEBUG;71484;0000000000000000;BaslerControl::openCamera@51;"已经打开第2台Basler相机"
2025/04/22;16:57:51.830;DEBUG;71484;0000000000000000;BaslerControl::openCamera@64;"第2台Basler相机连接成功"
2025/04/22;16:57:51.830;DEBUG;71484;0000000000000000;BaslerControl::openCamera@44;"尝试连接第3台相机..."
2025/04/22;16:57:51.979;DEBUG;71484;0000000000000000;BaslerControl::openCamera@49;"尝试打开第3台Basler相机..."
2025/04/22;16:57:52.119;DEBUG;71484;0000000000000000;BaslerControl::openCamera@51;"已经打开第3台Basler相机"
2025/04/22;16:57:52.144;DEBUG;71484;0000000000000000;BaslerControl::openCamera@64;"第3台Basler相机连接成功"
2025/04/22;16:58:41.194;ERROR;71484;0000000000000000;BaslerControl::openCamera@171;"采图失败，退出采图程序。"
2025/04/22;16:58:41.206;DEBUG;35956;0000000000000000;BaslerControl::closeCamera@189;"Basler相机断开连接"
2025/04/22;16:58:47.016;DEBUG;53840;0000000000000000;BaslerControl::openCamera@33;"正在连接Basler相机... ..."
2025/04/22;16:58:47.286;DEBUG;53840;0000000000000000;BaslerControl::openCamera@44;"尝试连接第1台相机..."
2025/04/22;16:58:47.478;DEBUG;53840;0000000000000000;BaslerControl::openCamera@49;"尝试打开第1台Basler相机..."
2025/04/22;16:58:47.560;DEBUG;53840;0000000000000000;BaslerControl::openCamera@51;"已经打开第1台Basler相机"
2025/04/22;16:58:47.576;DEBUG;53840;0000000000000000;BaslerControl::openCamera@64;"第1台Basler相机连接成功"
2025/04/22;16:58:47.576;DEBUG;53840;0000000000000000;BaslerControl::openCamera@44;"尝试连接第2台相机..."
2025/04/22;16:58:47.733;DEBUG;53840;0000000000000000;BaslerControl::openCamera@49;"尝试打开第2台Basler相机..."
2025/04/22;16:58:47.855;DEBUG;53840;0000000000000000;BaslerControl::openCamera@51;"已经打开第2台Basler相机"
2025/04/22;16:58:47.878;DEBUG;53840;0000000000000000;BaslerControl::openCamera@64;"第2台Basler相机连接成功"
2025/04/22;16:58:47.878;DEBUG;53840;0000000000000000;BaslerControl::openCamera@44;"尝试连接第3台相机..."
2025/04/22;16:58:48.026;DEBUG;53840;0000000000000000;BaslerControl::openCamera@49;"尝试打开第3台Basler相机..."
2025/04/22;16:58:48.152;DEBUG;53840;0000000000000000;BaslerControl::openCamera@51;"已经打开第3台Basler相机"
2025/04/22;16:58:48.177;DEBUG;53840;0000000000000000;BaslerControl::openCamera@64;"第3台Basler相机连接成功"
2025/04/22;17:03:06.273;ERROR;53840;0000000000000000;BaslerControl::openCamera@171;"采图失败，退出采图程序。"
2025/04/22;17:03:06.489;DEBUG;2520;0000000000000000;BaslerControl::closeCamera@189;"Basler相机断开连接"
2025/04/22;17:03:36.682;DEBUG;99376;0000000000000000;BaslerControl::openCamera@33;"正在连接Basler相机... ..."
2025/04/22;17:03:36.952;DEBUG;99376;0000000000000000;BaslerControl::openCamera@44;"尝试连接第1台相机..."
2025/04/22;17:03:37.236;DEBUG;99376;0000000000000000;BaslerControl::openCamera@49;"尝试打开第1台Basler相机..."
2025/04/22;17:03:37.859;DEBUG;99376;0000000000000000;BaslerControl::openCamera@51;"已经打开第1台Basler相机"
2025/04/22;17:03:37.876;DEBUG;99376;0000000000000000;BaslerControl::openCamera@64;"第1台Basler相机连接成功"
2025/04/22;17:03:37.876;DEBUG;99376;0000000000000000;BaslerControl::openCamera@44;"尝试连接第2台相机..."
2025/04/22;17:03:38.032;DEBUG;99376;0000000000000000;BaslerControl::openCamera@49;"尝试打开第2台Basler相机..."
2025/04/22;17:03:38.156;DEBUG;99376;0000000000000000;BaslerControl::openCamera@51;"已经打开第2台Basler相机"
2025/04/22;17:03:38.181;DEBUG;99376;0000000000000000;BaslerControl::openCamera@64;"第2台Basler相机连接成功"
2025/04/22;17:03:38.181;DEBUG;99376;0000000000000000;BaslerControl::openCamera@44;"尝试连接第3台相机..."
2025/04/22;17:03:38.343;DEBUG;99376;0000000000000000;BaslerControl::openCamera@49;"尝试打开第3台Basler相机..."
2025/04/22;17:03:38.466;DEBUG;99376;0000000000000000;BaslerControl::openCamera@51;"已经打开第3台Basler相机"
2025/04/22;17:03:38.491;DEBUG;99376;0000000000000000;BaslerControl::openCamera@64;"第3台Basler相机连接成功"
2025/04/22;17:07:32.030;ERROR;99376;0000000000000000;BaslerControl::openCamera@171;"采图失败，退出采图程序。"
2025/04/22;17:07:32.292;DEBUG;101404;0000000000000000;BaslerControl::closeCamera@189;"Basler相机断开连接"
2025/04/22;17:08:17.376;DEBUG;105500;0000000000000000;BaslerControl::openCamera@33;"正在连接Basler相机... ..."
2025/04/22;17:08:17.646;DEBUG;105500;0000000000000000;BaslerControl::openCamera@44;"尝试连接第1台相机..."
2025/04/22;17:08:17.898;DEBUG;105500;0000000000000000;BaslerControl::openCamera@49;"尝试打开第1台Basler相机..."
2025/04/22;17:08:17.980;DEBUG;105500;0000000000000000;BaslerControl::openCamera@51;"已经打开第1台Basler相机"
2025/04/22;17:08:17.996;DEBUG;105500;0000000000000000;BaslerControl::openCamera@64;"第1台Basler相机连接成功"
2025/04/22;17:08:17.996;DEBUG;105500;0000000000000000;BaslerControl::openCamera@44;"尝试连接第2台相机..."
2025/04/22;17:08:18.155;DEBUG;105500;0000000000000000;BaslerControl::openCamera@49;"尝试打开第2台Basler相机..."
2025/04/22;17:08:18.786;DEBUG;105500;0000000000000000;BaslerControl::openCamera@51;"已经打开第2台Basler相机"
2025/04/22;17:08:18.809;DEBUG;105500;0000000000000000;BaslerControl::openCamera@64;"第2台Basler相机连接成功"
2025/04/22;17:08:18.809;DEBUG;105500;0000000000000000;BaslerControl::openCamera@44;"尝试连接第3台相机..."
2025/04/22;17:08:18.965;DEBUG;105500;0000000000000000;BaslerControl::openCamera@49;"尝试打开第3台Basler相机..."
2025/04/22;17:08:19.108;DEBUG;105500;0000000000000000;BaslerControl::openCamera@51;"已经打开第3台Basler相机"
2025/04/22;17:08:19.132;DEBUG;105500;0000000000000000;BaslerControl::openCamera@64;"第3台Basler相机连接成功"
2025/04/22;17:10:21.996;DEBUG;80048;0000000000000000;BaslerControl::closeCamera@189;"Basler相机断开连接"
2025/04/22;17:10:49.781;DEBUG;98484;0000000000000000;BaslerControl::openCamera@33;"正在连接Basler相机... ..."
2025/04/22;17:10:50.053;DEBUG;98484;0000000000000000;BaslerControl::openCamera@44;"尝试连接第1台相机..."
2025/04/22;17:10:50.240;DEBUG;98484;0000000000000000;BaslerControl::openCamera@49;"尝试打开第1台Basler相机..."
2025/04/22;17:10:50.321;DEBUG;98484;0000000000000000;BaslerControl::openCamera@51;"已经打开第1台Basler相机"
2025/04/22;17:10:50.337;DEBUG;98484;0000000000000000;BaslerControl::openCamera@64;"第1台Basler相机连接成功"
2025/04/22;17:10:50.337;DEBUG;98484;0000000000000000;BaslerControl::openCamera@44;"尝试连接第2台相机..."
2025/04/22;17:10:50.483;DEBUG;98484;0000000000000000;BaslerControl::openCamera@49;"尝试打开第2台Basler相机..."
2025/04/22;17:10:50.601;DEBUG;98484;0000000000000000;BaslerControl::openCamera@51;"已经打开第2台Basler相机"
2025/04/22;17:10:50.624;DEBUG;98484;0000000000000000;BaslerControl::openCamera@64;"第2台Basler相机连接成功"
2025/04/22;17:10:50.624;DEBUG;98484;0000000000000000;BaslerControl::openCamera@44;"尝试连接第3台相机..."
2025/04/22;17:10:50.777;DEBUG;98484;0000000000000000;BaslerControl::openCamera@49;"尝试打开第3台Basler相机..."
2025/04/22;17:10:50.899;DEBUG;98484;0000000000000000;BaslerControl::openCamera@51;"已经打开第3台Basler相机"
2025/04/22;17:10:50.922;DEBUG;98484;0000000000000000;BaslerControl::openCamera@64;"第3台Basler相机连接成功"
2025/04/22;17:12:59.657;DEBUG;53228;0000000000000000;BaslerControl::closeCamera@189;"Basler相机断开连接"
2025/04/22;17:13:04.964;DEBUG;20724;0000000000000000;BaslerControl::openCamera@33;"正在连接Basler相机... ..."
2025/04/22;17:13:05.236;DEBUG;20724;0000000000000000;BaslerControl::openCamera@44;"尝试连接第1台相机..."
2025/04/22;17:13:05.407;DEBUG;20724;0000000000000000;BaslerControl::openCamera@49;"尝试打开第1台Basler相机..."
2025/04/22;17:13:05.988;DEBUG;20724;0000000000000000;BaslerControl::openCamera@51;"已经打开第1台Basler相机"
2025/04/22;17:13:06.005;DEBUG;20724;0000000000000000;BaslerControl::openCamera@64;"第1台Basler相机连接成功"
2025/04/22;17:13:06.005;DEBUG;20724;0000000000000000;BaslerControl::openCamera@44;"尝试连接第2台相机..."
2025/04/22;17:13:06.153;DEBUG;20724;0000000000000000;BaslerControl::openCamera@49;"尝试打开第2台Basler相机..."
2025/04/22;17:13:06.280;DEBUG;20724;0000000000000000;BaslerControl::openCamera@51;"已经打开第2台Basler相机"
2025/04/22;17:13:06.302;DEBUG;20724;0000000000000000;BaslerControl::openCamera@64;"第2台Basler相机连接成功"
2025/04/22;17:13:06.302;DEBUG;20724;0000000000000000;BaslerControl::openCamera@44;"尝试连接第3台相机..."
2025/04/22;17:13:06.452;DEBUG;20724;0000000000000000;BaslerControl::openCamera@49;"尝试打开第3台Basler相机..."
2025/04/22;17:13:06.591;DEBUG;20724;0000000000000000;BaslerControl::openCamera@51;"已经打开第3台Basler相机"
2025/04/22;17:13:06.615;DEBUG;20724;0000000000000000;BaslerControl::openCamera@64;"第3台Basler相机连接成功"
2025/04/22;17:13:27.008;DEBUG;103116;0000000000000000;BaslerControl::closeCamera@189;"Basler相机断开连接"
2025/04/22;17:13:34.089;DEBUG;99272;0000000000000000;BaslerControl::openCamera@33;"正在连接Basler相机... ..."
2025/04/22;17:13:34.358;DEBUG;99272;0000000000000000;BaslerControl::openCamera@44;"尝试连接第1台相机..."
2025/04/22;17:13:34.642;DEBUG;99272;0000000000000000;BaslerControl::openCamera@49;"尝试打开第1台Basler相机..."
2025/04/22;17:13:34.782;DEBUG;99272;0000000000000000;BaslerControl::openCamera@51;"已经打开第1台Basler相机"
2025/04/22;17:13:34.799;DEBUG;99272;0000000000000000;BaslerControl::openCamera@64;"第1台Basler相机连接成功"
2025/04/22;17:13:34.799;DEBUG;99272;0000000000000000;BaslerControl::openCamera@44;"尝试连接第2台相机..."
2025/04/22;17:13:34.957;DEBUG;99272;0000000000000000;BaslerControl::openCamera@49;"尝试打开第2台Basler相机..."
2025/04/22;17:13:35.078;DEBUG;99272;0000000000000000;BaslerControl::openCamera@51;"已经打开第2台Basler相机"
2025/04/22;17:13:35.101;DEBUG;99272;0000000000000000;BaslerControl::openCamera@64;"第2台Basler相机连接成功"
2025/04/22;17:13:35.101;DEBUG;99272;0000000000000000;BaslerControl::openCamera@44;"尝试连接第3台相机..."
2025/04/22;17:13:35.265;DEBUG;99272;0000000000000000;BaslerControl::openCamera@49;"尝试打开第3台Basler相机..."
2025/04/22;17:13:35.389;DEBUG;99272;0000000000000000;BaslerControl::openCamera@51;"已经打开第3台Basler相机"
2025/04/22;17:13:35.413;DEBUG;99272;0000000000000000;BaslerControl::openCamera@64;"第3台Basler相机连接成功"
2025/04/22;17:14:57.738;ERROR;99272;0000000000000000;BaslerControl::openCamera@171;"采图失败，退出采图程序。"
2025/04/22;17:14:57.842;DEBUG;79164;0000000000000000;BaslerControl::closeCamera@189;"Basler相机断开连接"
2025/04/22;17:15:06.591;DEBUG;69924;0000000000000000;BaslerControl::openCamera@33;"正在连接Basler相机... ..."
2025/04/22;17:15:06.861;DEBUG;69924;0000000000000000;BaslerControl::openCamera@44;"尝试连接第1台相机..."
2025/04/22;17:15:07.145;DEBUG;69924;0000000000000000;BaslerControl::openCamera@49;"尝试打开第1台Basler相机..."
2025/04/22;17:15:07.274;DEBUG;69924;0000000000000000;BaslerControl::openCamera@51;"已经打开第1台Basler相机"
2025/04/22;17:15:07.290;DEBUG;69924;0000000000000000;BaslerControl::openCamera@64;"第1台Basler相机连接成功"
2025/04/22;17:15:07.290;DEBUG;69924;0000000000000000;BaslerControl::openCamera@44;"尝试连接第2台相机..."
2025/04/22;17:15:07.449;DEBUG;69924;0000000000000000;BaslerControl::openCamera@49;"尝试打开第2台Basler相机..."
2025/04/22;17:15:07.572;DEBUG;69924;0000000000000000;BaslerControl::openCamera@51;"已经打开第2台Basler相机"
2025/04/22;17:15:07.596;DEBUG;69924;0000000000000000;BaslerControl::openCamera@64;"第2台Basler相机连接成功"
2025/04/22;17:15:07.596;DEBUG;69924;0000000000000000;BaslerControl::openCamera@44;"尝试连接第3台相机..."
2025/04/22;17:15:07.761;DEBUG;69924;0000000000000000;BaslerControl::openCamera@49;"尝试打开第3台Basler相机..."
2025/04/22;17:15:07.884;DEBUG;69924;0000000000000000;BaslerControl::openCamera@51;"已经打开第3台Basler相机"
2025/04/22;17:15:07.908;DEBUG;69924;0000000000000000;BaslerControl::openCamera@64;"第3台Basler相机连接成功"
2025/04/22;17:33:00.768;DEBUG;39256;0000000000000000;BaslerControl::closeCamera@189;"Basler相机断开连接"
2025/04/22;17:33:08.500;DEBUG;85024;0000000000000000;BaslerControl::openCamera@33;"正在连接Basler相机... ..."
2025/04/22;17:33:08.770;DEBUG;85024;0000000000000000;BaslerControl::openCamera@44;"尝试连接第1台相机..."
2025/04/22;17:33:09.021;DEBUG;85024;0000000000000000;BaslerControl::openCamera@49;"尝试打开第1台Basler相机..."
2025/04/22;17:33:09.116;DEBUG;85024;0000000000000000;BaslerControl::openCamera@51;"已经打开第1台Basler相机"
2025/04/22;17:33:09.132;DEBUG;85024;0000000000000000;BaslerControl::openCamera@64;"第1台Basler相机连接成功"
2025/04/22;17:33:09.132;DEBUG;85024;0000000000000000;BaslerControl::openCamera@44;"尝试连接第2台相机..."
2025/04/22;17:33:09.291;DEBUG;85024;0000000000000000;BaslerControl::openCamera@49;"尝试打开第2台Basler相机..."
2025/04/22;17:33:09.413;DEBUG;85024;0000000000000000;BaslerControl::openCamera@51;"已经打开第2台Basler相机"
2025/04/22;17:33:09.437;DEBUG;85024;0000000000000000;BaslerControl::openCamera@64;"第2台Basler相机连接成功"
2025/04/22;17:33:09.437;DEBUG;85024;0000000000000000;BaslerControl::openCamera@44;"尝试连接第3台相机..."
2025/04/22;17:33:09.601;DEBUG;85024;0000000000000000;BaslerControl::openCamera@49;"尝试打开第3台Basler相机..."
2025/04/22;17:33:09.741;DEBUG;85024;0000000000000000;BaslerControl::openCamera@51;"已经打开第3台Basler相机"
2025/04/22;17:33:09.764;DEBUG;85024;0000000000000000;BaslerControl::openCamera@64;"第3台Basler相机连接成功"
2025/04/22;17:35:39.764;DEBUG;47356;0000000000000000;BaslerControl::closeCamera@189;"Basler相机断开连接"
2025/04/22;17:35:45.893;DEBUG;84536;0000000000000000;BaslerControl::openCamera@33;"正在连接Basler相机... ..."
2025/04/22;17:35:46.161;DEBUG;84536;0000000000000000;BaslerControl::openCamera@44;"尝试连接第1台相机..."
2025/04/22;17:35:46.445;DEBUG;84536;0000000000000000;BaslerControl::openCamera@49;"尝试打开第1台Basler相机..."
2025/04/22;17:35:46.603;DEBUG;84536;0000000000000000;BaslerControl::openCamera@51;"已经打开第1台Basler相机"
2025/04/22;17:35:46.628;DEBUG;84536;0000000000000000;BaslerControl::openCamera@64;"第1台Basler相机连接成功"
2025/04/22;17:35:46.628;DEBUG;84536;0000000000000000;BaslerControl::openCamera@44;"尝试连接第2台相机..."
2025/04/22;17:35:46.786;DEBUG;84536;0000000000000000;BaslerControl::openCamera@49;"尝试打开第2台Basler相机..."
2025/04/22;17:35:46.909;DEBUG;84536;0000000000000000;BaslerControl::openCamera@51;"已经打开第2台Basler相机"
2025/04/22;17:35:46.932;DEBUG;84536;0000000000000000;BaslerControl::openCamera@64;"第2台Basler相机连接成功"
2025/04/22;17:35:46.932;DEBUG;84536;0000000000000000;BaslerControl::openCamera@44;"尝试连接第3台相机..."
2025/04/22;17:35:47.080;DEBUG;84536;0000000000000000;BaslerControl::openCamera@49;"尝试打开第3台Basler相机..."
2025/04/22;17:35:47.217;DEBUG;84536;0000000000000000;BaslerControl::openCamera@51;"已经打开第3台Basler相机"
2025/04/22;17:35:47.241;DEBUG;84536;0000000000000000;BaslerControl::openCamera@64;"第3台Basler相机连接成功"
2025/04/22;17:36:24.061;DEBUG;91436;0000000000000000;BaslerControl::closeCamera@189;"Basler相机断开连接"
2025/04/22;17:36:36.694;DEBUG;71316;0000000000000000;BaslerControl::openCamera@33;"正在连接Basler相机... ..."
2025/04/22;17:36:36.989;DEBUG;71316;0000000000000000;BaslerControl::openCamera@44;"尝试连接第1台相机..."
2025/04/22;17:36:37.165;DEBUG;71316;0000000000000000;BaslerControl::openCamera@49;"尝试打开第1台Basler相机..."
2025/04/22;17:36:37.760;DEBUG;71316;0000000000000000;BaslerControl::openCamera@51;"已经打开第1台Basler相机"
2025/04/22;17:36:37.776;DEBUG;71316;0000000000000000;BaslerControl::openCamera@64;"第1台Basler相机连接成功"
2025/04/22;17:36:37.776;DEBUG;71316;0000000000000000;BaslerControl::openCamera@44;"尝试连接第2台相机..."
2025/04/22;17:36:37.934;DEBUG;71316;0000000000000000;BaslerControl::openCamera@49;"尝试打开第2台Basler相机..."
2025/04/22;17:36:38.058;DEBUG;71316;0000000000000000;BaslerControl::openCamera@51;"已经打开第2台Basler相机"
2025/04/22;17:36:38.080;DEBUG;71316;0000000000000000;BaslerControl::openCamera@64;"第2台Basler相机连接成功"
2025/04/22;17:36:38.080;DEBUG;71316;0000000000000000;BaslerControl::openCamera@44;"尝试连接第3台相机..."
2025/04/22;17:36:38.246;DEBUG;71316;0000000000000000;BaslerControl::openCamera@49;"尝试打开第3台Basler相机..."
2025/04/22;17:36:38.382;DEBUG;71316;0000000000000000;BaslerControl::openCamera@51;"已经打开第3台Basler相机"
2025/04/22;17:36:38.406;DEBUG;71316;0000000000000000;BaslerControl::openCamera@64;"第3台Basler相机连接成功"
2025/04/22;17:36:57.078;DEBUG;94444;0000000000000000;BaslerControl::closeCamera@189;"Basler相机断开连接"
2025/04/22;17:37:12.670;DEBUG;68064;0000000000000000;BaslerControl::openCamera@33;"正在连接Basler相机... ..."
2025/04/22;17:37:12.940;DEBUG;68064;0000000000000000;BaslerControl::openCamera@44;"尝试连接第1台相机..."
2025/04/22;17:37:13.229;DEBUG;68064;0000000000000000;BaslerControl::openCamera@49;"尝试打开第1台Basler相机..."
2025/04/22;17:37:13.867;DEBUG;68064;0000000000000000;BaslerControl::openCamera@51;"已经打开第1台Basler相机"
2025/04/22;17:37:13.886;DEBUG;68064;0000000000000000;BaslerControl::openCamera@64;"第1台Basler相机连接成功"
2025/04/22;17:37:13.886;DEBUG;68064;0000000000000000;BaslerControl::openCamera@44;"尝试连接第2台相机..."
2025/04/22;17:37:14.041;DEBUG;68064;0000000000000000;BaslerControl::openCamera@49;"尝试打开第2台Basler相机..."
2025/04/22;17:37:14.166;DEBUG;68064;0000000000000000;BaslerControl::openCamera@51;"已经打开第2台Basler相机"
2025/04/22;17:37:14.186;DEBUG;68064;0000000000000000;BaslerControl::openCamera@64;"第2台Basler相机连接成功"
2025/04/22;17:37:14.187;DEBUG;68064;0000000000000000;BaslerControl::openCamera@44;"尝试连接第3台相机..."
2025/04/22;17:37:14.336;DEBUG;68064;0000000000000000;BaslerControl::openCamera@49;"尝试打开第3台Basler相机..."
2025/04/22;17:37:14.476;DEBUG;68064;0000000000000000;BaslerControl::openCamera@51;"已经打开第3台Basler相机"
2025/04/22;17:37:14.498;DEBUG;68064;0000000000000000;BaslerControl::openCamera@64;"第3台Basler相机连接成功"
2025/04/22;18:56:59.830;DEBUG;80908;0000000000000000;BaslerControl::closeCamera@189;"Basler相机断开连接"
2025/04/22;18:57:05.311;DEBUG;43132;0000000000000000;BaslerControl::openCamera@33;"正在连接Basler相机... ..."
2025/04/22;18:57:05.580;DEBUG;43132;0000000000000000;BaslerControl::openCamera@44;"尝试连接第1台相机..."
2025/04/22;18:57:05.728;DEBUG;43132;0000000000000000;BaslerControl::openCamera@49;"尝试打开第1台Basler相机..."
2025/04/22;18:57:05.824;DEBUG;43132;0000000000000000;BaslerControl::openCamera@51;"已经打开第1台Basler相机"
2025/04/22;18:57:05.841;DEBUG;43132;0000000000000000;BaslerControl::openCamera@64;"第1台Basler相机连接成功"
2025/04/22;18:57:05.841;DEBUG;43132;0000000000000000;BaslerControl::openCamera@44;"尝试连接第2台相机..."
2025/04/22;18:57:05.986;DEBUG;43132;0000000000000000;BaslerControl::openCamera@49;"尝试打开第2台Basler相机..."
2025/04/22;18:57:06.104;DEBUG;43132;0000000000000000;BaslerControl::openCamera@51;"已经打开第2台Basler相机"
2025/04/22;18:57:06.124;DEBUG;43132;0000000000000000;BaslerControl::openCamera@64;"第2台Basler相机连接成功"
2025/04/22;18:57:06.124;DEBUG;43132;0000000000000000;BaslerControl::openCamera@44;"尝试连接第3台相机..."
2025/04/22;18:57:06.274;DEBUG;43132;0000000000000000;BaslerControl::openCamera@49;"尝试打开第3台Basler相机..."
2025/04/22;18:57:06.398;DEBUG;43132;0000000000000000;BaslerControl::openCamera@51;"已经打开第3台Basler相机"
2025/04/22;18:57:06.420;DEBUG;43132;0000000000000000;BaslerControl::openCamera@64;"第3台Basler相机连接成功"
2025/04/22;18:57:52.541;DEBUG;46012;0000000000000000;BaslerControl::closeCamera@189;"Basler相机断开连接"
2025/04/22;18:58:36.695;DEBUG;84324;0000000000000000;BaslerControl::openCamera@33;"正在连接Basler相机... ..."
2025/04/22;18:58:36.964;DEBUG;84324;0000000000000000;BaslerControl::openCamera@44;"尝试连接第1台相机..."
2025/04/22;18:58:37.196;DEBUG;84324;0000000000000000;BaslerControl::openCamera@49;"尝试打开第1台Basler相机..."
2025/04/22;18:58:37.277;DEBUG;84324;0000000000000000;BaslerControl::openCamera@51;"已经打开第1台Basler相机"
2025/04/22;18:58:37.293;DEBUG;84324;0000000000000000;BaslerControl::openCamera@64;"第1台Basler相机连接成功"
2025/04/22;18:58:37.293;DEBUG;84324;0000000000000000;BaslerControl::openCamera@44;"尝试连接第2台相机..."
2025/04/22;18:58:37.435;DEBUG;84324;0000000000000000;BaslerControl::openCamera@49;"尝试打开第2台Basler相机..."
2025/04/22;18:58:37.555;DEBUG;84324;0000000000000000;BaslerControl::openCamera@51;"已经打开第2台Basler相机"
2025/04/22;18:58:37.579;DEBUG;84324;0000000000000000;BaslerControl::openCamera@64;"第2台Basler相机连接成功"
2025/04/22;18:58:37.579;DEBUG;84324;0000000000000000;BaslerControl::openCamera@44;"尝试连接第3台相机..."
2025/04/22;18:58:37.729;DEBUG;84324;0000000000000000;BaslerControl::openCamera@49;"尝试打开第3台Basler相机..."
2025/04/22;18:58:37.853;DEBUG;84324;0000000000000000;BaslerControl::openCamera@51;"已经打开第3台Basler相机"
2025/04/22;18:58:37.877;DEBUG;84324;0000000000000000;BaslerControl::openCamera@64;"第3台Basler相机连接成功"
2025/04/22;19:14:14.917;DEBUG;100056;0000000000000000;BaslerControl::closeCamera@189;"Basler相机断开连接"
2025/04/22;19:14:20.850;DEBUG;51708;0000000000000000;BaslerControl::openCamera@33;"正在连接Basler相机... ..."
2025/04/22;19:14:21.120;DEBUG;51708;0000000000000000;BaslerControl::openCamera@44;"尝试连接第1台相机..."
2025/04/22;19:14:21.404;DEBUG;51708;0000000000000000;BaslerControl::openCamera@49;"尝试打开第1台Basler相机..."
2025/04/22;19:14:21.533;DEBUG;51708;0000000000000000;BaslerControl::openCamera@51;"已经打开第1台Basler相机"
2025/04/22;19:14:21.551;DEBUG;51708;0000000000000000;BaslerControl::openCamera@64;"第1台Basler相机连接成功"
2025/04/22;19:14:21.551;DEBUG;51708;0000000000000000;BaslerControl::openCamera@44;"尝试连接第2台相机..."
2025/04/22;19:14:21.706;DEBUG;51708;0000000000000000;BaslerControl::openCamera@49;"尝试打开第2台Basler相机..."
2025/04/22;19:14:21.831;DEBUG;51708;0000000000000000;BaslerControl::openCamera@51;"已经打开第2台Basler相机"
2025/04/22;19:14:21.855;DEBUG;51708;0000000000000000;BaslerControl::openCamera@64;"第2台Basler相机连接成功"
2025/04/22;19:14:21.855;DEBUG;51708;0000000000000000;BaslerControl::openCamera@44;"尝试连接第3台相机..."
2025/04/22;19:14:22.017;DEBUG;51708;0000000000000000;BaslerControl::openCamera@49;"尝试打开第3台Basler相机..."
2025/04/22;19:14:22.139;DEBUG;51708;0000000000000000;BaslerControl::openCamera@51;"已经打开第3台Basler相机"
2025/04/22;19:14:22.161;DEBUG;51708;0000000000000000;BaslerControl::openCamera@64;"第3台Basler相机连接成功"
2025/04/22;21:27:50.535;DEBUG;106368;0000000000000000;BaslerControl::closeCamera@189;"Basler相机断开连接"
2025/04/22;21:28:46.656;DEBUG;86316;0000000000000000;BaslerControl::openCamera@33;"正在连接Basler相机... ..."
2025/04/22;21:28:46.932;DEBUG;86316;0000000000000000;BaslerControl::openCamera@44;"尝试连接第1台相机..."
2025/04/22;21:28:47.222;DEBUG;86316;0000000000000000;BaslerControl::openCamera@49;"尝试打开第1台Basler相机..."
2025/04/22;21:28:47.357;DEBUG;86316;0000000000000000;BaslerControl::openCamera@51;"已经打开第1台Basler相机"
2025/04/22;21:28:47.373;DEBUG;86316;0000000000000000;BaslerControl::openCamera@64;"第1台Basler相机连接成功"
2025/04/22;21:28:47.373;DEBUG;86316;0000000000000000;BaslerControl::openCamera@44;"尝试连接第2台相机..."
2025/04/22;21:28:47.535;DEBUG;86316;0000000000000000;BaslerControl::openCamera@49;"尝试打开第2台Basler相机..."
2025/04/22;21:28:47.670;DEBUG;86316;0000000000000000;BaslerControl::openCamera@51;"已经打开第2台Basler相机"
2025/04/22;21:28:47.694;DEBUG;86316;0000000000000000;BaslerControl::openCamera@64;"第2台Basler相机连接成功"
2025/04/22;21:28:47.694;DEBUG;86316;0000000000000000;BaslerControl::openCamera@44;"尝试连接第3台相机..."
2025/04/22;21:28:47.856;DEBUG;86316;0000000000000000;BaslerControl::openCamera@49;"尝试打开第3台Basler相机..."
2025/04/22;21:28:47.993;DEBUG;86316;0000000000000000;BaslerControl::openCamera@51;"已经打开第3台Basler相机"
2025/04/22;21:28:48.017;DEBUG;86316;0000000000000000;BaslerControl::openCamera@64;"第3台Basler相机连接成功"
2025/04/22;21:29:03.805;ERROR;86316;0000000000000000;BaslerControl::openCamera@162;"图片保存成功"
2025/04/22;21:29:24.284;ERROR;86316;0000000000000000;BaslerControl::openCamera@162;"图片保存成功"
2025/04/22;21:29:34.934;ERROR;86316;0000000000000000;BaslerControl::openCamera@162;"图片保存成功"
2025/04/22;21:29:38.413;ERROR;86316;0000000000000000;BaslerControl::openCamera@171;"采图失败，退出采图程序。"
2025/04/22;21:29:38.655;DEBUG;110132;0000000000000000;BaslerControl::closeCamera@189;"Basler相机断开连接"
2025/04/22;21:29:43.141;DEBUG;63424;0000000000000000;BaslerControl::openCamera@33;"正在连接Basler相机... ..."
2025/04/22;21:29:43.410;DEBUG;63424;0000000000000000;BaslerControl::openCamera@44;"尝试连接第1台相机..."
2025/04/22;21:29:43.645;DEBUG;63424;0000000000000000;BaslerControl::openCamera@49;"尝试打开第1台Basler相机..."
2025/04/22;21:29:43.726;DEBUG;63424;0000000000000000;BaslerControl::openCamera@51;"已经打开第1台Basler相机"
2025/04/22;21:29:43.742;DEBUG;63424;0000000000000000;BaslerControl::openCamera@64;"第1台Basler相机连接成功"
2025/04/22;21:29:43.742;DEBUG;63424;0000000000000000;BaslerControl::openCamera@44;"尝试连接第2台相机..."
2025/04/22;21:29:43.889;DEBUG;63424;0000000000000000;BaslerControl::openCamera@49;"尝试打开第2台Basler相机..."
2025/04/22;21:29:44.006;DEBUG;63424;0000000000000000;BaslerControl::openCamera@51;"已经打开第2台Basler相机"
2025/04/22;21:29:44.028;DEBUG;63424;0000000000000000;BaslerControl::openCamera@64;"第2台Basler相机连接成功"
2025/04/22;21:29:44.028;DEBUG;63424;0000000000000000;BaslerControl::openCamera@44;"尝试连接第3台相机..."
2025/04/22;21:29:44.180;DEBUG;63424;0000000000000000;BaslerControl::openCamera@49;"尝试打开第3台Basler相机..."
2025/04/22;21:29:44.303;DEBUG;63424;0000000000000000;BaslerControl::openCamera@51;"已经打开第3台Basler相机"
2025/04/22;21:29:44.325;DEBUG;63424;0000000000000000;BaslerControl::openCamera@64;"第3台Basler相机连接成功"
2025/04/22;21:31:02.212;ERROR;63424;0000000000000000;BaslerControl::openCamera@162;"图片保存成功"
2025/04/22;21:31:12.040;ERROR;63424;0000000000000000;BaslerControl::openCamera@171;"采图失败，退出采图程序。"
2025/04/22;21:31:12.279;DEBUG;93248;0000000000000000;BaslerControl::closeCamera@189;"Basler相机断开连接"
2025/04/22;21:31:19.148;DEBUG;23636;0000000000000000;BaslerControl::openCamera@33;"正在连接Basler相机... ..."
2025/04/22;21:31:19.417;DEBUG;23636;0000000000000000;BaslerControl::openCamera@44;"尝试连接第1台相机..."
2025/04/22;21:31:19.652;DEBUG;23636;0000000000000000;BaslerControl::openCamera@49;"尝试打开第1台Basler相机..."
2025/04/22;21:31:20.246;DEBUG;23636;0000000000000000;BaslerControl::openCamera@51;"已经打开第1台Basler相机"
2025/04/22;21:31:20.264;DEBUG;23636;0000000000000000;BaslerControl::openCamera@64;"第1台Basler相机连接成功"
2025/04/22;21:31:20.264;DEBUG;23636;0000000000000000;BaslerControl::openCamera@44;"尝试连接第2台相机..."
2025/04/22;21:31:20.422;DEBUG;23636;0000000000000000;BaslerControl::openCamera@49;"尝试打开第2台Basler相机..."
2025/04/22;21:31:20.543;DEBUG;23636;0000000000000000;BaslerControl::openCamera@51;"已经打开第2台Basler相机"
2025/04/22;21:31:20.565;DEBUG;23636;0000000000000000;BaslerControl::openCamera@64;"第2台Basler相机连接成功"
2025/04/22;21:31:20.566;DEBUG;23636;0000000000000000;BaslerControl::openCamera@44;"尝试连接第3台相机..."
2025/04/22;21:31:20.717;DEBUG;23636;0000000000000000;BaslerControl::openCamera@49;"尝试打开第3台Basler相机..."
2025/04/22;21:31:20.857;DEBUG;23636;0000000000000000;BaslerControl::openCamera@51;"已经打开第3台Basler相机"
2025/04/22;21:31:20.882;DEBUG;23636;0000000000000000;BaslerControl::openCamera@64;"第3台Basler相机连接成功"
2025/04/22;21:33:14.651;DEBUG;23636;0000000000000000;BaslerControl::openCamera@33;"正在连接Basler相机... ..."
2025/04/22;21:33:14.903;DEBUG;23636;0000000000000000;BaslerControl::openCamera@44;"尝试连接第1台相机..."
2025/04/22;21:33:15.096;DEBUG;23636;0000000000000000;BaslerControl::openCamera@49;"尝试打开第1台Basler相机..."
2025/04/22;21:33:15.173;DEBUG;23636;0000000000000000;BaslerControl::openCamera@51;"已经打开第1台Basler相机"
2025/04/22;21:33:15.188;DEBUG;23636;0000000000000000;BaslerControl::openCamera@64;"第1台Basler相机连接成功"
2025/04/22;21:33:15.188;DEBUG;23636;0000000000000000;BaslerControl::openCamera@44;"尝试连接第2台相机..."
2025/04/22;21:33:15.460;DEBUG;23636;0000000000000000;BaslerControl::openCamera@49;"尝试打开第2台Basler相机..."
2025/04/22;21:33:15.574;DEBUG;23636;0000000000000000;BaslerControl::openCamera@51;"已经打开第2台Basler相机"
2025/04/22;21:33:15.597;DEBUG;23636;0000000000000000;BaslerControl::openCamera@64;"第2台Basler相机连接成功"
2025/04/22;21:33:15.597;DEBUG;23636;0000000000000000;BaslerControl::openCamera@44;"尝试连接第3台相机..."
2025/04/22;21:33:15.965;DEBUG;23636;0000000000000000;BaslerControl::openCamera@49;"尝试打开第3台Basler相机..."
2025/04/22;21:33:16.098;DEBUG;23636;0000000000000000;BaslerControl::openCamera@51;"已经打开第3台Basler相机"
2025/04/22;21:33:16.121;DEBUG;23636;0000000000000000;BaslerControl::openCamera@64;"第3台Basler相机连接成功"
2025/04/22;21:33:16.122;ERROR;23636;0000000000000000;BaslerControl::openCamera@171;"采图失败，退出采图程序。"
2025/04/22;21:33:27.683;ERROR;23636;0000000000000000;BaslerControl::openCamera@162;"图片保存成功"
2025/04/22;21:34:23.165;ERROR;23636;0000000000000000;BaslerControl::openCamera@162;"图片保存成功"
2025/04/22;21:34:25.646;ERROR;23636;0000000000000000;BaslerControl::openCamera@162;"图片保存成功"
2025/04/22;21:34:28.971;ERROR;23636;0000000000000000;BaslerControl::openCamera@171;"采图失败，退出采图程序。"
2025/04/22;21:34:29.203;DEBUG;86024;0000000000000000;BaslerControl::closeCamera@189;"Basler相机断开连接"
2025/04/22;21:34:35.429;DEBUG;29744;0000000000000000;BaslerControl::openCamera@33;"正在连接Basler相机... ..."
2025/04/22;21:34:35.699;DEBUG;29744;0000000000000000;BaslerControl::openCamera@44;"尝试连接第1台相机..."
2025/04/22;21:34:35.920;DEBUG;29744;0000000000000000;BaslerControl::openCamera@49;"尝试打开第1台Basler相机..."
2025/04/22;21:34:36.018;DEBUG;29744;0000000000000000;BaslerControl::openCamera@51;"已经打开第1台Basler相机"
2025/04/22;21:34:36.034;DEBUG;29744;0000000000000000;BaslerControl::openCamera@64;"第1台Basler相机连接成功"
2025/04/22;21:34:36.034;DEBUG;29744;0000000000000000;BaslerControl::openCamera@44;"尝试连接第2台相机..."
2025/04/22;21:34:36.179;DEBUG;29744;0000000000000000;BaslerControl::openCamera@49;"尝试打开第2台Basler相机..."
2025/04/22;21:34:36.299;DEBUG;29744;0000000000000000;BaslerControl::openCamera@51;"已经打开第2台Basler相机"
2025/04/22;21:34:36.322;DEBUG;29744;0000000000000000;BaslerControl::openCamera@64;"第2台Basler相机连接成功"
2025/04/22;21:34:36.322;DEBUG;29744;0000000000000000;BaslerControl::openCamera@44;"尝试连接第3台相机..."
2025/04/22;21:34:36.487;DEBUG;29744;0000000000000000;BaslerControl::openCamera@49;"尝试打开第3台Basler相机..."
2025/04/22;21:34:36.625;DEBUG;29744;0000000000000000;BaslerControl::openCamera@51;"已经打开第3台Basler相机"
2025/04/22;21:34:36.649;DEBUG;29744;0000000000000000;BaslerControl::openCamera@64;"第3台Basler相机连接成功"
2025/04/22;21:35:37.204;ERROR;29744;0000000000000000;BaslerControl::openCamera@162;"图片保存成功"
2025/04/22;21:36:02.346;ERROR;29744;0000000000000000;BaslerControl::openCamera@162;"图片保存成功"
2025/04/22;21:36:26.363;ERROR;29744;0000000000000000;BaslerControl::openCamera@162;"图片保存成功"
2025/04/22;21:36:54.231;ERROR;29744;0000000000000000;BaslerControl::openCamera@162;"图片保存成功"
2025/04/22;21:37:03.516;ERROR;29744;0000000000000000;BaslerControl::openCamera@162;"图片保存成功"
2025/04/22;21:37:18.653;ERROR;29744;0000000000000000;BaslerControl::openCamera@162;"图片保存成功"
2025/04/22;21:37:30.579;ERROR;29744;0000000000000000;BaslerControl::openCamera@162;"图片保存成功"
2025/04/22;21:37:49.320;ERROR;29744;0000000000000000;BaslerControl::openCamera@162;"图片保存成功"
2025/04/22;21:38:02.208;ERROR;29744;0000000000000000;BaslerControl::openCamera@162;"图片保存成功"
2025/04/22;21:38:09.974;ERROR;29744;0000000000000000;BaslerControl::openCamera@162;"图片保存成功"
2025/04/22;21:38:31.278;ERROR;29744;0000000000000000;BaslerControl::openCamera@162;"图片保存成功"
2025/04/22;21:38:43.685;ERROR;29744;0000000000000000;BaslerControl::openCamera@162;"图片保存成功"
2025/04/22;21:38:50.567;ERROR;29744;0000000000000000;BaslerControl::openCamera@162;"图片保存成功"
2025/04/22;21:39:03.536;ERROR;29744;0000000000000000;BaslerControl::openCamera@162;"图片保存成功"
2025/04/22;21:39:11.142;ERROR;29744;0000000000000000;BaslerControl::openCamera@162;"图片保存成功"
2025/04/22;21:39:11.387;ERROR;29744;0000000000000000;BaslerControl::openCamera@162;"图片保存成功"
2025/04/22;21:39:18.832;ERROR;29744;0000000000000000;BaslerControl::openCamera@162;"图片保存成功"
2025/04/22;21:39:46.690;ERROR;29744;0000000000000000;BaslerControl::openCamera@162;"图片保存成功"
2025/04/22;21:42:43.259;ERROR;29744;0000000000000000;BaslerControl::openCamera@171;"采图失败，退出采图程序。"
2025/04/22;21:42:43.555;DEBUG;99188;0000000000000000;BaslerControl::closeCamera@189;"Basler相机断开连接"
2025/04/23;11:29:26.446;DEBUG;87396;0000000000000000;BaslerControl::openCamera@33;"正在连接Basler相机... ..."
2025/04/23;11:29:26.752;ERROR;87396;0000000000000000;BaslerControl::openCamera@39;"未找到Basler相机，请检查相机连接情况"
2025/04/23;11:29:28.083;DEBUG;22340;0000000000000000;BaslerControl::closeCamera@189;"Basler相机断开连接"
2025/04/23;11:30:32.829;DEBUG;38944;0000000000000000;BaslerControl::closeCamera@189;"Basler相机断开连接"
2025/04/23;11:31:39.858;DEBUG;75864;0000000000000000;BaslerControl::closeCamera@189;"Basler相机断开连接"
2025/04/23;11:32:08.532;DEBUG;52372;0000000000000000;BaslerControl::closeCamera@189;"Basler相机断开连接"
2025/04/23;11:32:43.269;DEBUG;57268;0000000000000000;BaslerControl::closeCamera@189;"Basler相机断开连接"
2025/04/23;11:32:58.094;DEBUG;71716;0000000000000000;BaslerControl::closeCamera@189;"Basler相机断开连接"
2025/04/23;11:33:43.643;DEBUG;62788;0000000000000000;BaslerControl::closeCamera@189;"Basler相机断开连接"
2025/04/24;13:49:51.549;DEBUG;2944;0000000000000000;BaslerControl::closeCamera@189;"Basler相机断开连接"
2025/04/24;15:00:50.966;DEBUG;27748;0000000000000000;BaslerControl::closeCamera@189;"Basler相机断开连接"
2025/04/24;15:02:28.401;DEBUG;36392;0000000000000000;BaslerControl::closeCamera@189;"Basler相机断开连接"
2025/04/24;15:02:50.769;DEBUG;38540;0000000000000000;BaslerControl::closeCamera@189;"Basler相机断开连接"
2025/04/24;15:09:09.991;DEBUG;30628;0000000000000000;BaslerControl::closeCamera@189;"Basler相机断开连接"
2025/04/24;15:10:52.576;DEBUG;41560;0000000000000000;BaslerControl::closeCamera@189;"Basler相机断开连接"
2025/04/24;15:11:21.998;DEBUG;40156;0000000000000000;BaslerControl::closeCamera@189;"Basler相机断开连接"
2025/04/24;16:22:52.987;DEBUG;3304;0000000000000000;BaslerControl::closeCamera@189;"Basler相机断开连接"
2025/04/24;16:40:28.776;DEBUG;25112;0000000000000000;BaslerControl::closeCamera@189;"Basler相机断开连接"
2025/04/24;16:40:40.025;DEBUG;40280;0000000000000000;BaslerControl::closeCamera@189;"Basler相机断开连接"
2025/04/24;17:24:08.996;DEBUG;2692;0000000000000000;BaslerControl::closeCamera@189;"Basler相机断开连接"
2025/04/24;17:26:39.827;DEBUG;22808;0000000000000000;BaslerControl::closeCamera@189;"Basler相机断开连接"
2025/04/24;17:37:13.673;DEBUG;24808;0000000000000000;BaslerControl::closeCamera@189;"Basler相机断开连接"
2025/04/24;17:44:04.600;DEBUG;27808;0000000000000000;BaslerControl::closeCamera@189;"Basler相机断开连接"
2025/04/24;19:11:33.864;DEBUG;44564;0000000000000000;BaslerControl::closeCamera@189;"Basler相机断开连接"
2025/04/24;19:17:55.142;DEBUG;44536;0000000000000000;BaslerControl::closeCamera@189;"Basler相机断开连接"
2025/04/24;20:05:53.529;DEBUG;10724;0000000000000000;BaslerControl::closeCamera@189;"Basler相机断开连接"
2025/04/24;21:13:12.797;DEBUG;19412;0000000000000000;BaslerControl::closeCamera@189;"Basler相机断开连接"
2025/04/24;21:29:23.823;DEBUG;25028;0000000000000000;BaslerControl::closeCamera@189;"Basler相机断开连接"
2025/04/26;17:36:59.235;DEBUG;14236;0000000000000000;BaslerControl::closeCamera@189;"Basler相机断开连接"
2025/04/28;19:19:34.775;DEBUG;15364;0000000000000000;BaslerControl::openCamera@33;"正在连接Basler相机... ..."
2025/04/28;19:19:35.103;DEBUG;15364;0000000000000000;BaslerControl::openCamera@44;"尝试连接第1台相机..."
2025/04/28;19:19:35.381;DEBUG;15364;0000000000000000;BaslerControl::openCamera@49;"尝试打开第1台Basler相机..."
2025/04/28;19:19:35.461;DEBUG;15364;0000000000000000;BaslerControl::openCamera@51;"已经打开第1台Basler相机"
2025/04/28;19:19:35.525;DEBUG;15364;0000000000000000;BaslerControl::openCamera@64;"第1台Basler相机连接成功"
2025/04/28;19:19:35.525;DEBUG;15364;0000000000000000;BaslerControl::openCamera@44;"尝试连接第2台相机..."
2025/04/28;19:19:35.716;DEBUG;15364;0000000000000000;BaslerControl::openCamera@49;"尝试打开第2台Basler相机..."
2025/04/28;19:19:35.837;DEBUG;15364;0000000000000000;BaslerControl::openCamera@51;"已经打开第2台Basler相机"
2025/04/28;19:19:35.861;DEBUG;15364;0000000000000000;BaslerControl::openCamera@64;"第2台Basler相机连接成功"
2025/04/28;19:19:35.861;DEBUG;15364;0000000000000000;BaslerControl::openCamera@44;"尝试连接第3台相机..."
2025/04/28;19:19:36.016;DEBUG;15364;0000000000000000;BaslerControl::openCamera@49;"尝试打开第3台Basler相机..."
2025/04/28;19:19:36.153;DEBUG;15364;0000000000000000;BaslerControl::openCamera@51;"已经打开第3台Basler相机"
2025/04/28;19:19:36.179;DEBUG;15364;0000000000000000;BaslerControl::openCamera@64;"第3台Basler相机连接成功"
2025/04/28;19:29:17.477;ERROR;15364;0000000000000000;BaslerControl::openCamera@171;"采图失败，退出采图程序。"
2025/04/28;19:29:17.631;DEBUG;42460;0000000000000000;BaslerControl::closeCamera@189;"Basler相机断开连接"
2025/04/28;19:29:27.227;DEBUG;25792;0000000000000000;BaslerControl::openCamera@33;"正在连接Basler相机... ..."
2025/04/28;19:29:27.496;DEBUG;25792;0000000000000000;BaslerControl::openCamera@44;"尝试连接第1台相机..."
2025/04/28;19:29:27.778;DEBUG;25792;0000000000000000;BaslerControl::openCamera@49;"尝试打开第1台Basler相机..."
2025/04/28;19:29:27.923;DEBUG;25792;0000000000000000;BaslerControl::openCamera@51;"已经打开第1台Basler相机"
2025/04/28;19:29:27.956;DEBUG;25792;0000000000000000;BaslerControl::openCamera@64;"第1台Basler相机连接成功"
2025/04/28;19:29:27.956;DEBUG;25792;0000000000000000;BaslerControl::openCamera@44;"尝试连接第2台相机..."
2025/04/28;19:29:28.117;DEBUG;25792;0000000000000000;BaslerControl::openCamera@49;"尝试打开第2台Basler相机..."
2025/04/28;19:29:28.240;DEBUG;25792;0000000000000000;BaslerControl::openCamera@51;"已经打开第2台Basler相机"
2025/04/28;19:29:28.264;DEBUG;25792;0000000000000000;BaslerControl::openCamera@64;"第2台Basler相机连接成功"
2025/04/28;19:29:28.264;DEBUG;25792;0000000000000000;BaslerControl::openCamera@44;"尝试连接第3台相机..."
2025/04/28;19:29:28.424;DEBUG;25792;0000000000000000;BaslerControl::openCamera@49;"尝试打开第3台Basler相机..."
2025/04/28;19:29:28.547;DEBUG;25792;0000000000000000;BaslerControl::openCamera@51;"已经打开第3台Basler相机"
2025/04/28;19:29:28.570;DEBUG;25792;0000000000000000;BaslerControl::openCamera@64;"第3台Basler相机连接成功"
2025/04/28;19:47:59.789;DEBUG;44732;0000000000000000;BaslerControl::closeCamera@189;"Basler相机断开连接"
2025/04/28;19:48:19.478;DEBUG;40904;0000000000000000;BaslerControl::closeCamera@189;"Basler相机断开连接"
2025/04/28;19:48:38.721;DEBUG;43124;0000000000000000;BaslerControl::openCamera@33;"正在连接Basler相机... ..."
2025/04/28;19:48:38.991;DEBUG;43124;0000000000000000;BaslerControl::openCamera@44;"尝试连接第1台相机..."
2025/04/28;19:48:39.221;DEBUG;43124;0000000000000000;BaslerControl::openCamera@49;"尝试打开第1台Basler相机..."
2025/04/28;19:48:39.314;DEBUG;43124;0000000000000000;BaslerControl::openCamera@51;"已经打开第1台Basler相机"
2025/04/28;19:48:39.331;DEBUG;43124;0000000000000000;BaslerControl::openCamera@64;"第1台Basler相机连接成功"
2025/04/28;19:48:39.331;DEBUG;43124;0000000000000000;BaslerControl::openCamera@44;"尝试连接第2台相机..."
2025/04/28;19:48:39.486;DEBUG;43124;0000000000000000;BaslerControl::openCamera@49;"尝试打开第2台Basler相机..."
2025/04/28;19:48:39.609;DEBUG;43124;0000000000000000;BaslerControl::openCamera@51;"已经打开第2台Basler相机"
2025/04/28;19:48:39.631;DEBUG;43124;0000000000000000;BaslerControl::openCamera@64;"第2台Basler相机连接成功"
2025/04/28;19:48:39.631;DEBUG;43124;0000000000000000;BaslerControl::openCamera@44;"尝试连接第3台相机..."
2025/04/28;19:48:39.795;DEBUG;43124;0000000000000000;BaslerControl::openCamera@49;"尝试打开第3台Basler相机..."
2025/04/28;19:48:39.934;DEBUG;43124;0000000000000000;BaslerControl::openCamera@51;"已经打开第3台Basler相机"
2025/04/28;19:48:39.959;DEBUG;43124;0000000000000000;BaslerControl::openCamera@64;"第3台Basler相机连接成功"
2025/04/28;19:49:33.708;DEBUG;45248;0000000000000000;BaslerControl::closeCamera@189;"Basler相机断开连接"
2025/04/28;19:58:24.128;DEBUG;47892;0000000000000000;BaslerControl::openCamera@33;"正在连接Basler相机... ..."
2025/04/28;19:58:24.412;DEBUG;47892;0000000000000000;BaslerControl::openCamera@44;"尝试连接第1台相机..."
2025/04/28;19:58:24.652;DEBUG;47892;0000000000000000;BaslerControl::openCamera@49;"尝试打开第1台Basler相机..."
2025/04/28;19:58:24.741;DEBUG;47892;0000000000000000;BaslerControl::openCamera@51;"已经打开第1台Basler相机"
2025/04/28;19:58:24.759;DEBUG;47892;0000000000000000;BaslerControl::openCamera@64;"第1台Basler相机连接成功"
2025/04/28;19:58:24.759;DEBUG;47892;0000000000000000;BaslerControl::openCamera@44;"尝试连接第2台相机..."
2025/04/28;19:58:24.922;DEBUG;47892;0000000000000000;BaslerControl::openCamera@49;"尝试打开第2台Basler相机..."
2025/04/28;19:58:25.052;DEBUG;47892;0000000000000000;BaslerControl::openCamera@51;"已经打开第2台Basler相机"
2025/04/28;19:58:25.078;DEBUG;47892;0000000000000000;BaslerControl::openCamera@64;"第2台Basler相机连接成功"
2025/04/28;19:58:25.078;DEBUG;47892;0000000000000000;BaslerControl::openCamera@44;"尝试连接第3台相机..."
2025/04/28;19:58:25.238;DEBUG;47892;0000000000000000;BaslerControl::openCamera@49;"尝试打开第3台Basler相机..."
2025/04/28;19:58:25.379;DEBUG;47892;0000000000000000;BaslerControl::openCamera@51;"已经打开第3台Basler相机"
2025/04/28;19:58:25.403;DEBUG;47892;0000000000000000;BaslerControl::openCamera@64;"第3台Basler相机连接成功"
2025/04/28;19:58:28.878;DEBUG;47788;0000000000000000;BaslerControl::closeCamera@189;"Basler相机断开连接"
2025/04/29;11:23:26.531;DEBUG;13752;0000000000000000;BaslerControl::closeCamera@189;"Basler相机断开连接"
2025/04/29;11:28:40.583;DEBUG;17944;0000000000000000;BaslerControl::closeCamera@189;"Basler相机断开连接"
2025/04/29;16:11:24.985;DEBUG;30636;0000000000000000;BaslerControl::closeCamera@189;"Basler相机断开连接"
2025/04/29;16:12:17.611;DEBUG;4164;0000000000000000;BaslerControl::closeCamera@189;"Basler相机断开连接"
2025/04/29;16:14:18.745;DEBUG;36032;0000000000000000;BaslerControl::closeCamera@189;"Basler相机断开连接"
2025/04/29;17:20:09.673;DEBUG;50876;0000000000000000;BaslerControl::closeCamera@189;"Basler相机断开连接"
2025/04/30;15:10:11.390;DEBUG;19660;0000000000000000;BaslerControl::openCamera@37;"正在连接Basler相机... ..."
2025/04/30;15:10:11.695;DEBUG;19660;0000000000000000;BaslerControl::openCamera@50;"尝试连接第1台相机..."
2025/04/30;15:10:11.924;DEBUG;19660;0000000000000000;BaslerControl::openCamera@56;"尝试打开第1台Basler相机..."
2025/04/30;15:10:12.004;DEBUG;19660;0000000000000000;BaslerControl::openCamera@58;"已经打开第1台Basler相机"
2025/04/30;15:10:12.023;DEBUG;19660;0000000000000000;BaslerControl::openCamera@71;"第1台Basler相机连接成功"
2025/04/30;15:10:12.023;DEBUG;19660;0000000000000000;BaslerControl::openCamera@50;"尝试连接第2台相机..."
2025/04/30;15:10:12.173;DEBUG;19660;0000000000000000;BaslerControl::openCamera@56;"尝试打开第2台Basler相机..."
2025/04/30;15:10:12.295;DEBUG;19660;0000000000000000;BaslerControl::openCamera@58;"已经打开第2台Basler相机"
2025/04/30;15:10:12.321;DEBUG;19660;0000000000000000;BaslerControl::openCamera@71;"第2台Basler相机连接成功"
2025/04/30;15:10:15.930;DEBUG;19660;0000000000000000;BaslerControl::openCamera@37;"正在连接Basler相机... ..."
2025/04/30;15:10:16.182;DEBUG;19660;0000000000000000;BaslerControl::openCamera@50;"尝试连接第1台相机..."
2025/04/30;15:10:16.307;DEBUG;19660;0000000000000000;BaslerControl::openCamera@56;"尝试打开第1台Basler相机..."
2025/04/30;15:10:16.307;DEBUG;19660;0000000000000000;BaslerControl::openCamera@58;"已经打开第1台Basler相机"
2025/04/30;15:10:25.641;DEBUG;30624;0000000000000000;BaslerControl::openCamera@37;"正在连接Basler相机... ..."
2025/04/30;15:10:25.911;DEBUG;30624;0000000000000000;BaslerControl::openCamera@50;"尝试连接第1台相机..."
2025/04/30;15:10:26.200;DEBUG;30624;0000000000000000;BaslerControl::openCamera@56;"尝试打开第1台Basler相机..."
2025/04/30;15:10:26.793;DEBUG;30624;0000000000000000;BaslerControl::openCamera@58;"已经打开第1台Basler相机"
2025/04/30;15:10:26.810;DEBUG;30624;0000000000000000;BaslerControl::openCamera@71;"第1台Basler相机连接成功"
2025/04/30;15:10:26.810;DEBUG;30624;0000000000000000;BaslerControl::openCamera@50;"尝试连接第2台相机..."
2025/04/30;15:10:26.966;DEBUG;30624;0000000000000000;BaslerControl::openCamera@56;"尝试打开第2台Basler相机..."
2025/04/30;15:10:27.090;DEBUG;30624;0000000000000000;BaslerControl::openCamera@58;"已经打开第2台Basler相机"
2025/04/30;15:10:27.112;DEBUG;30624;0000000000000000;BaslerControl::openCamera@71;"第2台Basler相机连接成功"
2025/04/30;15:10:27.112;DEBUG;30624;0000000000000000;BaslerControl::openCamera@50;"尝试连接第3台相机..."
2025/04/30;15:10:27.260;DEBUG;30624;0000000000000000;BaslerControl::openCamera@56;"尝试打开第3台Basler相机..."
2025/04/30;15:10:27.386;DEBUG;30624;0000000000000000;BaslerControl::openCamera@58;"已经打开第3台Basler相机"
2025/04/30;15:10:27.411;DEBUG;30624;0000000000000000;BaslerControl::openCamera@71;"第3台Basler相机连接成功"
2025/04/30;15:10:32.053;DEBUG;30624;0000000000000000;BaslerControl::openCamera@37;"正在连接Basler相机... ..."
2025/04/30;15:10:32.305;DEBUG;30624;0000000000000000;BaslerControl::openCamera@50;"尝试连接第1台相机..."
2025/04/30;15:10:32.440;DEBUG;30624;0000000000000000;BaslerControl::openCamera@56;"尝试打开第1台Basler相机..."
2025/04/30;15:10:32.440;DEBUG;30624;0000000000000000;BaslerControl::openCamera@58;"已经打开第1台Basler相机"
2025/04/30;15:10:32.444;ERROR;30624;0000000000000000;BaslerControl::openCamera@181;"采图失败，退出采图程序。"
2025/04/30;15:10:34.927;DEBUG;30624;0000000000000000;BaslerControl::openCamera@37;"正在连接Basler相机... ..."
2025/04/30;15:10:35.179;DEBUG;30624;0000000000000000;BaslerControl::openCamera@50;"尝试连接第1台相机..."
2025/04/30;15:10:35.310;DEBUG;30624;0000000000000000;BaslerControl::openCamera@56;"尝试打开第1台Basler相机..."
2025/04/30;15:10:35.310;DEBUG;30624;0000000000000000;BaslerControl::openCamera@58;"已经打开第1台Basler相机"
2025/04/30;15:10:48.049;DEBUG;21956;0000000000000000;BaslerControl::closeCamera@199;"Basler相机断开连接"
2025/04/30;15:16:28.467;DEBUG;48460;0000000000000000;BaslerControl::openCamera@38;"正在连接Basler相机... ..."
2025/04/30;15:16:28.736;DEBUG;48460;0000000000000000;BaslerControl::openCamera@51;"尝试连接第1台相机..."
2025/04/30;15:16:29.023;DEBUG;48460;0000000000000000;BaslerControl::openCamera@57;"尝试打开第1台Basler相机..."
2025/04/30;15:16:29.651;DEBUG;48460;0000000000000000;BaslerControl::openCamera@59;"已经打开第1台Basler相机"
2025/04/30;15:16:29.667;DEBUG;48460;0000000000000000;BaslerControl::openCamera@72;"第1台Basler相机连接成功"
2025/04/30;15:16:29.667;DEBUG;48460;0000000000000000;BaslerControl::openCamera@51;"尝试连接第2台相机..."
2025/04/30;15:16:29.811;DEBUG;48460;0000000000000000;BaslerControl::openCamera@57;"尝试打开第2台Basler相机..."
2025/04/30;15:16:29.937;DEBUG;48460;0000000000000000;BaslerControl::openCamera@59;"已经打开第2台Basler相机"
2025/04/30;15:16:29.961;DEBUG;48460;0000000000000000;BaslerControl::openCamera@72;"第2台Basler相机连接成功"
2025/04/30;15:16:29.961;DEBUG;48460;0000000000000000;BaslerControl::openCamera@51;"尝试连接第3台相机..."
2025/04/30;15:16:30.121;DEBUG;48460;0000000000000000;BaslerControl::openCamera@57;"尝试打开第3台Basler相机..."
2025/04/30;15:16:30.245;DEBUG;48460;0000000000000000;BaslerControl::openCamera@59;"已经打开第3台Basler相机"
2025/04/30;15:16:30.267;DEBUG;48460;0000000000000000;BaslerControl::openCamera@72;"第3台Basler相机连接成功"
2025/04/30;15:16:38.262;DEBUG;48460;0000000000000000;BaslerControl::openCamera@38;"正在连接Basler相机... ..."
2025/04/30;15:16:38.512;DEBUG;48460;0000000000000000;BaslerControl::openCamera@51;"尝试连接第1台相机..."
2025/04/30;15:16:38.746;DEBUG;48460;0000000000000000;BaslerControl::openCamera@57;"尝试打开第1台Basler相机..."
2025/04/30;15:16:38.828;DEBUG;48460;0000000000000000;BaslerControl::openCamera@59;"已经打开第1台Basler相机"
2025/04/30;15:16:38.843;DEBUG;48460;0000000000000000;BaslerControl::openCamera@72;"第1台Basler相机连接成功"
2025/04/30;15:16:38.843;DEBUG;48460;0000000000000000;BaslerControl::openCamera@51;"尝试连接第2台相机..."
2025/04/30;15:16:39.103;DEBUG;48460;0000000000000000;BaslerControl::openCamera@57;"尝试打开第2台Basler相机..."
2025/04/30;15:16:39.235;DEBUG;48460;0000000000000000;BaslerControl::openCamera@59;"已经打开第2台Basler相机"
2025/04/30;15:16:39.258;DEBUG;48460;0000000000000000;BaslerControl::openCamera@72;"第2台Basler相机连接成功"
2025/04/30;15:16:39.258;DEBUG;48460;0000000000000000;BaslerControl::openCamera@51;"尝试连接第3台相机..."
2025/04/30;15:16:39.597;DEBUG;48460;0000000000000000;BaslerControl::openCamera@57;"尝试打开第3台Basler相机..."
2025/04/30;15:16:39.731;DEBUG;48460;0000000000000000;BaslerControl::openCamera@59;"已经打开第3台Basler相机"
2025/04/30;15:16:39.756;DEBUG;48460;0000000000000000;BaslerControl::openCamera@72;"第3台Basler相机连接成功"
2025/04/30;15:16:39.758;ERROR;48460;0000000000000000;BaslerControl::openCamera@182;"采图失败，退出采图程序。"
2025/04/30;15:16:39.758;DEBUG;48460;0000000000000000;BaslerControl::openCamera@38;"正在连接Basler相机... ..."
2025/04/30;15:16:40.016;DEBUG;48460;0000000000000000;BaslerControl::openCamera@51;"尝试连接第1台相机..."
2025/04/30;15:16:40.236;DEBUG;48460;0000000000000000;BaslerControl::openCamera@57;"尝试打开第1台Basler相机..."
2025/04/30;15:16:40.318;DEBUG;48460;0000000000000000;BaslerControl::openCamera@59;"已经打开第1台Basler相机"
2025/04/30;15:16:40.333;DEBUG;48460;0000000000000000;BaslerControl::openCamera@72;"第1台Basler相机连接成功"
2025/04/30;15:16:40.333;DEBUG;48460;0000000000000000;BaslerControl::openCamera@51;"尝试连接第2台相机..."
2025/04/30;15:16:40.625;DEBUG;48460;0000000000000000;BaslerControl::openCamera@57;"尝试打开第2台Basler相机..."
2025/04/30;15:16:41.255;DEBUG;48460;0000000000000000;BaslerControl::openCamera@59;"已经打开第2台Basler相机"
2025/04/30;15:16:41.277;DEBUG;48460;0000000000000000;BaslerControl::openCamera@72;"第2台Basler相机连接成功"
2025/04/30;15:16:41.277;DEBUG;48460;0000000000000000;BaslerControl::openCamera@51;"尝试连接第3台相机..."
2025/04/30;15:16:41.665;DEBUG;48460;0000000000000000;BaslerControl::openCamera@57;"尝试打开第3台Basler相机..."
2025/04/30;15:16:41.795;DEBUG;48460;0000000000000000;BaslerControl::openCamera@59;"已经打开第3台Basler相机"
2025/04/30;15:16:41.818;DEBUG;48460;0000000000000000;BaslerControl::openCamera@72;"第3台Basler相机连接成功"
2025/04/30;15:16:41.819;ERROR;48460;0000000000000000;BaslerControl::openCamera@182;"采图失败，退出采图程序。"
2025/04/30;15:16:45.859;DEBUG;48460;0000000000000000;BaslerControl::openCamera@38;"正在连接Basler相机... ..."
2025/04/30;15:16:46.110;DEBUG;48460;0000000000000000;BaslerControl::openCamera@51;"尝试连接第1台相机..."
2025/04/30;15:16:46.273;DEBUG;48460;0000000000000000;BaslerControl::openCamera@57;"尝试打开第1台Basler相机..."
2025/04/30;15:16:46.860;DEBUG;48460;0000000000000000;BaslerControl::openCamera@59;"已经打开第1台Basler相机"
2025/04/30;15:16:46.874;DEBUG;48460;0000000000000000;BaslerControl::openCamera@72;"第1台Basler相机连接成功"
2025/04/30;15:16:46.874;DEBUG;48460;0000000000000000;BaslerControl::openCamera@51;"尝试连接第2台相机..."
2025/04/30;15:16:47.134;DEBUG;48460;0000000000000000;BaslerControl::openCamera@57;"尝试打开第2台Basler相机..."
2025/04/30;15:16:47.251;DEBUG;48460;0000000000000000;BaslerControl::openCamera@59;"已经打开第2台Basler相机"
2025/04/30;15:16:47.273;DEBUG;48460;0000000000000000;BaslerControl::openCamera@72;"第2台Basler相机连接成功"
2025/04/30;15:16:47.273;DEBUG;48460;0000000000000000;BaslerControl::openCamera@51;"尝试连接第3台相机..."
2025/04/30;15:16:47.693;DEBUG;48460;0000000000000000;BaslerControl::openCamera@57;"尝试打开第3台Basler相机..."
2025/04/30;15:16:47.827;DEBUG;48460;0000000000000000;BaslerControl::openCamera@59;"已经打开第3台Basler相机"
2025/04/30;15:16:47.851;DEBUG;48460;0000000000000000;BaslerControl::openCamera@72;"第3台Basler相机连接成功"
2025/04/30;15:16:47.852;ERROR;48460;0000000000000000;BaslerControl::openCamera@182;"采图失败，退出采图程序。"
2025/04/30;15:16:52.744;DEBUG;48460;0000000000000000;BaslerControl::openCamera@38;"正在连接Basler相机... ..."
2025/04/30;15:16:52.995;DEBUG;48460;0000000000000000;BaslerControl::openCamera@51;"尝试连接第1台相机..."
2025/04/30;15:16:53.134;DEBUG;48460;0000000000000000;BaslerControl::openCamera@57;"尝试打开第1台Basler相机..."
2025/04/30;15:16:53.211;DEBUG;48460;0000000000000000;BaslerControl::openCamera@59;"已经打开第1台Basler相机"
2025/04/30;15:16:53.226;DEBUG;48460;0000000000000000;BaslerControl::openCamera@72;"第1台Basler相机连接成功"
2025/04/30;15:16:53.226;DEBUG;48460;0000000000000000;BaslerControl::openCamera@51;"尝试连接第2台相机..."
2025/04/30;15:16:53.521;DEBUG;48460;0000000000000000;BaslerControl::openCamera@57;"尝试打开第2台Basler相机..."
2025/04/30;15:16:53.636;DEBUG;48460;0000000000000000;BaslerControl::openCamera@59;"已经打开第2台Basler相机"
2025/04/30;15:16:53.659;DEBUG;48460;0000000000000000;BaslerControl::openCamera@72;"第2台Basler相机连接成功"
2025/04/30;15:16:53.659;DEBUG;48460;0000000000000000;BaslerControl::openCamera@51;"尝试连接第3台相机..."
2025/04/30;15:16:54.078;DEBUG;48460;0000000000000000;BaslerControl::openCamera@57;"尝试打开第3台Basler相机..."
2025/04/30;15:16:54.211;DEBUG;48460;0000000000000000;BaslerControl::openCamera@59;"已经打开第3台Basler相机"
2025/04/30;15:16:54.235;DEBUG;48460;0000000000000000;BaslerControl::openCamera@72;"第3台Basler相机连接成功"
2025/04/30;15:17:00.280;DEBUG;48460;0000000000000000;BaslerControl::openCamera@38;"正在连接Basler相机... ..."
2025/04/30;15:17:00.532;DEBUG;48460;0000000000000000;BaslerControl::openCamera@51;"尝试连接第1台相机..."
2025/04/30;15:17:00.687;DEBUG;48460;0000000000000000;BaslerControl::openCamera@57;"尝试打开第1台Basler相机..."
2025/04/30;15:17:00.766;DEBUG;48460;0000000000000000;BaslerControl::openCamera@59;"已经打开第1台Basler相机"
2025/04/30;15:17:00.781;DEBUG;48460;0000000000000000;BaslerControl::openCamera@72;"第1台Basler相机连接成功"
2025/04/30;15:17:00.781;DEBUG;48460;0000000000000000;BaslerControl::openCamera@51;"尝试连接第2台相机..."
2025/04/30;15:17:01.045;DEBUG;48460;0000000000000000;BaslerControl::openCamera@57;"尝试打开第2台Basler相机..."
2025/04/30;15:17:01.178;DEBUG;48460;0000000000000000;BaslerControl::openCamera@59;"已经打开第2台Basler相机"
2025/04/30;15:17:01.201;DEBUG;48460;0000000000000000;BaslerControl::openCamera@72;"第2台Basler相机连接成功"
2025/04/30;15:17:01.201;DEBUG;48460;0000000000000000;BaslerControl::openCamera@51;"尝试连接第3台相机..."
2025/04/30;15:17:01.494;DEBUG;48460;0000000000000000;BaslerControl::openCamera@57;"尝试打开第3台Basler相机..."
2025/04/30;15:17:01.626;DEBUG;48460;0000000000000000;BaslerControl::openCamera@59;"已经打开第3台Basler相机"
2025/04/30;15:17:01.650;DEBUG;48460;0000000000000000;BaslerControl::openCamera@72;"第3台Basler相机连接成功"
2025/04/30;15:17:01.650;DEBUG;48460;0000000000000000;BaslerControl::openCamera@38;"正在连接Basler相机... ..."
2025/04/30;15:17:01.910;DEBUG;48460;0000000000000000;BaslerControl::openCamera@51;"尝试连接第1台相机..."
2025/04/30;15:17:02.099;DEBUG;48460;0000000000000000;BaslerControl::openCamera@57;"尝试打开第1台Basler相机..."
2025/04/30;15:17:02.180;DEBUG;48460;0000000000000000;BaslerControl::openCamera@59;"已经打开第1台Basler相机"
2025/04/30;15:17:02.195;DEBUG;48460;0000000000000000;BaslerControl::openCamera@72;"第1台Basler相机连接成功"
2025/04/30;15:17:02.195;DEBUG;48460;0000000000000000;BaslerControl::openCamera@51;"尝试连接第2台相机..."
2025/04/30;15:17:02.487;DEBUG;48460;0000000000000000;BaslerControl::openCamera@57;"尝试打开第2台Basler相机..."
2025/04/30;15:17:02.616;DEBUG;48460;0000000000000000;BaslerControl::openCamera@59;"已经打开第2台Basler相机"
2025/04/30;15:17:02.639;DEBUG;48460;0000000000000000;BaslerControl::openCamera@72;"第2台Basler相机连接成功"
2025/04/30;15:17:02.639;DEBUG;48460;0000000000000000;BaslerControl::openCamera@51;"尝试连接第3台相机..."
2025/04/30;15:17:02.964;DEBUG;48460;0000000000000000;BaslerControl::openCamera@57;"尝试打开第3台Basler相机..."
2025/04/30;15:17:03.087;DEBUG;48460;0000000000000000;BaslerControl::openCamera@59;"已经打开第3台Basler相机"
2025/04/30;15:17:03.108;DEBUG;48460;0000000000000000;BaslerControl::openCamera@72;"第3台Basler相机连接成功"
2025/04/30;15:17:03.109;DEBUG;48460;0000000000000000;BaslerControl::openCamera@38;"正在连接Basler相机... ..."
2025/04/30;15:17:03.361;DEBUG;48460;0000000000000000;BaslerControl::openCamera@51;"尝试连接第1台相机..."
2025/04/30;15:17:03.599;DEBUG;48460;0000000000000000;BaslerControl::openCamera@57;"尝试打开第1台Basler相机..."
2025/04/30;15:17:04.196;DEBUG;48460;0000000000000000;BaslerControl::openCamera@59;"已经打开第1台Basler相机"
2025/04/30;15:17:04.205;ERROR;48460;0000000000000000;BaslerControl::openCamera@182;"采图失败，退出采图程序。"
2025/04/30;15:17:04.423;DEBUG;48460;0000000000000000;BaslerControl::closeCamera@200;"Basler相机断开连接"
2025/04/30;15:17:04.423;DEBUG;28496;0000000000000000;BaslerControl::closeCamera@200;"Basler相机断开连接"
2025/04/30;15:18:45.978;DEBUG;9812;0000000000000000;BaslerControl::openCamera@38;"正在连接Basler相机... ..."
2025/04/30;15:18:46.249;DEBUG;9812;0000000000000000;BaslerControl::openCamera@51;"尝试连接第1台相机..."
2025/04/30;15:18:46.538;DEBUG;9812;0000000000000000;BaslerControl::openCamera@57;"尝试打开第1台Basler相机..."
2025/04/30;15:18:46.650;DEBUG;9812;0000000000000000;BaslerControl::openCamera@59;"已经打开第1台Basler相机"
2025/04/30;15:18:46.666;DEBUG;9812;0000000000000000;BaslerControl::openCamera@72;"第1台Basler相机连接成功"
2025/04/30;15:18:46.667;DEBUG;9812;0000000000000000;BaslerControl::openCamera@51;"尝试连接第2台相机..."
2025/04/30;15:18:46.823;DEBUG;9812;0000000000000000;BaslerControl::openCamera@57;"尝试打开第2台Basler相机..."
2025/04/30;15:18:47.463;DEBUG;9812;0000000000000000;BaslerControl::openCamera@59;"已经打开第2台Basler相机"
2025/04/30;15:18:47.486;DEBUG;9812;0000000000000000;BaslerControl::openCamera@72;"第2台Basler相机连接成功"
2025/04/30;15:18:47.486;DEBUG;9812;0000000000000000;BaslerControl::openCamera@51;"尝试连接第3台相机..."
2025/04/30;15:18:47.646;DEBUG;9812;0000000000000000;BaslerControl::openCamera@57;"尝试打开第3台Basler相机..."
2025/04/30;15:18:47.770;DEBUG;9812;0000000000000000;BaslerControl::openCamera@59;"已经打开第3台Basler相机"
2025/04/30;15:18:47.794;DEBUG;9812;0000000000000000;BaslerControl::openCamera@72;"第3台Basler相机连接成功"
2025/04/30;15:18:54.964;DEBUG;9812;0000000000000000;BaslerControl::openCamera@38;"正在连接Basler相机... ..."
2025/04/30;15:18:55.215;DEBUG;9812;0000000000000000;BaslerControl::openCamera@51;"尝试连接第1台相机..."
2025/04/30;15:18:55.437;DEBUG;9812;0000000000000000;BaslerControl::openCamera@57;"尝试打开第1台Basler相机..."
2025/04/30;15:18:55.518;DEBUG;9812;0000000000000000;BaslerControl::openCamera@59;"已经打开第1台Basler相机"
2025/04/30;15:18:55.533;DEBUG;9812;0000000000000000;BaslerControl::openCamera@72;"第1台Basler相机连接成功"
2025/04/30;15:18:55.533;DEBUG;9812;0000000000000000;BaslerControl::openCamera@51;"尝试连接第2台相机..."
2025/04/30;15:18:55.826;DEBUG;9812;0000000000000000;BaslerControl::openCamera@57;"尝试打开第2台Basler相机..."
2025/04/30;15:18:55.957;DEBUG;9812;0000000000000000;BaslerControl::openCamera@59;"已经打开第2台Basler相机"
2025/04/30;15:18:55.980;DEBUG;9812;0000000000000000;BaslerControl::openCamera@72;"第2台Basler相机连接成功"
2025/04/30;15:18:55.980;DEBUG;9812;0000000000000000;BaslerControl::openCamera@51;"尝试连接第3台相机..."
2025/04/30;15:18:56.434;DEBUG;9812;0000000000000000;BaslerControl::openCamera@57;"尝试打开第3台Basler相机..."
2025/04/30;15:18:56.565;DEBUG;9812;0000000000000000;BaslerControl::openCamera@59;"已经打开第3台Basler相机"
2025/04/30;15:18:56.589;DEBUG;9812;0000000000000000;BaslerControl::openCamera@72;"第3台Basler相机连接成功"
2025/04/30;15:19:00.731;DEBUG;35880;0000000000000000;BaslerControl::closeCamera@200;"Basler相机断开连接"
2025/04/30;15:20:32.498;DEBUG;30816;0000000000000000;BaslerControl::openCamera@38;"正在连接Basler相机... ..."
2025/04/30;15:20:32.768;DEBUG;30816;0000000000000000;BaslerControl::openCamera@51;"尝试连接第1台相机..."
2025/04/30;15:20:32.955;DEBUG;30816;0000000000000000;BaslerControl::openCamera@57;"尝试打开第1台Basler相机..."
2025/04/30;15:20:33.564;DEBUG;30816;0000000000000000;BaslerControl::openCamera@59;"已经打开第1台Basler相机"
2025/04/30;15:20:33.581;DEBUG;30816;0000000000000000;BaslerControl::openCamera@72;"第1台Basler相机连接成功"
2025/04/30;15:20:33.581;DEBUG;30816;0000000000000000;BaslerControl::openCamera@51;"尝试连接第2台相机..."
2025/04/30;15:20:33.738;DEBUG;30816;0000000000000000;BaslerControl::openCamera@57;"尝试打开第2台Basler相机..."
2025/04/30;15:20:33.860;DEBUG;30816;0000000000000000;BaslerControl::openCamera@59;"已经打开第2台Basler相机"
2025/04/30;15:20:33.883;DEBUG;30816;0000000000000000;BaslerControl::openCamera@72;"第2台Basler相机连接成功"
2025/04/30;15:20:33.883;DEBUG;30816;0000000000000000;BaslerControl::openCamera@51;"尝试连接第3台相机..."
2025/04/30;15:20:34.049;DEBUG;30816;0000000000000000;BaslerControl::openCamera@57;"尝试打开第3台Basler相机..."
2025/04/30;15:20:34.190;DEBUG;30816;0000000000000000;BaslerControl::openCamera@59;"已经打开第3台Basler相机"
2025/04/30;15:20:34.214;DEBUG;30816;0000000000000000;BaslerControl::openCamera@72;"第3台Basler相机连接成功"
2025/04/30;15:20:40.939;DEBUG;28792;0000000000000000;BaslerControl::closeCamera@200;"Basler相机断开连接"
2025/04/30;15:26:30.892;DEBUG;30764;0000000000000000;BaslerControl::openCamera@36;"正在连接Basler相机... ..."
2025/04/30;15:26:31.163;DEBUG;30764;0000000000000000;BaslerControl::openCamera@49;"尝试连接第1台相机..."
2025/04/30;15:26:31.458;DEBUG;30764;0000000000000000;BaslerControl::openCamera@55;"尝试打开第1台Basler相机..."
2025/04/30;15:26:31.551;DEBUG;30764;0000000000000000;BaslerControl::openCamera@57;"已经打开第1台Basler相机"
2025/04/30;15:26:31.567;DEBUG;30764;0000000000000000;BaslerControl::openCamera@70;"第1台Basler相机连接成功"
2025/04/30;15:26:31.567;DEBUG;30764;0000000000000000;BaslerControl::openCamera@49;"尝试连接第2台相机..."
2025/04/30;15:26:31.715;DEBUG;30764;0000000000000000;BaslerControl::openCamera@55;"尝试打开第2台Basler相机..."
2025/04/30;15:26:31.835;DEBUG;30764;0000000000000000;BaslerControl::openCamera@57;"已经打开第2台Basler相机"
2025/04/30;15:26:31.857;DEBUG;30764;0000000000000000;BaslerControl::openCamera@70;"第2台Basler相机连接成功"
2025/04/30;15:26:31.857;DEBUG;30764;0000000000000000;BaslerControl::openCamera@49;"尝试连接第3台相机..."
2025/04/30;15:26:32.023;DEBUG;30764;0000000000000000;BaslerControl::openCamera@55;"尝试打开第3台Basler相机..."
2025/04/30;15:26:32.163;DEBUG;30764;0000000000000000;BaslerControl::openCamera@57;"已经打开第3台Basler相机"
2025/04/30;15:26:32.187;DEBUG;30764;0000000000000000;BaslerControl::openCamera@70;"第3台Basler相机连接成功"
2025/04/30;15:26:38.883;ERROR;30764;0000000000000000;BaslerControl::openCamera@180;"采图失败，退出采图程序。"
2025/04/30;15:26:39.084;DEBUG;38488;0000000000000000;BaslerControl::closeCamera@198;"Basler相机断开连接"
2025/04/30;15:30:19.566;DEBUG;39624;0000000000000000;BaslerControl::openCamera@36;"正在连接Basler相机... ..."
2025/04/30;15:30:19.835;DEBUG;39624;0000000000000000;BaslerControl::openCamera@49;"尝试连接第1台相机..."
2025/04/30;15:30:20.119;DEBUG;39624;0000000000000000;BaslerControl::openCamera@55;"尝试打开第1台Basler相机..."
2025/04/30;15:30:20.230;DEBUG;39624;0000000000000000;BaslerControl::openCamera@57;"已经打开第1台Basler相机"
2025/04/30;15:30:20.246;DEBUG;39624;0000000000000000;BaslerControl::openCamera@70;"第1台Basler相机连接成功"
2025/04/30;15:30:20.246;DEBUG;39624;0000000000000000;BaslerControl::openCamera@49;"尝试连接第2台相机..."
2025/04/30;15:30:20.405;DEBUG;39624;0000000000000000;BaslerControl::openCamera@55;"尝试打开第2台Basler相机..."
2025/04/30;15:30:20.529;DEBUG;39624;0000000000000000;BaslerControl::openCamera@57;"已经打开第2台Basler相机"
2025/04/30;15:30:20.553;DEBUG;39624;0000000000000000;BaslerControl::openCamera@70;"第2台Basler相机连接成功"
2025/04/30;15:30:20.553;DEBUG;39624;0000000000000000;BaslerControl::openCamera@49;"尝试连接第3台相机..."
2025/04/30;15:30:20.714;DEBUG;39624;0000000000000000;BaslerControl::openCamera@55;"尝试打开第3台Basler相机..."
2025/04/30;15:30:20.854;DEBUG;39624;0000000000000000;BaslerControl::openCamera@57;"已经打开第3台Basler相机"
2025/04/30;15:30:20.878;DEBUG;39624;0000000000000000;BaslerControl::openCamera@70;"第3台Basler相机连接成功"
2025/04/30;15:30:23.312;DEBUG;10296;0000000000000000;BaslerControl::closeCamera@201;"Basler相机断开连接"
2025/04/30;15:34:48.902;DEBUG;12936;0000000000000000;BaslerControl::openCamera@40;"正在连接Basler相机... ..."
2025/04/30;15:34:49.171;DEBUG;12936;0000000000000000;BaslerControl::openCamera@53;"尝试连接第1台相机..."
2025/04/30;15:34:49.458;DEBUG;12936;0000000000000000;BaslerControl::openCamera@59;"尝试打开第1台Basler相机..."
2025/04/30;15:34:50.093;DEBUG;12936;0000000000000000;BaslerControl::openCamera@61;"已经打开第1台Basler相机"
2025/04/30;15:34:50.111;DEBUG;12936;0000000000000000;BaslerControl::openCamera@74;"第1台Basler相机连接成功"
2025/04/30;15:34:50.111;DEBUG;12936;0000000000000000;BaslerControl::openCamera@53;"尝试连接第2台相机..."
2025/04/30;15:34:50.267;DEBUG;12936;0000000000000000;BaslerControl::openCamera@59;"尝试打开第2台Basler相机..."
2025/04/30;15:34:50.391;DEBUG;12936;0000000000000000;BaslerControl::openCamera@61;"已经打开第2台Basler相机"
2025/04/30;15:34:50.416;DEBUG;12936;0000000000000000;BaslerControl::openCamera@74;"第2台Basler相机连接成功"
2025/04/30;15:34:50.416;DEBUG;12936;0000000000000000;BaslerControl::openCamera@53;"尝试连接第3台相机..."
2025/04/30;15:34:50.565;DEBUG;12936;0000000000000000;BaslerControl::openCamera@59;"尝试打开第3台Basler相机..."
2025/04/30;15:34:50.689;DEBUG;12936;0000000000000000;BaslerControl::openCamera@61;"已经打开第3台Basler相机"
2025/04/30;15:34:50.710;DEBUG;12936;0000000000000000;BaslerControl::openCamera@74;"第3台Basler相机连接成功"
2025/04/30;15:34:52.512;ERROR;12936;0000000000000000;BaslerControl::openCamera@187;"采图失败，退出采图程序。"
2025/04/30;15:34:52.960;DEBUG;17020;0000000000000000;BaslerControl::closeCamera@205;"Basler相机断开连接"
2025/04/30;15:49:44.399;DEBUG;4388;0000000000000000;BaslerControl::openCamera@34;"正在连接Basler相机... ..."
2025/04/30;15:49:44.668;DEBUG;4388;0000000000000000;BaslerControl::openCamera@47;"尝试连接第1台相机..."
2025/04/30;15:49:44.905;DEBUG;4388;0000000000000000;BaslerControl::openCamera@53;"尝试打开第1台Basler相机..."
2025/04/30;15:49:45.503;DEBUG;4388;0000000000000000;BaslerControl::openCamera@55;"已经打开第1台Basler相机"
2025/04/30;15:49:45.521;DEBUG;4388;0000000000000000;BaslerControl::openCamera@68;"第1台Basler相机连接成功"
2025/04/30;15:49:45.521;DEBUG;4388;0000000000000000;BaslerControl::openCamera@47;"尝试连接第2台相机..."
2025/04/30;15:49:45.676;DEBUG;4388;0000000000000000;BaslerControl::openCamera@53;"尝试打开第2台Basler相机..."
2025/04/30;15:49:46.314;DEBUG;4388;0000000000000000;BaslerControl::openCamera@55;"已经打开第2台Basler相机"
2025/04/30;15:49:46.337;DEBUG;4388;0000000000000000;BaslerControl::openCamera@68;"第2台Basler相机连接成功"
2025/04/30;15:49:46.337;DEBUG;4388;0000000000000000;BaslerControl::openCamera@47;"尝试连接第3台相机..."
2025/04/30;15:49:46.499;DEBUG;4388;0000000000000000;BaslerControl::openCamera@53;"尝试打开第3台Basler相机..."
2025/04/30;15:49:46.624;DEBUG;4388;0000000000000000;BaslerControl::openCamera@55;"已经打开第3台Basler相机"
2025/04/30;15:49:46.648;DEBUG;4388;0000000000000000;BaslerControl::openCamera@68;"第3台Basler相机连接成功"
2025/04/30;15:49:48.728;DEBUG;47096;0000000000000000;BaslerControl::closeCamera@196;"Basler相机断开连接"
2025/04/30;15:50:55.620;DEBUG;44412;0000000000000000;BaslerControl::closeCamera@196;"Basler相机断开连接"
2025/04/30;15:51:13.819;DEBUG;3468;0000000000000000;BaslerControl::closeCamera@196;"Basler相机断开连接"
2025/04/30;15:51:52.328;DEBUG;40700;0000000000000000;BaslerControl::closeCamera@196;"Basler相机断开连接"
2025/04/30;16:01:27.659;DEBUG;24144;0000000000000000;BaslerControl::closeCamera@201;"Basler相机断开连接"
2025/04/30;16:03:18.223;DEBUG;28968;0000000000000000;BaslerControl::openCamera@34;"正在连接Basler相机... ..."
2025/04/30;16:03:18.492;DEBUG;28968;0000000000000000;BaslerControl::openCamera@52;"尝试连接第1台相机..."
2025/04/30;16:03:18.702;DEBUG;28968;0000000000000000;BaslerControl::openCamera@58;"尝试打开第1台Basler相机..."
2025/04/30;16:03:18.786;DEBUG;28968;0000000000000000;BaslerControl::openCamera@60;"已经打开第1台Basler相机"
2025/04/30;16:03:18.802;DEBUG;28968;0000000000000000;BaslerControl::openCamera@73;"第1台Basler相机连接成功"
2025/04/30;16:03:18.802;DEBUG;28968;0000000000000000;BaslerControl::openCamera@52;"尝试连接第2台相机..."
2025/04/30;16:03:18.961;DEBUG;28968;0000000000000000;BaslerControl::openCamera@58;"尝试打开第2台Basler相机..."
2025/04/30;16:03:19.604;DEBUG;28968;0000000000000000;BaslerControl::openCamera@60;"已经打开第2台Basler相机"
2025/04/30;16:03:19.626;DEBUG;28968;0000000000000000;BaslerControl::openCamera@73;"第2台Basler相机连接成功"
2025/04/30;16:03:19.627;DEBUG;28968;0000000000000000;BaslerControl::openCamera@52;"尝试连接第3台相机..."
2025/04/30;16:03:19.777;DEBUG;28968;0000000000000000;BaslerControl::openCamera@58;"尝试打开第3台Basler相机..."
2025/04/30;16:03:19.896;DEBUG;28968;0000000000000000;BaslerControl::openCamera@60;"已经打开第3台Basler相机"
2025/04/30;16:03:19.920;DEBUG;28968;0000000000000000;BaslerControl::openCamera@73;"第3台Basler相机连接成功"
2025/04/30;16:03:21.489;DEBUG;41668;0000000000000000;BaslerControl::closeCamera@201;"Basler相机断开连接"
2025/04/30;16:06:08.310;DEBUG;42392;0000000000000000;BaslerControl::openCamera@34;"正在连接Basler相机... ..."
2025/04/30;16:06:08.580;DEBUG;42392;0000000000000000;BaslerControl::openCamera@52;"尝试连接第1台相机..."
2025/04/30;16:06:08.843;DEBUG;42392;0000000000000000;BaslerControl::openCamera@58;"尝试打开第1台Basler相机..."
2025/04/30;16:06:08.928;DEBUG;42392;0000000000000000;BaslerControl::openCamera@60;"已经打开第1台Basler相机"
2025/04/30;16:06:08.944;DEBUG;42392;0000000000000000;BaslerControl::openCamera@73;"第1台Basler相机连接成功"
2025/04/30;16:06:08.944;DEBUG;42392;0000000000000000;BaslerControl::openCamera@52;"尝试连接第2台相机..."
2025/04/30;16:06:09.092;DEBUG;42392;0000000000000000;BaslerControl::openCamera@58;"尝试打开第2台Basler相机..."
2025/04/30;16:06:09.211;DEBUG;42392;0000000000000000;BaslerControl::openCamera@60;"已经打开第2台Basler相机"
2025/04/30;16:06:09.234;DEBUG;42392;0000000000000000;BaslerControl::openCamera@73;"第2台Basler相机连接成功"
2025/04/30;16:06:44.211;ERROR;42392;0000000000000000;BaslerControl::openCamera@183;"采图失败，退出采图程序。"
2025/04/30;16:06:44.311;DEBUG;37292;0000000000000000;BaslerControl::closeCamera@201;"Basler相机断开连接"
2025/05/08;11:46:54.875;DEBUG;14932;0000000000000000;BaslerControl::closeCamera@197;"Basler相机断开连接"
2025/05/08;11:55:20.459;DEBUG;10288;0000000000000000;BaslerControl::openCamera@34;"正在连接Basler相机... ..."
2025/05/08;11:55:20.764;ERROR;10288;0000000000000000;BaslerControl::openCamera@40;"未找到Basler相机，请检查相机连接情况"
2025/05/08;11:55:35.942;DEBUG;12696;0000000000000000;BaslerControl::closeCamera@197;"Basler相机断开连接"
2025/05/08;15:19:29.232;DEBUG;28772;0000000000000000;BaslerControl::closeCamera@197;"Basler相机断开连接"
2025/05/08;15:21:26.057;DEBUG;30572;0000000000000000;BaslerControl::openCamera@34;"正在连接Basler相机... ..."
2025/05/08;15:21:26.327;ERROR;30572;0000000000000000;BaslerControl::openCamera@40;"未找到Basler相机，请检查相机连接情况"
2025/05/08;15:21:27.646;DEBUG;30544;0000000000000000;BaslerControl::closeCamera@197;"Basler相机断开连接"
2025/05/08;15:22:20.643;DEBUG;6256;0000000000000000;BaslerControl::closeCamera@197;"Basler相机断开连接"
2025/05/08;17:13:06.129;DEBUG;25340;0000000000000000;BaslerControl::closeCamera@197;"Basler相机断开连接"
2025/05/08;21:18:44.005;DEBUG;40864;0000000000000000;BaslerControl::closeCamera@197;"Basler相机断开连接"
2025/05/08;21:19:05.595;DEBUG;7992;0000000000000000;BaslerControl::closeCamera@197;"Basler相机断开连接"
2025/05/08;21:19:39.865;DEBUG;42332;0000000000000000;BaslerControl::closeCamera@197;"Basler相机断开连接"
2025/05/08;21:20:28.191;DEBUG;39908;0000000000000000;BaslerControl::closeCamera@197;"Basler相机断开连接"
2025/05/08;21:20:54.649;DEBUG;46656;0000000000000000;BaslerControl::closeCamera@197;"Basler相机断开连接"
2025/05/08;21:21:51.459;DEBUG;43156;0000000000000000;BaslerControl::closeCamera@197;"Basler相机断开连接"
2025/05/09;21:19:12.023;DEBUG;4008;0000000000000000;BaslerControl::closeCamera@197;"Basler相机断开连接"
2025/05/09;21:20:55.282;DEBUG;50656;0000000000000000;BaslerControl::closeCamera@197;"Basler相机断开连接"
2025/05/09;21:24:28.849;DEBUG;32864;0000000000000000;BaslerControl::closeCamera@197;"Basler相机断开连接"
2025/05/09;21:26:08.526;DEBUG;34336;0000000000000000;BaslerControl::closeCamera@197;"Basler相机断开连接"
2025/05/09;21:26:58.134;DEBUG;4316;0000000000000000;BaslerControl::closeCamera@197;"Basler相机断开连接"
2025/05/09;21:34:36.630;DEBUG;19920;0000000000000000;BaslerControl::closeCamera@197;"Basler相机断开连接"
2025/05/09;21:35:16.594;DEBUG;19764;0000000000000000;BaslerControl::closeCamera@197;"Basler相机断开连接"
2025/05/09;21:36:46.216;DEBUG;2120;0000000000000000;BaslerControl::closeCamera@197;"Basler相机断开连接"
2025/05/09;21:37:17.210;DEBUG;50672;0000000000000000;BaslerControl::closeCamera@197;"Basler相机断开连接"
2025/05/09;21:38:25.736;DEBUG;33720;0000000000000000;BaslerControl::closeCamera@197;"Basler相机断开连接"
2025/05/09;21:39:20.407;DEBUG;28444;0000000000000000;BaslerControl::closeCamera@197;"Basler相机断开连接"
2025/05/09;21:51:35.779;DEBUG;30692;0000000000000000;BaslerControl::closeCamera@197;"Basler相机断开连接"
2025/05/09;21:55:07.691;DEBUG;21636;0000000000000000;BaslerControl::closeCamera@197;"Basler相机断开连接"
2025/05/12;18:44:18.539;DEBUG;23564;0000000000000000;BaslerControl::closeCamera@197;"Basler相机断开连接"
2025/05/14;15:01:15.732;DEBUG;9120;0000000000000000;BaslerControl::closeCamera@197;"Basler相机断开连接"
2025/05/14;15:09:58.679;DEBUG;5672;0000000000000000;BaslerControl::closeCamera@197;"Basler相机断开连接"
2025/05/14;15:10:40.962;DEBUG;31900;0000000000000000;BaslerControl::closeCamera@197;"Basler相机断开连接"
2025/05/14;15:11:14.488;DEBUG;37372;0000000000000000;BaslerControl::closeCamera@197;"Basler相机断开连接"
2025/05/14;15:14:10.903;DEBUG;592;0000000000000000;BaslerControl::closeCamera@197;"Basler相机断开连接"
2025/05/14;15:22:58.711;DEBUG;38112;0000000000000000;BaslerControl::closeCamera@197;"Basler相机断开连接"
2025/05/14;16:22:34.616;DEBUG;38932;0000000000000000;BaslerControl::openCamera@34;"正在连接Basler相机... ..."
2025/05/14;16:22:34.920;DEBUG;38932;0000000000000000;BaslerControl::openCamera@48;"尝试连接第1台相机..."
2025/05/14;16:22:35.212;DEBUG;38932;0000000000000000;BaslerControl::openCamera@54;"尝试打开第1台Basler相机..."
2025/05/14;16:22:35.349;DEBUG;38932;0000000000000000;BaslerControl::openCamera@56;"已经打开第1台Basler相机"
2025/05/14;16:22:35.368;DEBUG;38932;0000000000000000;BaslerControl::openCamera@69;"第1台Basler相机连接成功"
2025/05/14;16:22:35.368;DEBUG;38932;0000000000000000;BaslerControl::openCamera@48;"尝试连接第2台相机..."
2025/05/14;16:22:35.525;DEBUG;38932;0000000000000000;BaslerControl::openCamera@54;"尝试打开第2台Basler相机..."
2025/05/14;16:22:35.647;DEBUG;38932;0000000000000000;BaslerControl::openCamera@56;"已经打开第2台Basler相机"
2025/05/14;16:22:35.673;DEBUG;38932;0000000000000000;BaslerControl::openCamera@69;"第2台Basler相机连接成功"
2025/05/14;16:22:35.673;DEBUG;38932;0000000000000000;BaslerControl::openCamera@48;"尝试连接第3台相机..."
2025/05/14;16:22:35.835;DEBUG;38932;0000000000000000;BaslerControl::openCamera@54;"尝试打开第3台Basler相机..."
2025/05/14;16:22:35.971;DEBUG;38932;0000000000000000;BaslerControl::openCamera@56;"已经打开第3台Basler相机"
2025/05/14;16:22:35.996;DEBUG;38932;0000000000000000;BaslerControl::openCamera@69;"第3台Basler相机连接成功"
2025/05/14;17:02:23.014;ERROR;38932;0000000000000000;BaslerControl::openCamera@179;"采图失败，退出采图程序。"
2025/05/14;17:02:23.277;DEBUG;30112;0000000000000000;BaslerControl::closeCamera@197;"Basler相机断开连接"
2025/05/14;17:02:28.399;DEBUG;5400;0000000000000000;BaslerControl::openCamera@34;"正在连接Basler相机... ..."
2025/05/14;17:02:28.667;DEBUG;5400;0000000000000000;BaslerControl::openCamera@48;"尝试连接第1台相机..."
2025/05/14;17:02:28.880;DEBUG;5400;0000000000000000;BaslerControl::openCamera@54;"尝试打开第1台Basler相机..."
2025/05/14;17:02:29.472;DEBUG;5400;0000000000000000;BaslerControl::openCamera@56;"已经打开第1台Basler相机"
2025/05/14;17:02:29.489;DEBUG;5400;0000000000000000;BaslerControl::openCamera@69;"第1台Basler相机连接成功"
2025/05/14;17:02:29.489;DEBUG;5400;0000000000000000;BaslerControl::openCamera@48;"尝试连接第2台相机..."
2025/05/14;17:02:29.650;DEBUG;5400;0000000000000000;BaslerControl::openCamera@54;"尝试打开第2台Basler相机..."
2025/05/14;17:02:29.774;DEBUG;5400;0000000000000000;BaslerControl::openCamera@56;"已经打开第2台Basler相机"
2025/05/14;17:02:29.797;DEBUG;5400;0000000000000000;BaslerControl::openCamera@69;"第2台Basler相机连接成功"
2025/05/14;17:02:29.797;DEBUG;5400;0000000000000000;BaslerControl::openCamera@48;"尝试连接第3台相机..."
2025/05/14;17:02:29.946;DEBUG;5400;0000000000000000;BaslerControl::openCamera@54;"尝试打开第3台Basler相机..."
2025/05/14;17:02:30.071;DEBUG;5400;0000000000000000;BaslerControl::openCamera@56;"已经打开第3台Basler相机"
2025/05/14;17:02:30.093;DEBUG;5400;0000000000000000;BaslerControl::openCamera@69;"第3台Basler相机连接成功"
2025/05/14;17:03:37.831;DEBUG;3904;0000000000000000;BaslerControl::closeCamera@197;"Basler相机断开连接"
2025/05/14;17:23:01.561;DEBUG;41196;0000000000000000;BaslerControl::openCamera@34;"正在连接Basler相机... ..."
2025/05/14;17:23:01.831;ERROR;41196;0000000000000000;BaslerControl::openCamera@40;"未找到Basler相机，请检查相机连接情况"
2025/05/14;17:23:04.788;DEBUG;16508;0000000000000000;BaslerControl::closeCamera@197;"Basler相机断开连接"
2025/05/15;09:59:20.146;DEBUG;4416;0000000000000000;BaslerControl::closeCamera@199;"Basler相机断开连接"
2025/05/15;09:59:47.321;DEBUG;22820;0000000000000000;BaslerControl::closeCamera@199;"Basler相机断开连接"
2025/05/15;10:05:13.756;DEBUG;23444;0000000000000000;BaslerControl::closeCamera@199;"Basler相机断开连接"
2025/05/15;10:15:20.797;DEBUG;42856;0000000000000000;BaslerControl::closeCamera@199;"Basler相机断开连接"
2025/05/15;10:20:04.813;DEBUG;22496;0000000000000000;BaslerControl::closeCamera@199;"Basler相机断开连接"
2025/05/15;10:36:36.489;DEBUG;6828;0000000000000000;BaslerControl::closeCamera@199;"Basler相机断开连接"
2025/05/15;10:37:01.773;DEBUG;3772;0000000000000000;BaslerControl::closeCamera@199;"Basler相机断开连接"
2025/05/15;10:38:36.010;DEBUG;39172;0000000000000000;BaslerControl::closeCamera@199;"Basler相机断开连接"
2025/05/15;10:39:25.958;DEBUG;5248;0000000000000000;BaslerControl::closeCamera@199;"Basler相机断开连接"
2025/05/15;10:40:40.743;DEBUG;23924;0000000000000000;BaslerControl::closeCamera@199;"Basler相机断开连接"
2025/05/15;10:42:04.987;DEBUG;39452;0000000000000000;BaslerControl::openCamera@34;"正在连接Basler相机... ..."
2025/05/15;10:42:05.291;DEBUG;39452;0000000000000000;BaslerControl::openCamera@50;"尝试连接第1台相机..."
2025/05/15;10:42:05.589;DEBUG;39452;0000000000000000;BaslerControl::openCamera@56;"尝试打开第1台Basler相机..."
2025/05/15;10:42:05.684;DEBUG;39452;0000000000000000;BaslerControl::openCamera@58;"已经打开第1台Basler相机"
2025/05/15;10:42:05.703;DEBUG;39452;0000000000000000;BaslerControl::openCamera@71;"第1台Basler相机连接成功"
2025/05/15;10:42:05.703;DEBUG;39452;0000000000000000;BaslerControl::openCamera@50;"尝试连接第2台相机..."
2025/05/15;10:42:05.864;DEBUG;39452;0000000000000000;BaslerControl::openCamera@56;"尝试打开第2台Basler相机..."
2025/05/15;10:42:05.982;DEBUG;39452;0000000000000000;BaslerControl::openCamera@58;"已经打开第2台Basler相机"
2025/05/15;10:42:06.007;DEBUG;39452;0000000000000000;BaslerControl::openCamera@71;"第2台Basler相机连接成功"
2025/05/15;10:42:06.007;DEBUG;39452;0000000000000000;BaslerControl::openCamera@50;"尝试连接第3台相机..."
2025/05/15;10:42:06.178;DEBUG;39452;0000000000000000;BaslerControl::openCamera@56;"尝试打开第3台Basler相机..."
2025/05/15;10:42:06.318;DEBUG;39452;0000000000000000;BaslerControl::openCamera@58;"已经打开第3台Basler相机"
2025/05/15;10:42:06.344;DEBUG;39452;0000000000000000;BaslerControl::openCamera@71;"第3台Basler相机连接成功"
2025/05/15;10:58:50.542;ERROR;39452;0000000000000000;BaslerControl::openCamera@181;"采图失败，退出采图程序。"
2025/05/15;10:58:50.785;DEBUG;33652;0000000000000000;BaslerControl::closeCamera@199;"Basler相机断开连接"
2025/05/15;10:58:56.054;DEBUG;20640;0000000000000000;BaslerControl::openCamera@34;"正在连接Basler相机... ..."
2025/05/15;10:58:56.325;DEBUG;20640;0000000000000000;BaslerControl::openCamera@50;"尝试连接第1台相机..."
2025/05/15;10:58:56.479;DEBUG;20640;0000000000000000;BaslerControl::openCamera@56;"尝试打开第1台Basler相机..."
2025/05/15;10:58:56.557;DEBUG;20640;0000000000000000;BaslerControl::openCamera@58;"已经打开第1台Basler相机"
2025/05/15;10:58:56.574;DEBUG;20640;0000000000000000;BaslerControl::openCamera@71;"第1台Basler相机连接成功"
2025/05/15;10:58:56.574;DEBUG;20640;0000000000000000;BaslerControl::openCamera@50;"尝试连接第2台相机..."
2025/05/15;10:58:56.724;DEBUG;20640;0000000000000000;BaslerControl::openCamera@56;"尝试打开第2台Basler相机..."
2025/05/15;10:58:56.843;DEBUG;20640;0000000000000000;BaslerControl::openCamera@58;"已经打开第2台Basler相机"
2025/05/15;10:58:56.864;DEBUG;20640;0000000000000000;BaslerControl::openCamera@71;"第2台Basler相机连接成功"
2025/05/15;10:58:56.865;DEBUG;20640;0000000000000000;BaslerControl::openCamera@50;"尝试连接第3台相机..."
2025/05/15;10:58:57.021;DEBUG;20640;0000000000000000;BaslerControl::openCamera@56;"尝试打开第3台Basler相机..."
2025/05/15;10:58:57.159;DEBUG;20640;0000000000000000;BaslerControl::openCamera@58;"已经打开第3台Basler相机"
2025/05/15;10:58:57.182;DEBUG;20640;0000000000000000;BaslerControl::openCamera@71;"第3台Basler相机连接成功"
2025/05/15;11:03:47.566;ERROR;20640;0000000000000000;BaslerControl::openCamera@181;"采图失败，退出采图程序。"
2025/05/15;11:03:47.826;DEBUG;36628;0000000000000000;BaslerControl::closeCamera@199;"Basler相机断开连接"
2025/05/15;11:03:52.366;DEBUG;26724;0000000000000000;BaslerControl::openCamera@34;"正在连接Basler相机... ..."
2025/05/15;11:03:52.637;DEBUG;26724;0000000000000000;BaslerControl::openCamera@50;"尝试连接第1台相机..."
2025/05/15;11:03:52.911;DEBUG;26724;0000000000000000;BaslerControl::openCamera@56;"尝试打开第1台Basler相机..."
2025/05/15;11:03:53.056;DEBUG;26724;0000000000000000;BaslerControl::openCamera@58;"已经打开第1台Basler相机"
2025/05/15;11:03:53.092;DEBUG;26724;0000000000000000;BaslerControl::openCamera@71;"第1台Basler相机连接成功"
2025/05/15;11:03:53.092;DEBUG;26724;0000000000000000;BaslerControl::openCamera@50;"尝试连接第2台相机..."
2025/05/15;11:03:53.269;DEBUG;26724;0000000000000000;BaslerControl::openCamera@56;"尝试打开第2台Basler相机..."
2025/05/15;11:03:53.386;DEBUG;26724;0000000000000000;BaslerControl::openCamera@58;"已经打开第2台Basler相机"
2025/05/15;11:03:53.409;DEBUG;26724;0000000000000000;BaslerControl::openCamera@71;"第2台Basler相机连接成功"
2025/05/15;11:03:53.410;DEBUG;26724;0000000000000000;BaslerControl::openCamera@50;"尝试连接第3台相机..."
2025/05/15;11:03:53.559;DEBUG;26724;0000000000000000;BaslerControl::openCamera@56;"尝试打开第3台Basler相机..."
2025/05/15;11:03:53.685;DEBUG;26724;0000000000000000;BaslerControl::openCamera@58;"已经打开第3台Basler相机"
2025/05/15;11:03:53.710;DEBUG;26724;0000000000000000;BaslerControl::openCamera@71;"第3台Basler相机连接成功"
2025/05/15;11:08:38.659;DEBUG;19352;0000000000000000;BaslerControl::closeCamera@199;"Basler相机断开连接"
2025/05/15;11:08:49.113;DEBUG;18928;0000000000000000;BaslerControl::openCamera@34;"正在连接Basler相机... ..."
2025/05/15;11:08:49.384;DEBUG;18928;0000000000000000;BaslerControl::openCamera@50;"尝试连接第1台相机..."
2025/05/15;11:08:49.667;DEBUG;18928;0000000000000000;BaslerControl::openCamera@56;"尝试打开第1台Basler相机..."
2025/05/15;11:08:49.790;DEBUG;18928;0000000000000000;BaslerControl::openCamera@58;"已经打开第1台Basler相机"
2025/05/15;11:08:49.805;DEBUG;18928;0000000000000000;BaslerControl::openCamera@71;"第1台Basler相机连接成功"
2025/05/15;11:08:49.805;DEBUG;18928;0000000000000000;BaslerControl::openCamera@50;"尝试连接第2台相机..."
2025/05/15;11:08:49.955;DEBUG;18928;0000000000000000;BaslerControl::openCamera@56;"尝试打开第2台Basler相机..."
2025/05/15;11:08:50.073;DEBUG;18928;0000000000000000;BaslerControl::openCamera@58;"已经打开第2台Basler相机"
2025/05/15;11:08:50.097;DEBUG;18928;0000000000000000;BaslerControl::openCamera@71;"第2台Basler相机连接成功"
2025/05/15;11:08:50.097;DEBUG;18928;0000000000000000;BaslerControl::openCamera@50;"尝试连接第3台相机..."
2025/05/15;11:08:50.248;DEBUG;18928;0000000000000000;BaslerControl::openCamera@56;"尝试打开第3台Basler相机..."
2025/05/15;11:08:50.387;DEBUG;18928;0000000000000000;BaslerControl::openCamera@58;"已经打开第3台Basler相机"
2025/05/15;11:08:50.410;DEBUG;18928;0000000000000000;BaslerControl::openCamera@71;"第3台Basler相机连接成功"
2025/05/15;11:10:08.499;DEBUG;37080;0000000000000000;BaslerControl::closeCamera@199;"Basler相机断开连接"
2025/05/15;11:11:18.354;DEBUG;21440;0000000000000000;BaslerControl::openCamera@34;"正在连接Basler相机... ..."
2025/05/15;11:11:18.624;DEBUG;21440;0000000000000000;BaslerControl::openCamera@50;"尝试连接第1台相机..."
2025/05/15;11:11:18.779;DEBUG;21440;0000000000000000;BaslerControl::openCamera@56;"尝试打开第1台Basler相机..."
2025/05/15;11:11:18.860;DEBUG;21440;0000000000000000;BaslerControl::openCamera@58;"已经打开第1台Basler相机"
2025/05/15;11:11:18.876;DEBUG;21440;0000000000000000;BaslerControl::openCamera@71;"第1台Basler相机连接成功"
2025/05/15;11:11:18.876;DEBUG;21440;0000000000000000;BaslerControl::openCamera@50;"尝试连接第2台相机..."
2025/05/15;11:11:19.027;DEBUG;21440;0000000000000000;BaslerControl::openCamera@56;"尝试打开第2台Basler相机..."
2025/05/15;11:11:19.139;DEBUG;21440;0000000000000000;BaslerControl::openCamera@58;"已经打开第2台Basler相机"
2025/05/15;11:11:19.162;DEBUG;21440;0000000000000000;BaslerControl::openCamera@71;"第2台Basler相机连接成功"
2025/05/15;11:11:19.162;DEBUG;21440;0000000000000000;BaslerControl::openCamera@50;"尝试连接第3台相机..."
2025/05/15;11:11:19.317;DEBUG;21440;0000000000000000;BaslerControl::openCamera@56;"尝试打开第3台Basler相机..."
2025/05/15;11:11:19.433;DEBUG;21440;0000000000000000;BaslerControl::openCamera@58;"已经打开第3台Basler相机"
2025/05/15;11:11:19.456;DEBUG;21440;0000000000000000;BaslerControl::openCamera@71;"第3台Basler相机连接成功"
2025/05/15;11:12:27.712;DEBUG;31388;0000000000000000;BaslerControl::closeCamera@199;"Basler相机断开连接"
2025/05/15;11:15:22.998;DEBUG;20460;0000000000000000;BaslerControl::closeCamera@199;"Basler相机断开连接"
2025/05/15;11:15:51.595;DEBUG;20376;0000000000000000;BaslerControl::openCamera@34;"正在连接Basler相机... ..."
2025/05/15;11:15:51.868;DEBUG;20376;0000000000000000;BaslerControl::openCamera@50;"尝试连接第1台相机..."
2025/05/15;11:15:52.004;DEBUG;20376;0000000000000000;BaslerControl::openCamera@56;"尝试打开第1台Basler相机..."
2025/05/15;11:15:52.085;DEBUG;20376;0000000000000000;BaslerControl::openCamera@58;"已经打开第1台Basler相机"
2025/05/15;11:15:52.101;DEBUG;20376;0000000000000000;BaslerControl::openCamera@71;"第1台Basler相机连接成功"
2025/05/15;11:15:52.101;DEBUG;20376;0000000000000000;BaslerControl::openCamera@50;"尝试连接第2台相机..."
2025/05/15;11:15:52.244;DEBUG;20376;0000000000000000;BaslerControl::openCamera@56;"尝试打开第2台Basler相机..."
2025/05/15;11:15:52.366;DEBUG;20376;0000000000000000;BaslerControl::openCamera@58;"已经打开第2台Basler相机"
2025/05/15;11:15:52.388;DEBUG;20376;0000000000000000;BaslerControl::openCamera@71;"第2台Basler相机连接成功"
2025/05/15;11:15:52.388;DEBUG;20376;0000000000000000;BaslerControl::openCamera@50;"尝试连接第3台相机..."
2025/05/15;11:15:52.539;DEBUG;20376;0000000000000000;BaslerControl::openCamera@56;"尝试打开第3台Basler相机..."
2025/05/15;11:15:52.663;DEBUG;20376;0000000000000000;BaslerControl::openCamera@58;"已经打开第3台Basler相机"
2025/05/15;11:15:52.685;DEBUG;20376;0000000000000000;BaslerControl::openCamera@71;"第3台Basler相机连接成功"
2025/05/15;11:19:11.744;DEBUG;26252;0000000000000000;BaslerControl::closeCamera@199;"Basler相机断开连接"
2025/05/15;11:19:15.491;DEBUG;23848;0000000000000000;BaslerControl::openCamera@34;"正在连接Basler相机... ..."
2025/05/15;11:19:15.762;DEBUG;23848;0000000000000000;BaslerControl::openCamera@50;"尝试连接第1台相机..."
2025/05/15;11:19:16.041;DEBUG;23848;0000000000000000;BaslerControl::openCamera@56;"尝试打开第1台Basler相机..."
2025/05/15;11:19:16.122;DEBUG;23848;0000000000000000;BaslerControl::openCamera@58;"已经打开第1台Basler相机"
2025/05/15;11:19:16.137;DEBUG;23848;0000000000000000;BaslerControl::openCamera@71;"第1台Basler相机连接成功"
2025/05/15;11:19:16.137;DEBUG;23848;0000000000000000;BaslerControl::openCamera@50;"尝试连接第2台相机..."
2025/05/15;11:19:16.281;DEBUG;23848;0000000000000000;BaslerControl::openCamera@56;"尝试打开第2台Basler相机..."
2025/05/15;11:19:16.399;DEBUG;23848;0000000000000000;BaslerControl::openCamera@58;"已经打开第2台Basler相机"
2025/05/15;11:19:16.421;DEBUG;23848;0000000000000000;BaslerControl::openCamera@71;"第2台Basler相机连接成功"
2025/05/15;11:19:16.421;DEBUG;23848;0000000000000000;BaslerControl::openCamera@50;"尝试连接第3台相机..."
2025/05/15;11:19:16.575;DEBUG;23848;0000000000000000;BaslerControl::openCamera@56;"尝试打开第3台Basler相机..."
2025/05/15;11:19:16.702;DEBUG;23848;0000000000000000;BaslerControl::openCamera@58;"已经打开第3台Basler相机"
2025/05/15;11:19:16.725;DEBUG;23848;0000000000000000;BaslerControl::openCamera@71;"第3台Basler相机连接成功"
2025/05/15;11:24:10.994;DEBUG;29044;0000000000000000;BaslerControl::closeCamera@199;"Basler相机断开连接"
2025/05/15;11:24:15.416;DEBUG;37244;0000000000000000;BaslerControl::openCamera@34;"正在连接Basler相机... ..."
2025/05/15;11:24:15.687;DEBUG;37244;0000000000000000;BaslerControl::openCamera@50;"尝试连接第1台相机..."
2025/05/15;11:24:15.966;DEBUG;37244;0000000000000000;BaslerControl::openCamera@56;"尝试打开第1台Basler相机..."
2025/05/15;11:24:16.085;DEBUG;37244;0000000000000000;BaslerControl::openCamera@58;"已经打开第1台Basler相机"
2025/05/15;11:24:16.101;DEBUG;37244;0000000000000000;BaslerControl::openCamera@71;"第1台Basler相机连接成功"
2025/05/15;11:24:16.101;DEBUG;37244;0000000000000000;BaslerControl::openCamera@50;"尝试连接第2台相机..."
2025/05/15;11:24:16.249;DEBUG;37244;0000000000000000;BaslerControl::openCamera@56;"尝试打开第2台Basler相机..."
2025/05/15;11:24:16.370;DEBUG;37244;0000000000000000;BaslerControl::openCamera@58;"已经打开第2台Basler相机"
2025/05/15;11:24:16.391;DEBUG;37244;0000000000000000;BaslerControl::openCamera@71;"第2台Basler相机连接成功"
2025/05/15;11:24:16.392;DEBUG;37244;0000000000000000;BaslerControl::openCamera@50;"尝试连接第3台相机..."
2025/05/15;11:24:16.543;DEBUG;37244;0000000000000000;BaslerControl::openCamera@56;"尝试打开第3台Basler相机..."
2025/05/15;11:24:16.682;DEBUG;37244;0000000000000000;BaslerControl::openCamera@58;"已经打开第3台Basler相机"
2025/05/15;11:24:16.706;DEBUG;37244;0000000000000000;BaslerControl::openCamera@71;"第3台Basler相机连接成功"
2025/05/15;11:24:23.625;DEBUG;38260;0000000000000000;BaslerControl::closeCamera@199;"Basler相机断开连接"
2025/05/15;11:24:59.627;DEBUG;2248;0000000000000000;BaslerControl::openCamera@34;"正在连接Basler相机... ..."
2025/05/15;11:24:59.897;DEBUG;2248;0000000000000000;BaslerControl::openCamera@50;"尝试连接第1台相机..."
2025/05/15;11:25:00.173;DEBUG;2248;0000000000000000;BaslerControl::openCamera@56;"尝试打开第1台Basler相机..."
2025/05/15;11:25:00.303;DEBUG;2248;0000000000000000;BaslerControl::openCamera@58;"已经打开第1台Basler相机"
2025/05/15;11:25:00.319;DEBUG;2248;0000000000000000;BaslerControl::openCamera@71;"第1台Basler相机连接成功"
2025/05/15;11:25:00.319;DEBUG;2248;0000000000000000;BaslerControl::openCamera@50;"尝试连接第2台相机..."
2025/05/15;11:25:00.464;DEBUG;2248;0000000000000000;BaslerControl::openCamera@56;"尝试打开第2台Basler相机..."
2025/05/15;11:25:00.587;DEBUG;2248;0000000000000000;BaslerControl::openCamera@58;"已经打开第2台Basler相机"
2025/05/15;11:25:00.608;DEBUG;2248;0000000000000000;BaslerControl::openCamera@71;"第2台Basler相机连接成功"
2025/05/15;11:25:00.608;DEBUG;2248;0000000000000000;BaslerControl::openCamera@50;"尝试连接第3台相机..."
2025/05/15;11:25:00.762;DEBUG;2248;0000000000000000;BaslerControl::openCamera@56;"尝试打开第3台Basler相机..."
2025/05/15;11:25:00.878;DEBUG;2248;0000000000000000;BaslerControl::openCamera@58;"已经打开第3台Basler相机"
2025/05/15;11:25:00.903;DEBUG;2248;0000000000000000;BaslerControl::openCamera@71;"第3台Basler相机连接成功"
2025/05/15;11:28:46.916;DEBUG;16820;0000000000000000;BaslerControl::closeCamera@199;"Basler相机断开连接"
2025/05/15;11:30:00.158;DEBUG;21368;0000000000000000;BaslerControl::openCamera@34;"正在连接Basler相机... ..."
2025/05/15;11:30:00.429;DEBUG;21368;0000000000000000;BaslerControl::openCamera@50;"尝试连接第1台相机..."
2025/05/15;11:30:00.716;DEBUG;21368;0000000000000000;BaslerControl::openCamera@56;"尝试打开第1台Basler相机..."
2025/05/15;11:30:00.874;DEBUG;21368;0000000000000000;BaslerControl::openCamera@58;"已经打开第1台Basler相机"
2025/05/15;11:30:00.892;DEBUG;21368;0000000000000000;BaslerControl::openCamera@71;"第1台Basler相机连接成功"
2025/05/15;11:30:00.892;DEBUG;21368;0000000000000000;BaslerControl::openCamera@50;"尝试连接第2台相机..."
2025/05/15;11:30:01.039;DEBUG;21368;0000000000000000;BaslerControl::openCamera@56;"尝试打开第2台Basler相机..."
2025/05/15;11:30:01.165;DEBUG;21368;0000000000000000;BaslerControl::openCamera@58;"已经打开第2台Basler相机"
2025/05/15;11:30:01.188;DEBUG;21368;0000000000000000;BaslerControl::openCamera@71;"第2台Basler相机连接成功"
2025/05/15;11:30:01.188;DEBUG;21368;0000000000000000;BaslerControl::openCamera@50;"尝试连接第3台相机..."
2025/05/15;11:30:01.352;DEBUG;21368;0000000000000000;BaslerControl::openCamera@56;"尝试打开第3台Basler相机..."
2025/05/15;11:30:01.475;DEBUG;21368;0000000000000000;BaslerControl::openCamera@58;"已经打开第3台Basler相机"
2025/05/15;11:30:01.497;DEBUG;21368;0000000000000000;BaslerControl::openCamera@71;"第3台Basler相机连接成功"
2025/05/15;11:40:23.202;DEBUG;44168;0000000000000000;BaslerControl::closeCamera@199;"Basler相机断开连接"
2025/05/15;11:40:29.544;DEBUG;44448;0000000000000000;BaslerControl::openCamera@34;"正在连接Basler相机... ..."
2025/05/15;11:40:29.815;ERROR;44448;0000000000000000;BaslerControl::openCamera@41;"未找到Basler相机，请检查相机连接情况"
2025/05/15;11:40:33.542;DEBUG;44448;0000000000000000;BaslerControl::openCamera@34;"正在连接Basler相机... ..."
2025/05/15;11:40:33.793;ERROR;44448;0000000000000000;BaslerControl::openCamera@41;"未找到Basler相机，请检查相机连接情况"
2025/05/15;11:40:49.460;DEBUG;44448;0000000000000000;BaslerControl::openCamera@34;"正在连接Basler相机... ..."
2025/05/15;11:40:49.712;DEBUG;44448;0000000000000000;BaslerControl::openCamera@50;"尝试连接第1台相机..."
2025/05/15;11:40:49.864;DEBUG;44448;0000000000000000;BaslerControl::openCamera@56;"尝试打开第1台Basler相机..."
2025/05/15;11:40:49.987;DEBUG;44448;0000000000000000;BaslerControl::openCamera@58;"已经打开第1台Basler相机"
2025/05/15;11:40:50.015;DEBUG;44448;0000000000000000;BaslerControl::openCamera@71;"第1台Basler相机连接成功"
2025/05/15;11:40:54.129;DEBUG;44448;0000000000000000;BaslerControl::openCamera@34;"正在连接Basler相机... ..."
2025/05/15;11:40:54.380;DEBUG;44448;0000000000000000;BaslerControl::openCamera@50;"尝试连接第1台相机..."
2025/05/15;11:40:54.641;DEBUG;44448;0000000000000000;BaslerControl::openCamera@56;"尝试打开第1台Basler相机..."
2025/05/15;11:40:55.223;DEBUG;44448;0000000000000000;BaslerControl::openCamera@58;"已经打开第1台Basler相机"
2025/05/15;11:40:55.239;DEBUG;44448;0000000000000000;BaslerControl::openCamera@71;"第1台Basler相机连接成功"
2025/05/15;11:40:55.239;DEBUG;44448;0000000000000000;BaslerControl::openCamera@50;"尝试连接第2台相机..."
2025/05/15;11:40:55.398;DEBUG;44448;0000000000000000;BaslerControl::openCamera@56;"尝试打开第2台Basler相机..."
2025/05/15;11:40:55.522;DEBUG;44448;0000000000000000;BaslerControl::openCamera@58;"已经打开第2台Basler相机"
2025/05/15;11:40:55.546;DEBUG;44448;0000000000000000;BaslerControl::openCamera@71;"第2台Basler相机连接成功"
2025/05/15;11:40:56.841;DEBUG;44448;0000000000000000;BaslerControl::openCamera@34;"正在连接Basler相机... ..."
2025/05/15;11:40:57.093;DEBUG;44448;0000000000000000;BaslerControl::openCamera@50;"尝试连接第1台相机..."
2025/05/15;11:40:57.256;DEBUG;44448;0000000000000000;BaslerControl::openCamera@56;"尝试打开第1台Basler相机..."
2025/05/15;11:40:57.339;DEBUG;44448;0000000000000000;BaslerControl::openCamera@58;"已经打开第1台Basler相机"
2025/05/15;11:40:57.355;DEBUG;44448;0000000000000000;BaslerControl::openCamera@71;"第1台Basler相机连接成功"
2025/05/15;11:40:57.355;DEBUG;44448;0000000000000000;BaslerControl::openCamera@50;"尝试连接第2台相机..."
2025/05/15;11:40:57.639;DEBUG;44448;0000000000000000;BaslerControl::openCamera@56;"尝试打开第2台Basler相机..."
2025/05/15;11:40:57.770;DEBUG;44448;0000000000000000;BaslerControl::openCamera@58;"已经打开第2台Basler相机"
2025/05/15;11:40:57.792;DEBUG;44448;0000000000000000;BaslerControl::openCamera@71;"第2台Basler相机连接成功"
2025/05/15;11:40:57.792;DEBUG;44448;0000000000000000;BaslerControl::openCamera@34;"正在连接Basler相机... ..."
2025/05/15;11:40:58.049;DEBUG;44448;0000000000000000;BaslerControl::openCamera@50;"尝试连接第1台相机..."
2025/05/15;11:40:58.273;DEBUG;44448;0000000000000000;BaslerControl::openCamera@56;"尝试打开第1台Basler相机..."
2025/05/15;11:40:58.354;DEBUG;44448;0000000000000000;BaslerControl::openCamera@58;"已经打开第1台Basler相机"
2025/05/15;11:40:58.370;DEBUG;44448;0000000000000000;BaslerControl::openCamera@71;"第1台Basler相机连接成功"
2025/05/15;11:40:58.370;DEBUG;44448;0000000000000000;BaslerControl::openCamera@50;"尝试连接第2台相机..."
2025/05/15;11:40:58.677;DEBUG;44448;0000000000000000;BaslerControl::openCamera@56;"尝试打开第2台Basler相机..."
2025/05/15;11:40:58.808;DEBUG;44448;0000000000000000;BaslerControl::openCamera@58;"已经打开第2台Basler相机"
2025/05/15;11:40:58.831;DEBUG;44448;0000000000000000;BaslerControl::openCamera@71;"第2台Basler相机连接成功"
2025/05/15;11:40:58.831;DEBUG;44448;0000000000000000;BaslerControl::openCamera@50;"尝试连接第3台相机..."
2025/05/15;11:40:58.994;DEBUG;44448;0000000000000000;BaslerControl::openCamera@56;"尝试打开第3台Basler相机..."
2025/05/15;11:40:59.122;DEBUG;44448;0000000000000000;BaslerControl::openCamera@58;"已经打开第3台Basler相机"
2025/05/15;11:40:59.149;DEBUG;44448;0000000000000000;BaslerControl::openCamera@71;"第3台Basler相机连接成功"
2025/05/15;11:40:59.392;DEBUG;44448;0000000000000000;BaslerControl::closeCamera@199;"Basler相机断开连接"
2025/05/15;11:40:59.393;DEBUG;44448;0000000000000000;BaslerControl::openCamera@34;"正在连接Basler相机... ..."
2025/05/15;11:40:59.656;DEBUG;44448;0000000000000000;BaslerControl::openCamera@50;"尝试连接第1台相机..."
2025/05/15;11:40:59.785;DEBUG;44448;0000000000000000;BaslerControl::openCamera@56;"尝试打开第1台Basler相机..."
2025/05/15;11:40:59.880;DEBUG;44448;0000000000000000;BaslerControl::openCamera@58;"已经打开第1台Basler相机"
2025/05/15;11:40:59.898;DEBUG;44448;0000000000000000;BaslerControl::openCamera@71;"第1台Basler相机连接成功"
2025/05/15;11:40:59.898;DEBUG;44448;0000000000000000;BaslerControl::openCamera@50;"尝试连接第2台相机..."
2025/05/15;11:41:00.054;DEBUG;44448;0000000000000000;BaslerControl::openCamera@56;"尝试打开第2台Basler相机..."
2025/05/15;11:41:00.177;DEBUG;44448;0000000000000000;BaslerControl::openCamera@58;"已经打开第2台Basler相机"
2025/05/15;11:41:00.200;DEBUG;44448;0000000000000000;BaslerControl::openCamera@71;"第2台Basler相机连接成功"
2025/05/15;11:41:00.200;DEBUG;44448;0000000000000000;BaslerControl::openCamera@50;"尝试连接第3台相机..."
2025/05/15;11:41:00.349;DEBUG;44448;0000000000000000;BaslerControl::openCamera@56;"尝试打开第3台Basler相机..."
2025/05/15;11:41:00.489;DEBUG;44448;0000000000000000;BaslerControl::openCamera@58;"已经打开第3台Basler相机"
2025/05/15;11:41:00.513;DEBUG;44448;0000000000000000;BaslerControl::openCamera@71;"第3台Basler相机连接成功"
2025/05/15;11:41:00.513;DEBUG;44448;0000000000000000;BaslerControl::openCamera@34;"正在连接Basler相机... ..."
2025/05/15;11:41:00.774;DEBUG;44448;0000000000000000;BaslerControl::openCamera@50;"尝试连接第1台相机..."
2025/05/15;11:41:00.980;DEBUG;44448;0000000000000000;BaslerControl::openCamera@56;"尝试打开第1台Basler相机..."
2025/05/15;11:41:01.062;DEBUG;44448;0000000000000000;BaslerControl::openCamera@58;"已经打开第1台Basler相机"
2025/05/15;11:41:01.077;DEBUG;44448;0000000000000000;BaslerControl::openCamera@71;"第1台Basler相机连接成功"
2025/05/15;11:41:01.077;DEBUG;44448;0000000000000000;BaslerControl::openCamera@50;"尝试连接第2台相机..."
2025/05/15;11:41:01.336;DEBUG;44448;0000000000000000;BaslerControl::openCamera@56;"尝试打开第2台Basler相机..."
2025/05/15;11:41:01.453;DEBUG;44448;0000000000000000;BaslerControl::openCamera@58;"已经打开第2台Basler相机"
2025/05/15;11:41:01.477;DEBUG;44448;0000000000000000;BaslerControl::openCamera@71;"第2台Basler相机连接成功"
2025/05/15;11:41:01.477;DEBUG;44448;0000000000000000;BaslerControl::openCamera@50;"尝试连接第3台相机..."
2025/05/15;11:41:01.894;DEBUG;44448;0000000000000000;BaslerControl::openCamera@56;"尝试打开第3台Basler相机..."
2025/05/15;11:41:02.026;DEBUG;44448;0000000000000000;BaslerControl::openCamera@58;"已经打开第3台Basler相机"
2025/05/15;11:41:02.050;DEBUG;44448;0000000000000000;BaslerControl::openCamera@71;"第3台Basler相机连接成功"
2025/05/15;11:41:02.341;DEBUG;44448;0000000000000000;BaslerControl::closeCamera@199;"Basler相机断开连接"
2025/05/15;11:41:02.341;DEBUG;19900;0000000000000000;BaslerControl::closeCamera@199;"Basler相机断开连接"
2025/05/15;11:41:06.516;DEBUG;41936;0000000000000000;BaslerControl::openCamera@34;"正在连接Basler相机... ..."
2025/05/15;11:41:06.785;DEBUG;41936;0000000000000000;BaslerControl::openCamera@50;"尝试连接第1台相机..."
2025/05/15;11:41:07.062;DEBUG;41936;0000000000000000;BaslerControl::openCamera@56;"尝试打开第1台Basler相机..."
2025/05/15;11:41:07.203;DEBUG;41936;0000000000000000;BaslerControl::openCamera@58;"已经打开第1台Basler相机"
2025/05/15;11:41:07.237;DEBUG;41936;0000000000000000;BaslerControl::openCamera@71;"第1台Basler相机连接成功"
2025/05/15;11:41:07.237;DEBUG;41936;0000000000000000;BaslerControl::openCamera@50;"尝试连接第2台相机..."
2025/05/15;11:41:07.383;DEBUG;41936;0000000000000000;BaslerControl::openCamera@56;"尝试打开第2台Basler相机..."
2025/05/15;11:41:07.491;DEBUG;41936;0000000000000000;BaslerControl::openCamera@58;"已经打开第2台Basler相机"
2025/05/15;11:41:07.514;DEBUG;41936;0000000000000000;BaslerControl::openCamera@71;"第2台Basler相机连接成功"
2025/05/15;11:41:07.515;DEBUG;41936;0000000000000000;BaslerControl::openCamera@50;"尝试连接第3台相机..."
2025/05/15;11:41:07.669;DEBUG;41936;0000000000000000;BaslerControl::openCamera@56;"尝试打开第3台Basler相机..."
2025/05/15;11:41:07.794;DEBUG;41936;0000000000000000;BaslerControl::openCamera@58;"已经打开第3台Basler相机"
2025/05/15;11:41:07.818;DEBUG;41936;0000000000000000;BaslerControl::openCamera@71;"第3台Basler相机连接成功"
2025/05/15;11:50:23.334;ERROR;41936;0000000000000000;BaslerControl::openCamera@181;"采图失败，退出采图程序。"
2025/05/15;11:50:23.692;DEBUG;3044;0000000000000000;BaslerControl::closeCamera@199;"Basler相机断开连接"
2025/05/15;11:50:27.940;DEBUG;24768;0000000000000000;BaslerControl::openCamera@34;"正在连接Basler相机... ..."
2025/05/15;11:50:28.211;DEBUG;24768;0000000000000000;BaslerControl::openCamera@50;"尝试连接第1台相机..."
2025/05/15;11:50:28.479;DEBUG;24768;0000000000000000;BaslerControl::openCamera@56;"尝试打开第1台Basler相机..."
2025/05/15;11:50:28.559;DEBUG;24768;0000000000000000;BaslerControl::openCamera@58;"已经打开第1台Basler相机"
2025/05/15;11:50:28.575;DEBUG;24768;0000000000000000;BaslerControl::openCamera@71;"第1台Basler相机连接成功"
2025/05/15;11:50:28.575;DEBUG;24768;0000000000000000;BaslerControl::openCamera@50;"尝试连接第2台相机..."
2025/05/15;11:50:28.718;DEBUG;24768;0000000000000000;BaslerControl::openCamera@56;"尝试打开第2台Basler相机..."
2025/05/15;11:50:28.842;DEBUG;24768;0000000000000000;BaslerControl::openCamera@58;"已经打开第2台Basler相机"
2025/05/15;11:50:28.866;DEBUG;24768;0000000000000000;BaslerControl::openCamera@71;"第2台Basler相机连接成功"
2025/05/15;11:50:28.866;DEBUG;24768;0000000000000000;BaslerControl::openCamera@50;"尝试连接第3台相机..."
2025/05/15;11:50:29.022;DEBUG;24768;0000000000000000;BaslerControl::openCamera@56;"尝试打开第3台Basler相机..."
2025/05/15;11:50:29.146;DEBUG;24768;0000000000000000;BaslerControl::openCamera@58;"已经打开第3台Basler相机"
2025/05/15;11:50:29.170;DEBUG;24768;0000000000000000;BaslerControl::openCamera@71;"第3台Basler相机连接成功"
2025/05/15;14:49:33.061;DEBUG;1960;0000000000000000;BaslerControl::closeCamera@199;"Basler相机断开连接"
2025/05/15;14:49:40.847;DEBUG;45956;0000000000000000;BaslerControl::openCamera@34;"正在连接Basler相机... ..."
2025/05/15;14:49:41.150;DEBUG;45956;0000000000000000;BaslerControl::openCamera@50;"尝试连接第1台相机..."
2025/05/15;14:49:41.447;DEBUG;45956;0000000000000000;BaslerControl::openCamera@56;"尝试打开第1台Basler相机..."
2025/05/15;14:49:41.543;DEBUG;45956;0000000000000000;BaslerControl::openCamera@58;"已经打开第1台Basler相机"
2025/05/15;14:49:41.560;DEBUG;45956;0000000000000000;BaslerControl::openCamera@71;"第1台Basler相机连接成功"
2025/05/15;14:49:41.560;DEBUG;45956;0000000000000000;BaslerControl::openCamera@50;"尝试连接第2台相机..."
2025/05/15;14:49:41.720;DEBUG;45956;0000000000000000;BaslerControl::openCamera@56;"尝试打开第2台Basler相机..."
2025/05/15;14:49:41.843;DEBUG;45956;0000000000000000;BaslerControl::openCamera@58;"已经打开第2台Basler相机"
2025/05/15;14:49:41.865;DEBUG;45956;0000000000000000;BaslerControl::openCamera@71;"第2台Basler相机连接成功"
2025/05/15;14:49:41.865;DEBUG;45956;0000000000000000;BaslerControl::openCamera@50;"尝试连接第3台相机..."
2025/05/15;14:49:42.056;DEBUG;45956;0000000000000000;BaslerControl::openCamera@56;"尝试打开第3台Basler相机..."
2025/05/15;14:49:42.177;DEBUG;45956;0000000000000000;BaslerControl::openCamera@58;"已经打开第3台Basler相机"
2025/05/15;14:49:42.202;DEBUG;45956;0000000000000000;BaslerControl::openCamera@71;"第3台Basler相机连接成功"
2025/05/15;14:57:35.285;ERROR;45956;0000000000000000;BaslerControl::openCamera@181;"采图失败，退出采图程序。"
2025/05/15;14:57:35.485;DEBUG;17040;0000000000000000;BaslerControl::closeCamera@199;"Basler相机断开连接"
2025/05/15;14:57:39.878;DEBUG;31832;0000000000000000;BaslerControl::openCamera@34;"正在连接Basler相机... ..."
2025/05/15;14:57:40.149;DEBUG;31832;0000000000000000;BaslerControl::openCamera@50;"尝试连接第1台相机..."
2025/05/15;14:57:40.427;DEBUG;31832;0000000000000000;BaslerControl::openCamera@56;"尝试打开第1台Basler相机..."
2025/05/15;14:57:40.514;DEBUG;31832;0000000000000000;BaslerControl::openCamera@58;"已经打开第1台Basler相机"
2025/05/15;14:57:40.530;DEBUG;31832;0000000000000000;BaslerControl::openCamera@71;"第1台Basler相机连接成功"
2025/05/15;14:57:40.530;DEBUG;31832;0000000000000000;BaslerControl::openCamera@50;"尝试连接第2台相机..."
2025/05/15;14:57:40.680;DEBUG;31832;0000000000000000;BaslerControl::openCamera@56;"尝试打开第2台Basler相机..."
2025/05/15;14:57:40.797;DEBUG;31832;0000000000000000;BaslerControl::openCamera@58;"已经打开第2台Basler相机"
2025/05/15;14:57:40.819;DEBUG;31832;0000000000000000;BaslerControl::openCamera@71;"第2台Basler相机连接成功"
2025/05/15;14:57:40.819;DEBUG;31832;0000000000000000;BaslerControl::openCamera@50;"尝试连接第3台相机..."
2025/05/15;14:57:40.969;DEBUG;31832;0000000000000000;BaslerControl::openCamera@56;"尝试打开第3台Basler相机..."
2025/05/15;14:57:41.092;DEBUG;31832;0000000000000000;BaslerControl::openCamera@58;"已经打开第3台Basler相机"
2025/05/15;14:57:41.113;DEBUG;31832;0000000000000000;BaslerControl::openCamera@71;"第3台Basler相机连接成功"
2025/05/15;14:57:55.613;DEBUG;9920;0000000000000000;BaslerControl::closeCamera@199;"Basler相机断开连接"
2025/05/15;15:00:41.096;DEBUG;25628;0000000000000000;BaslerControl::openCamera@34;"正在连接Basler相机... ..."
2025/05/15;15:00:41.368;DEBUG;25628;0000000000000000;BaslerControl::openCamera@50;"尝试连接第1台相机..."
2025/05/15;15:00:41.645;DEBUG;25628;0000000000000000;BaslerControl::openCamera@56;"尝试打开第1台Basler相机..."
2025/05/15;15:00:41.785;DEBUG;25628;0000000000000000;BaslerControl::openCamera@58;"已经打开第1台Basler相机"
2025/05/15;15:00:41.811;DEBUG;25628;0000000000000000;BaslerControl::openCamera@71;"第1台Basler相机连接成功"
2025/05/15;15:00:41.811;DEBUG;25628;0000000000000000;BaslerControl::openCamera@50;"尝试连接第2台相机..."
2025/05/15;15:00:41.958;DEBUG;25628;0000000000000000;BaslerControl::openCamera@56;"尝试打开第2台Basler相机..."
2025/05/15;15:00:42.592;DEBUG;25628;0000000000000000;BaslerControl::openCamera@58;"已经打开第2台Basler相机"
2025/05/15;15:00:42.616;DEBUG;25628;0000000000000000;BaslerControl::openCamera@71;"第2台Basler相机连接成功"
2025/05/15;15:00:42.616;DEBUG;25628;0000000000000000;BaslerControl::openCamera@50;"尝试连接第3台相机..."
2025/05/15;15:00:42.779;DEBUG;25628;0000000000000000;BaslerControl::openCamera@56;"尝试打开第3台Basler相机..."
2025/05/15;15:00:42.904;DEBUG;25628;0000000000000000;BaslerControl::openCamera@58;"已经打开第3台Basler相机"
2025/05/15;15:00:42.933;DEBUG;25628;0000000000000000;BaslerControl::openCamera@71;"第3台Basler相机连接成功"
2025/05/15;15:05:10.592;DEBUG;22984;0000000000000000;BaslerControl::closeCamera@199;"Basler相机断开连接"
2025/05/15;15:05:14.469;DEBUG;19232;0000000000000000;BaslerControl::openCamera@34;"正在连接Basler相机... ..."
2025/05/15;15:05:14.740;DEBUG;19232;0000000000000000;BaslerControl::openCamera@50;"尝试连接第1台相机..."
2025/05/15;15:05:15.018;DEBUG;19232;0000000000000000;BaslerControl::openCamera@56;"尝试打开第1台Basler相机..."
2025/05/15;15:05:15.638;DEBUG;19232;0000000000000000;BaslerControl::openCamera@58;"已经打开第1台Basler相机"
2025/05/15;15:05:15.653;DEBUG;19232;0000000000000000;BaslerControl::openCamera@71;"第1台Basler相机连接成功"
2025/05/15;15:05:15.654;DEBUG;19232;0000000000000000;BaslerControl::openCamera@50;"尝试连接第2台相机..."
2025/05/15;15:05:15.814;DEBUG;19232;0000000000000000;BaslerControl::openCamera@56;"尝试打开第2台Basler相机..."
2025/05/15;15:05:15.938;DEBUG;19232;0000000000000000;BaslerControl::openCamera@58;"已经打开第2台Basler相机"
2025/05/15;15:05:15.961;DEBUG;19232;0000000000000000;BaslerControl::openCamera@71;"第2台Basler相机连接成功"
2025/05/15;15:05:15.961;DEBUG;19232;0000000000000000;BaslerControl::openCamera@50;"尝试连接第3台相机..."
2025/05/15;15:05:16.111;DEBUG;19232;0000000000000000;BaslerControl::openCamera@56;"尝试打开第3台Basler相机..."
2025/05/15;15:05:16.250;DEBUG;19232;0000000000000000;BaslerControl::openCamera@58;"已经打开第3台Basler相机"
2025/05/15;15:05:16.273;DEBUG;19232;0000000000000000;BaslerControl::openCamera@71;"第3台Basler相机连接成功"
2025/05/15;15:06:20.984;DEBUG;34460;0000000000000000;BaslerControl::openCamera@34;"正在连接Basler相机... ..."
2025/05/15;15:06:21.253;DEBUG;34460;0000000000000000;BaslerControl::openCamera@50;"尝试连接第1台相机..."
2025/05/15;15:06:21.491;DEBUG;34460;0000000000000000;BaslerControl::openCamera@56;"尝试打开第1台Basler相机..."
2025/05/15;15:06:22.079;DEBUG;34460;0000000000000000;BaslerControl::openCamera@58;"已经打开第1台Basler相机"
2025/05/15;15:06:22.096;DEBUG;34460;0000000000000000;BaslerControl::openCamera@71;"第1台Basler相机连接成功"
2025/05/15;15:06:22.096;DEBUG;34460;0000000000000000;BaslerControl::openCamera@50;"尝试连接第2台相机..."
2025/05/15;15:06:22.258;DEBUG;34460;0000000000000000;BaslerControl::openCamera@56;"尝试打开第2台Basler相机..."
2025/05/15;15:06:22.384;DEBUG;34460;0000000000000000;BaslerControl::openCamera@58;"已经打开第2台Basler相机"
2025/05/15;15:06:22.408;DEBUG;34460;0000000000000000;BaslerControl::openCamera@71;"第2台Basler相机连接成功"
2025/05/15;15:06:22.409;DEBUG;34460;0000000000000000;BaslerControl::openCamera@50;"尝试连接第3台相机..."
2025/05/15;15:06:22.562;DEBUG;34460;0000000000000000;BaslerControl::openCamera@56;"尝试打开第3台Basler相机..."
2025/05/15;15:06:22.700;DEBUG;34460;0000000000000000;BaslerControl::openCamera@58;"已经打开第3台Basler相机"
2025/05/15;15:06:22.723;DEBUG;34460;0000000000000000;BaslerControl::openCamera@71;"第3台Basler相机连接成功"
2025/05/15;15:16:37.404;ERROR;34460;0000000000000000;BaslerControl::openCamera@181;"采图失败，退出采图程序。"
2025/05/15;15:16:37.665;DEBUG;28964;0000000000000000;BaslerControl::closeCamera@199;"Basler相机断开连接"
2025/05/15;15:21:15.687;DEBUG;11736;0000000000000000;BaslerControl::openCamera@34;"正在连接Basler相机... ..."
2025/05/15;15:21:15.957;DEBUG;11736;0000000000000000;BaslerControl::openCamera@50;"尝试连接第1台相机..."
2025/05/15;15:21:16.235;DEBUG;11736;0000000000000000;BaslerControl::openCamera@56;"尝试打开第1台Basler相机..."
2025/05/15;15:21:16.386;DEBUG;11736;0000000000000000;BaslerControl::openCamera@58;"已经打开第1台Basler相机"
2025/05/15;15:21:16.419;DEBUG;11736;0000000000000000;BaslerControl::openCamera@71;"第1台Basler相机连接成功"
2025/05/15;15:21:16.419;DEBUG;11736;0000000000000000;BaslerControl::openCamera@50;"尝试连接第2台相机..."
2025/05/15;15:21:16.586;DEBUG;11736;0000000000000000;BaslerControl::openCamera@56;"尝试打开第2台Basler相机..."
2025/05/15;15:21:16.701;DEBUG;11736;0000000000000000;BaslerControl::openCamera@58;"已经打开第2台Basler相机"
2025/05/15;15:21:16.724;DEBUG;11736;0000000000000000;BaslerControl::openCamera@71;"第2台Basler相机连接成功"
2025/05/15;15:21:16.724;DEBUG;11736;0000000000000000;BaslerControl::openCamera@50;"尝试连接第3台相机..."
2025/05/15;15:21:16.870;DEBUG;11736;0000000000000000;BaslerControl::openCamera@56;"尝试打开第3台Basler相机..."
2025/05/15;15:21:16.993;DEBUG;11736;0000000000000000;BaslerControl::openCamera@58;"已经打开第3台Basler相机"
2025/05/15;15:21:17.015;DEBUG;11736;0000000000000000;BaslerControl::openCamera@71;"第3台Basler相机连接成功"
2025/05/15;15:21:20.721;ERROR;11736;0000000000000000;BaslerControl::openCamera@175;"图片保存成功"
2025/05/15;15:22:09.161;ERROR;11736;0000000000000000;BaslerControl::openCamera@175;"图片保存成功"
2025/05/15;15:22:26.375;ERROR;11736;0000000000000000;BaslerControl::openCamera@175;"图片保存成功"
2025/05/15;15:25:18.501;ERROR;11736;0000000000000000;BaslerControl::openCamera@184;"采图失败，退出采图程序。"
2025/05/15;15:25:18.766;DEBUG;34344;0000000000000000;BaslerControl::closeCamera@202;"Basler相机断开连接"
2025/05/15;15:31:03.545;DEBUG;8920;0000000000000000;BaslerControl::openCamera@34;"正在连接Basler相机... ..."
2025/05/15;15:31:03.816;DEBUG;8920;0000000000000000;BaslerControl::openCamera@50;"尝试连接第1台相机..."
2025/05/15;15:31:04.029;DEBUG;8920;0000000000000000;BaslerControl::openCamera@56;"尝试打开第1台Basler相机..."
2025/05/15;15:31:04.112;DEBUG;8920;0000000000000000;BaslerControl::openCamera@58;"已经打开第1台Basler相机"
2025/05/15;15:31:04.128;DEBUG;8920;0000000000000000;BaslerControl::openCamera@71;"第1台Basler相机连接成功"
2025/05/15;15:31:04.128;DEBUG;8920;0000000000000000;BaslerControl::openCamera@50;"尝试连接第2台相机..."
2025/05/15;15:31:04.275;DEBUG;8920;0000000000000000;BaslerControl::openCamera@56;"尝试打开第2台Basler相机..."
2025/05/15;15:31:04.411;DEBUG;8920;0000000000000000;BaslerControl::openCamera@58;"已经打开第2台Basler相机"
2025/05/15;15:31:04.434;DEBUG;8920;0000000000000000;BaslerControl::openCamera@71;"第2台Basler相机连接成功"
2025/05/15;15:31:04.434;DEBUG;8920;0000000000000000;BaslerControl::openCamera@50;"尝试连接第3台相机..."
2025/05/15;15:31:04.582;DEBUG;8920;0000000000000000;BaslerControl::openCamera@56;"尝试打开第3台Basler相机..."
2025/05/15;15:31:04.706;DEBUG;8920;0000000000000000;BaslerControl::openCamera@58;"已经打开第3台Basler相机"
2025/05/15;15:31:04.728;DEBUG;8920;0000000000000000;BaslerControl::openCamera@71;"第3台Basler相机连接成功"
2025/05/15;15:41:33.045;ERROR;8920;0000000000000000;BaslerControl::openCamera@184;"采图失败，退出采图程序。"
2025/05/15;15:41:33.320;DEBUG;28256;0000000000000000;BaslerControl::closeCamera@202;"Basler相机断开连接"
2025/05/15;15:41:38.065;DEBUG;36428;0000000000000000;BaslerControl::openCamera@34;"正在连接Basler相机... ..."
2025/05/15;15:41:38.335;DEBUG;36428;0000000000000000;BaslerControl::openCamera@50;"尝试连接第1台相机..."
2025/05/15;15:41:38.613;DEBUG;36428;0000000000000000;BaslerControl::openCamera@56;"尝试打开第1台Basler相机..."
2025/05/15;15:41:38.754;DEBUG;36428;0000000000000000;BaslerControl::openCamera@58;"已经打开第1台Basler相机"
2025/05/15;15:41:38.790;DEBUG;36428;0000000000000000;BaslerControl::openCamera@71;"第1台Basler相机连接成功"
2025/05/15;15:41:38.790;DEBUG;36428;0000000000000000;BaslerControl::openCamera@50;"尝试连接第2台相机..."
2025/05/15;15:41:38.972;DEBUG;36428;0000000000000000;BaslerControl::openCamera@56;"尝试打开第2台Basler相机..."
2025/05/15;15:41:39.099;DEBUG;36428;0000000000000000;BaslerControl::openCamera@58;"已经打开第2台Basler相机"
2025/05/15;15:41:39.123;DEBUG;36428;0000000000000000;BaslerControl::openCamera@71;"第2台Basler相机连接成功"
2025/05/15;15:41:39.123;DEBUG;36428;0000000000000000;BaslerControl::openCamera@50;"尝试连接第3台相机..."
2025/05/15;15:41:39.286;DEBUG;36428;0000000000000000;BaslerControl::openCamera@56;"尝试打开第3台Basler相机..."
2025/05/15;15:41:39.409;DEBUG;36428;0000000000000000;BaslerControl::openCamera@58;"已经打开第3台Basler相机"
2025/05/15;15:41:39.434;DEBUG;36428;0000000000000000;BaslerControl::openCamera@71;"第3台Basler相机连接成功"
2025/05/15;15:47:29.943;ERROR;36428;0000000000000000;BaslerControl::openCamera@175;"图片保存成功"
2025/05/15;15:48:07.974;ERROR;36428;0000000000000000;BaslerControl::openCamera@175;"图片保存成功"
2025/05/15;15:48:10.034;ERROR;36428;0000000000000000;BaslerControl::openCamera@184;"采图失败，退出采图程序。"
2025/05/15;15:48:10.295;DEBUG;25688;0000000000000000;BaslerControl::closeCamera@202;"Basler相机断开连接"
2025/05/15;15:49:14.501;DEBUG;26304;0000000000000000;BaslerControl::openCamera@34;"正在连接Basler相机... ..."
2025/05/15;15:49:14.771;DEBUG;26304;0000000000000000;BaslerControl::openCamera@50;"尝试连接第1台相机..."
2025/05/15;15:49:15.010;DEBUG;26304;0000000000000000;BaslerControl::openCamera@56;"尝试打开第1台Basler相机..."
2025/05/15;15:49:15.093;DEBUG;26304;0000000000000000;BaslerControl::openCamera@58;"已经打开第1台Basler相机"
2025/05/15;15:49:15.109;DEBUG;26304;0000000000000000;BaslerControl::openCamera@71;"第1台Basler相机连接成功"
2025/05/15;15:49:15.109;DEBUG;26304;0000000000000000;BaslerControl::openCamera@50;"尝试连接第2台相机..."
2025/05/15;15:49:15.274;DEBUG;26304;0000000000000000;BaslerControl::openCamera@56;"尝试打开第2台Basler相机..."
2025/05/15;15:49:15.913;DEBUG;26304;0000000000000000;BaslerControl::openCamera@58;"已经打开第2台Basler相机"
2025/05/15;15:49:15.935;DEBUG;26304;0000000000000000;BaslerControl::openCamera@71;"第2台Basler相机连接成功"
2025/05/15;15:49:15.935;DEBUG;26304;0000000000000000;BaslerControl::openCamera@50;"尝试连接第3台相机..."
2025/05/15;15:49:16.086;DEBUG;26304;0000000000000000;BaslerControl::openCamera@56;"尝试打开第3台Basler相机..."
2025/05/15;15:49:16.212;DEBUG;26304;0000000000000000;BaslerControl::openCamera@58;"已经打开第3台Basler相机"
2025/05/15;15:49:16.235;DEBUG;26304;0000000000000000;BaslerControl::openCamera@71;"第3台Basler相机连接成功"
2025/05/15;15:53:34.798;ERROR;26304;0000000000000000;BaslerControl::openCamera@184;"采图失败，退出采图程序。"
2025/05/15;15:53:35.089;DEBUG;30864;0000000000000000;BaslerControl::closeCamera@202;"Basler相机断开连接"
2025/05/15;15:53:43.617;DEBUG;42712;0000000000000000;BaslerControl::openCamera@34;"正在连接Basler相机... ..."
2025/05/15;15:53:43.886;DEBUG;42712;0000000000000000;BaslerControl::openCamera@50;"尝试连接第1台相机..."
2025/05/15;15:53:44.030;DEBUG;42712;0000000000000000;BaslerControl::openCamera@56;"尝试打开第1台Basler相机..."
2025/05/15;15:53:44.115;DEBUG;42712;0000000000000000;BaslerControl::openCamera@58;"已经打开第1台Basler相机"
2025/05/15;15:53:44.131;DEBUG;42712;0000000000000000;BaslerControl::openCamera@71;"第1台Basler相机连接成功"
2025/05/15;15:53:44.131;DEBUG;42712;0000000000000000;BaslerControl::openCamera@50;"尝试连接第2台相机..."
2025/05/15;15:53:44.275;DEBUG;42712;0000000000000000;BaslerControl::openCamera@56;"尝试打开第2台Basler相机..."
2025/05/15;15:53:44.391;DEBUG;42712;0000000000000000;BaslerControl::openCamera@58;"已经打开第2台Basler相机"
2025/05/15;15:53:44.412;DEBUG;42712;0000000000000000;BaslerControl::openCamera@71;"第2台Basler相机连接成功"
2025/05/15;15:53:44.412;DEBUG;42712;0000000000000000;BaslerControl::openCamera@50;"尝试连接第3台相机..."
2025/05/15;15:53:44.569;DEBUG;42712;0000000000000000;BaslerControl::openCamera@56;"尝试打开第3台Basler相机..."
2025/05/15;15:53:44.695;DEBUG;42712;0000000000000000;BaslerControl::openCamera@58;"已经打开第3台Basler相机"
2025/05/15;15:53:44.718;DEBUG;42712;0000000000000000;BaslerControl::openCamera@71;"第3台Basler相机连接成功"
2025/05/15;15:55:30.297;DEBUG;31720;0000000000000000;BaslerControl::closeCamera@202;"Basler相机断开连接"
2025/05/15;15:55:36.417;DEBUG;24528;0000000000000000;BaslerControl::openCamera@34;"正在连接Basler相机... ..."
2025/05/15;15:55:36.686;DEBUG;24528;0000000000000000;BaslerControl::openCamera@50;"尝试连接第1台相机..."
2025/05/15;15:55:36.968;DEBUG;24528;0000000000000000;BaslerControl::openCamera@56;"尝试打开第1台Basler相机..."
2025/05/15;15:55:37.121;DEBUG;24528;0000000000000000;BaslerControl::openCamera@58;"已经打开第1台Basler相机"
2025/05/15;15:55:37.155;DEBUG;24528;0000000000000000;BaslerControl::openCamera@71;"第1台Basler相机连接成功"
2025/05/15;15:55:37.156;DEBUG;24528;0000000000000000;BaslerControl::openCamera@50;"尝试连接第2台相机..."
2025/05/15;15:55:37.337;DEBUG;24528;0000000000000000;BaslerControl::openCamera@56;"尝试打开第2台Basler相机..."
2025/05/15;15:55:37.465;DEBUG;24528;0000000000000000;BaslerControl::openCamera@58;"已经打开第2台Basler相机"
2025/05/15;15:55:37.489;DEBUG;24528;0000000000000000;BaslerControl::openCamera@71;"第2台Basler相机连接成功"
2025/05/15;15:55:37.489;DEBUG;24528;0000000000000000;BaslerControl::openCamera@50;"尝试连接第3台相机..."
2025/05/15;15:55:37.654;DEBUG;24528;0000000000000000;BaslerControl::openCamera@56;"尝试打开第3台Basler相机..."
2025/05/15;15:55:37.783;DEBUG;24528;0000000000000000;BaslerControl::openCamera@58;"已经打开第3台Basler相机"
2025/05/15;15:55:37.808;DEBUG;24528;0000000000000000;BaslerControl::openCamera@71;"第3台Basler相机连接成功"
2025/05/15;15:57:48.972;DEBUG;27960;0000000000000000;BaslerControl::closeCamera@202;"Basler相机断开连接"
2025/05/15;15:57:53.660;DEBUG;45956;0000000000000000;BaslerControl::openCamera@34;"正在连接Basler相机... ..."
2025/05/15;15:57:53.929;DEBUG;45956;0000000000000000;BaslerControl::openCamera@50;"尝试连接第1台相机..."
2025/05/15;15:57:54.154;DEBUG;45956;0000000000000000;BaslerControl::openCamera@56;"尝试打开第1台Basler相机..."
2025/05/15;15:57:54.743;DEBUG;45956;0000000000000000;BaslerControl::openCamera@58;"已经打开第1台Basler相机"
2025/05/15;15:57:54.760;DEBUG;45956;0000000000000000;BaslerControl::openCamera@71;"第1台Basler相机连接成功"
2025/05/15;15:57:54.760;DEBUG;45956;0000000000000000;BaslerControl::openCamera@50;"尝试连接第2台相机..."
2025/05/15;15:57:54.918;DEBUG;45956;0000000000000000;BaslerControl::openCamera@56;"尝试打开第2台Basler相机..."
2025/05/15;15:57:55.043;DEBUG;45956;0000000000000000;BaslerControl::openCamera@58;"已经打开第2台Basler相机"
2025/05/15;15:57:55.066;DEBUG;45956;0000000000000000;BaslerControl::openCamera@71;"第2台Basler相机连接成功"
2025/05/15;15:57:55.066;DEBUG;45956;0000000000000000;BaslerControl::openCamera@50;"尝试连接第3台相机..."
2025/05/15;15:57:55.229;DEBUG;45956;0000000000000000;BaslerControl::openCamera@56;"尝试打开第3台Basler相机..."
2025/05/15;15:57:55.369;DEBUG;45956;0000000000000000;BaslerControl::openCamera@58;"已经打开第3台Basler相机"
2025/05/15;15:57:55.392;DEBUG;45956;0000000000000000;BaslerControl::openCamera@71;"第3台Basler相机连接成功"
2025/05/15;16:28:36.839;ERROR;45956;0000000000000000;BaslerControl::openCamera@175;"图片保存成功"
2025/05/15;16:29:07.025;ERROR;45956;0000000000000000;BaslerControl::openCamera@175;"图片保存成功"
2025/05/15;16:29:45.384;ERROR;45956;0000000000000000;BaslerControl::openCamera@175;"图片保存成功"
2025/05/15;16:30:47.926;ERROR;45956;0000000000000000;BaslerControl::openCamera@175;"图片保存成功"
2025/05/15;16:31:17.071;ERROR;45956;0000000000000000;BaslerControl::openCamera@175;"图片保存成功"
2025/05/15;16:32:02.795;ERROR;45956;0000000000000000;BaslerControl::openCamera@175;"图片保存成功"
2025/05/15;16:32:39.982;ERROR;45956;0000000000000000;BaslerControl::openCamera@175;"图片保存成功"
2025/05/15;16:35:09.791;ERROR;45956;0000000000000000;BaslerControl::openCamera@175;"图片保存成功"
2025/05/15;16:36:18.560;ERROR;45956;0000000000000000;BaslerControl::openCamera@175;"图片保存成功"
2025/05/15;16:37:09.643;ERROR;45956;0000000000000000;BaslerControl::openCamera@184;"采图失败，退出采图程序。"
2025/05/15;16:37:09.655;DEBUG;35156;0000000000000000;BaslerControl::closeCamera@202;"Basler相机断开连接"
2025/05/15;16:38:55.530;DEBUG;16132;0000000000000000;BaslerControl::openCamera@34;"正在连接Basler相机... ..."
2025/05/15;16:38:55.800;DEBUG;16132;0000000000000000;BaslerControl::openCamera@50;"尝试连接第1台相机..."
2025/05/15;16:38:56.078;DEBUG;16132;0000000000000000;BaslerControl::openCamera@56;"尝试打开第1台Basler相机..."
2025/05/15;16:38:56.663;DEBUG;16132;0000000000000000;BaslerControl::openCamera@58;"已经打开第1台Basler相机"
2025/05/15;16:38:56.679;DEBUG;16132;0000000000000000;BaslerControl::openCamera@71;"第1台Basler相机连接成功"
2025/05/15;16:38:56.679;DEBUG;16132;0000000000000000;BaslerControl::openCamera@50;"尝试连接第2台相机..."
2025/05/15;16:38:56.826;DEBUG;16132;0000000000000000;BaslerControl::openCamera@56;"尝试打开第2台Basler相机..."
2025/05/15;16:38:56.947;DEBUG;16132;0000000000000000;BaslerControl::openCamera@58;"已经打开第2台Basler相机"
2025/05/15;16:38:56.970;DEBUG;16132;0000000000000000;BaslerControl::openCamera@71;"第2台Basler相机连接成功"
2025/05/15;16:38:56.970;DEBUG;16132;0000000000000000;BaslerControl::openCamera@50;"尝试连接第3台相机..."
2025/05/15;16:38:57.134;DEBUG;16132;0000000000000000;BaslerControl::openCamera@56;"尝试打开第3台Basler相机..."
2025/05/15;16:38:57.258;DEBUG;16132;0000000000000000;BaslerControl::openCamera@58;"已经打开第3台Basler相机"
2025/05/15;16:38:57.280;DEBUG;16132;0000000000000000;BaslerControl::openCamera@71;"第3台Basler相机连接成功"
2025/05/15;16:50:57.357;ERROR;16132;0000000000000000;BaslerControl::openCamera@175;"图片保存成功"
2025/05/15;16:51:30.535;ERROR;16132;0000000000000000;BaslerControl::openCamera@175;"图片保存成功"
2025/05/15;16:51:54.896;ERROR;16132;0000000000000000;BaslerControl::openCamera@175;"图片保存成功"
2025/05/15;16:52:31.354;ERROR;16132;0000000000000000;BaslerControl::openCamera@175;"图片保存成功"
2025/05/15;16:52:57.964;ERROR;16132;0000000000000000;BaslerControl::openCamera@175;"图片保存成功"
2025/05/15;16:53:15.764;ERROR;16132;0000000000000000;BaslerControl::openCamera@175;"图片保存成功"
2025/05/15;16:54:45.206;ERROR;16132;0000000000000000;BaslerControl::openCamera@184;"采图失败，退出采图程序。"
2025/05/15;16:54:45.218;DEBUG;21184;0000000000000000;BaslerControl::closeCamera@202;"Basler相机断开连接"
2025/05/15;16:54:50.873;DEBUG;40196;0000000000000000;BaslerControl::openCamera@34;"正在连接Basler相机... ..."
2025/05/15;16:54:51.143;DEBUG;40196;0000000000000000;BaslerControl::openCamera@50;"尝试连接第1台相机..."
2025/05/15;16:54:51.430;DEBUG;40196;0000000000000000;BaslerControl::openCamera@56;"尝试打开第1台Basler相机..."
2025/05/15;16:54:51.562;DEBUG;40196;0000000000000000;BaslerControl::openCamera@58;"已经打开第1台Basler相机"
2025/05/15;16:54:51.579;DEBUG;40196;0000000000000000;BaslerControl::openCamera@71;"第1台Basler相机连接成功"
2025/05/15;16:54:51.579;DEBUG;40196;0000000000000000;BaslerControl::openCamera@50;"尝试连接第2台相机..."
2025/05/15;16:54:51.725;DEBUG;40196;0000000000000000;BaslerControl::openCamera@56;"尝试打开第2台Basler相机..."
2025/05/15;16:54:51.857;DEBUG;40196;0000000000000000;BaslerControl::openCamera@58;"已经打开第2台Basler相机"
2025/05/15;16:54:51.880;DEBUG;40196;0000000000000000;BaslerControl::openCamera@71;"第2台Basler相机连接成功"
2025/05/15;16:54:51.880;DEBUG;40196;0000000000000000;BaslerControl::openCamera@50;"尝试连接第3台相机..."
2025/05/15;16:54:52.030;DEBUG;40196;0000000000000000;BaslerControl::openCamera@56;"尝试打开第3台Basler相机..."
2025/05/15;16:54:52.156;DEBUG;40196;0000000000000000;BaslerControl::openCamera@58;"已经打开第3台Basler相机"
2025/05/15;16:54:52.178;DEBUG;40196;0000000000000000;BaslerControl::openCamera@71;"第3台Basler相机连接成功"
2025/05/15;16:58:34.734;ERROR;40196;0000000000000000;BaslerControl::openCamera@184;"采图失败，退出采图程序。"
2025/05/15;16:58:34.746;DEBUG;28936;0000000000000000;BaslerControl::closeCamera@202;"Basler相机断开连接"
2025/05/15;16:58:50.609;DEBUG;18056;0000000000000000;BaslerControl::openCamera@34;"正在连接Basler相机... ..."
2025/05/15;16:58:50.878;DEBUG;18056;0000000000000000;BaslerControl::openCamera@50;"尝试连接第1台相机..."
2025/05/15;16:58:51.154;DEBUG;18056;0000000000000000;BaslerControl::openCamera@56;"尝试打开第1台Basler相机..."
2025/05/15;16:58:51.300;DEBUG;18056;0000000000000000;BaslerControl::openCamera@58;"已经打开第1台Basler相机"
2025/05/15;16:58:51.336;DEBUG;18056;0000000000000000;BaslerControl::openCamera@71;"第1台Basler相机连接成功"
2025/05/15;16:58:51.336;DEBUG;18056;0000000000000000;BaslerControl::openCamera@50;"尝试连接第2台相机..."
2025/05/15;16:58:51.501;DEBUG;18056;0000000000000000;BaslerControl::openCamera@56;"尝试打开第2台Basler相机..."
2025/05/15;16:58:51.626;DEBUG;18056;0000000000000000;BaslerControl::openCamera@58;"已经打开第2台Basler相机"
2025/05/15;16:58:51.649;DEBUG;18056;0000000000000000;BaslerControl::openCamera@71;"第2台Basler相机连接成功"
2025/05/15;16:58:51.649;DEBUG;18056;0000000000000000;BaslerControl::openCamera@50;"尝试连接第3台相机..."
2025/05/15;16:58:51.801;DEBUG;18056;0000000000000000;BaslerControl::openCamera@56;"尝试打开第3台Basler相机..."
2025/05/15;16:58:51.928;DEBUG;18056;0000000000000000;BaslerControl::openCamera@58;"已经打开第3台Basler相机"
2025/05/15;16:58:51.950;DEBUG;18056;0000000000000000;BaslerControl::openCamera@71;"第3台Basler相机连接成功"
2025/05/15;16:59:53.472;DEBUG;22324;0000000000000000;BaslerControl::closeCamera@202;"Basler相机断开连接"
2025/05/15;16:59:57.497;DEBUG;35128;0000000000000000;BaslerControl::openCamera@34;"正在连接Basler相机... ..."
2025/05/15;16:59:57.767;DEBUG;35128;0000000000000000;BaslerControl::openCamera@50;"尝试连接第1台相机..."
2025/05/15;16:59:58.062;DEBUG;35128;0000000000000000;BaslerControl::openCamera@56;"尝试打开第1台Basler相机..."
2025/05/15;16:59:58.681;DEBUG;35128;0000000000000000;BaslerControl::openCamera@58;"已经打开第1台Basler相机"
2025/05/15;16:59:58.697;DEBUG;35128;0000000000000000;BaslerControl::openCamera@71;"第1台Basler相机连接成功"
2025/05/15;16:59:58.697;DEBUG;35128;0000000000000000;BaslerControl::openCamera@50;"尝试连接第2台相机..."
2025/05/15;16:59:58.842;DEBUG;35128;0000000000000000;BaslerControl::openCamera@56;"尝试打开第2台Basler相机..."
2025/05/15;16:59:58.961;DEBUG;35128;0000000000000000;BaslerControl::openCamera@58;"已经打开第2台Basler相机"
2025/05/15;16:59:58.985;DEBUG;35128;0000000000000000;BaslerControl::openCamera@71;"第2台Basler相机连接成功"
2025/05/15;16:59:58.985;DEBUG;35128;0000000000000000;BaslerControl::openCamera@50;"尝试连接第3台相机..."
2025/05/15;16:59:59.137;DEBUG;35128;0000000000000000;BaslerControl::openCamera@56;"尝试打开第3台Basler相机..."
2025/05/15;16:59:59.261;DEBUG;35128;0000000000000000;BaslerControl::openCamera@58;"已经打开第3台Basler相机"
2025/05/15;16:59:59.285;DEBUG;35128;0000000000000000;BaslerControl::openCamera@71;"第3台Basler相机连接成功"
2025/05/15;17:06:04.927;DEBUG;14220;0000000000000000;BaslerControl::closeCamera@202;"Basler相机断开连接"
2025/05/15;17:06:09.267;DEBUG;43784;0000000000000000;BaslerControl::openCamera@34;"正在连接Basler相机... ..."
2025/05/15;17:06:09.539;DEBUG;43784;0000000000000000;BaslerControl::openCamera@50;"尝试连接第1台相机..."
2025/05/15;17:06:09.689;DEBUG;43784;0000000000000000;BaslerControl::openCamera@56;"尝试打开第1台Basler相机..."
2025/05/15;17:06:09.771;DEBUG;43784;0000000000000000;BaslerControl::openCamera@58;"已经打开第1台Basler相机"
2025/05/15;17:06:09.789;DEBUG;43784;0000000000000000;BaslerControl::openCamera@71;"第1台Basler相机连接成功"
2025/05/15;17:06:09.789;DEBUG;43784;0000000000000000;BaslerControl::openCamera@50;"尝试连接第2台相机..."
2025/05/15;17:06:09.936;DEBUG;43784;0000000000000000;BaslerControl::openCamera@56;"尝试打开第2台Basler相机..."
2025/05/15;17:06:10.564;DEBUG;43784;0000000000000000;BaslerControl::openCamera@58;"已经打开第2台Basler相机"
2025/05/15;17:06:10.587;DEBUG;43784;0000000000000000;BaslerControl::openCamera@71;"第2台Basler相机连接成功"
2025/05/15;17:06:10.588;DEBUG;43784;0000000000000000;BaslerControl::openCamera@50;"尝试连接第3台相机..."
2025/05/15;17:06:10.737;DEBUG;43784;0000000000000000;BaslerControl::openCamera@56;"尝试打开第3台Basler相机..."
2025/05/15;17:06:10.862;DEBUG;43784;0000000000000000;BaslerControl::openCamera@58;"已经打开第3台Basler相机"
2025/05/15;17:06:10.884;DEBUG;43784;0000000000000000;BaslerControl::openCamera@71;"第3台Basler相机连接成功"
2025/05/15;17:06:59.274;DEBUG;18652;0000000000000000;BaslerControl::closeCamera@202;"Basler相机断开连接"
2025/05/15;17:07:06.217;DEBUG;40192;0000000000000000;BaslerControl::openCamera@34;"正在连接Basler相机... ..."
2025/05/15;17:07:06.487;DEBUG;40192;0000000000000000;BaslerControl::openCamera@50;"尝试连接第1台相机..."
2025/05/15;17:07:06.765;DEBUG;40192;0000000000000000;BaslerControl::openCamera@56;"尝试打开第1台Basler相机..."
2025/05/15;17:07:06.849;DEBUG;40192;0000000000000000;BaslerControl::openCamera@58;"已经打开第1台Basler相机"
2025/05/15;17:07:06.866;DEBUG;40192;0000000000000000;BaslerControl::openCamera@71;"第1台Basler相机连接成功"
2025/05/15;17:07:06.866;DEBUG;40192;0000000000000000;BaslerControl::openCamera@50;"尝试连接第2台相机..."
2025/05/15;17:07:07.023;DEBUG;40192;0000000000000000;BaslerControl::openCamera@56;"尝试打开第2台Basler相机..."
2025/05/15;17:07:07.150;DEBUG;40192;0000000000000000;BaslerControl::openCamera@58;"已经打开第2台Basler相机"
2025/05/15;17:07:07.172;DEBUG;40192;0000000000000000;BaslerControl::openCamera@71;"第2台Basler相机连接成功"
2025/05/15;17:07:07.172;DEBUG;40192;0000000000000000;BaslerControl::openCamera@50;"尝试连接第3台相机..."
2025/05/15;17:07:07.323;DEBUG;40192;0000000000000000;BaslerControl::openCamera@56;"尝试打开第3台Basler相机..."
2025/05/15;17:07:07.450;DEBUG;40192;0000000000000000;BaslerControl::openCamera@58;"已经打开第3台Basler相机"
2025/05/15;17:07:07.472;DEBUG;40192;0000000000000000;BaslerControl::openCamera@71;"第3台Basler相机连接成功"
2025/05/15;17:11:27.432;ERROR;40192;0000000000000000;BaslerControl::openCamera@184;"采图失败，退出采图程序。"
2025/05/15;17:11:27.708;DEBUG;19672;0000000000000000;BaslerControl::closeCamera@202;"Basler相机断开连接"
2025/05/15;17:11:31.516;DEBUG;9948;0000000000000000;BaslerControl::openCamera@34;"正在连接Basler相机... ..."
2025/05/15;17:11:31.786;DEBUG;9948;0000000000000000;BaslerControl::openCamera@50;"尝试连接第1台相机..."
2025/05/15;17:11:32.064;DEBUG;9948;0000000000000000;BaslerControl::openCamera@56;"尝试打开第1台Basler相机..."
2025/05/15;17:11:32.188;DEBUG;9948;0000000000000000;BaslerControl::openCamera@58;"已经打开第1台Basler相机"
2025/05/15;17:11:32.205;DEBUG;9948;0000000000000000;BaslerControl::openCamera@71;"第1台Basler相机连接成功"
2025/05/15;17:11:32.205;DEBUG;9948;0000000000000000;BaslerControl::openCamera@50;"尝试连接第2台相机..."
2025/05/15;17:11:32.362;DEBUG;9948;0000000000000000;BaslerControl::openCamera@56;"尝试打开第2台Basler相机..."
2025/05/15;17:11:32.488;DEBUG;9948;0000000000000000;BaslerControl::openCamera@58;"已经打开第2台Basler相机"
2025/05/15;17:11:32.511;DEBUG;9948;0000000000000000;BaslerControl::openCamera@71;"第2台Basler相机连接成功"
2025/05/15;17:11:32.511;DEBUG;9948;0000000000000000;BaslerControl::openCamera@50;"尝试连接第3台相机..."
2025/05/15;17:11:32.674;DEBUG;9948;0000000000000000;BaslerControl::openCamera@56;"尝试打开第3台Basler相机..."
2025/05/15;17:11:32.814;DEBUG;9948;0000000000000000;BaslerControl::openCamera@58;"已经打开第3台Basler相机"
2025/05/15;17:11:32.837;DEBUG;9948;0000000000000000;BaslerControl::openCamera@71;"第3台Basler相机连接成功"
2025/05/15;17:25:55.521;ERROR;9948;0000000000000000;BaslerControl::openCamera@184;"采图失败，退出采图程序。"
2025/05/15;17:25:55.751;DEBUG;42896;0000000000000000;BaslerControl::closeCamera@202;"Basler相机断开连接"
2025/05/15;17:26:08.936;DEBUG;32680;0000000000000000;BaslerControl::openCamera@34;"正在连接Basler相机... ..."
2025/05/15;17:26:09.207;DEBUG;32680;0000000000000000;BaslerControl::openCamera@50;"尝试连接第1台相机..."
2025/05/15;17:26:09.485;DEBUG;32680;0000000000000000;BaslerControl::openCamera@56;"尝试打开第1台Basler相机..."
2025/05/15;17:26:09.624;DEBUG;32680;0000000000000000;BaslerControl::openCamera@58;"已经打开第1台Basler相机"
2025/05/15;17:26:09.658;DEBUG;32680;0000000000000000;BaslerControl::openCamera@71;"第1台Basler相机连接成功"
2025/05/15;17:26:09.658;DEBUG;32680;0000000000000000;BaslerControl::openCamera@50;"尝试连接第2台相机..."
2025/05/15;17:26:09.839;DEBUG;32680;0000000000000000;BaslerControl::openCamera@56;"尝试打开第2台Basler相机..."
2025/05/15;17:26:09.959;DEBUG;32680;0000000000000000;BaslerControl::openCamera@58;"已经打开第2台Basler相机"
2025/05/15;17:26:09.983;DEBUG;32680;0000000000000000;BaslerControl::openCamera@71;"第2台Basler相机连接成功"
2025/05/15;17:26:09.983;DEBUG;32680;0000000000000000;BaslerControl::openCamera@50;"尝试连接第3台相机..."
2025/05/15;17:26:10.146;DEBUG;32680;0000000000000000;BaslerControl::openCamera@56;"尝试打开第3台Basler相机..."
2025/05/15;17:26:10.268;DEBUG;32680;0000000000000000;BaslerControl::openCamera@58;"已经打开第3台Basler相机"
2025/05/15;17:26:10.292;DEBUG;32680;0000000000000000;BaslerControl::openCamera@71;"第3台Basler相机连接成功"
2025/05/15;17:30:30.399;ERROR;32680;0000000000000000;BaslerControl::openCamera@184;"采图失败，退出采图程序。"
2025/05/15;17:30:30.520;DEBUG;14240;0000000000000000;BaslerControl::closeCamera@202;"Basler相机断开连接"
2025/05/15;17:30:34.401;DEBUG;40064;0000000000000000;BaslerControl::openCamera@34;"正在连接Basler相机... ..."
2025/05/15;17:30:34.670;DEBUG;40064;0000000000000000;BaslerControl::openCamera@50;"尝试连接第1台相机..."
2025/05/15;17:30:34.895;DEBUG;40064;0000000000000000;BaslerControl::openCamera@56;"尝试打开第1台Basler相机..."
2025/05/15;17:30:34.979;DEBUG;40064;0000000000000000;BaslerControl::openCamera@58;"已经打开第1台Basler相机"
2025/05/15;17:30:34.996;DEBUG;40064;0000000000000000;BaslerControl::openCamera@71;"第1台Basler相机连接成功"
2025/05/15;17:30:34.996;DEBUG;40064;0000000000000000;BaslerControl::openCamera@50;"尝试连接第2台相机..."
2025/05/15;17:30:35.154;DEBUG;40064;0000000000000000;BaslerControl::openCamera@56;"尝试打开第2台Basler相机..."
2025/05/15;17:30:35.278;DEBUG;40064;0000000000000000;BaslerControl::openCamera@58;"已经打开第2台Basler相机"
2025/05/15;17:30:35.303;DEBUG;40064;0000000000000000;BaslerControl::openCamera@71;"第2台Basler相机连接成功"
2025/05/15;17:30:35.303;DEBUG;40064;0000000000000000;BaslerControl::openCamera@50;"尝试连接第3台相机..."
2025/05/15;17:30:35.466;DEBUG;40064;0000000000000000;BaslerControl::openCamera@56;"尝试打开第3台Basler相机..."
2025/05/15;17:30:35.594;DEBUG;40064;0000000000000000;BaslerControl::openCamera@58;"已经打开第3台Basler相机"
2025/05/15;17:30:35.617;DEBUG;40064;0000000000000000;BaslerControl::openCamera@71;"第3台Basler相机连接成功"
2025/05/15;17:33:01.458;DEBUG;21328;0000000000000000;BaslerControl::closeCamera@202;"Basler相机断开连接"
2025/05/15;18:52:30.669;DEBUG;8332;0000000000000000;BaslerControl::openCamera@34;"正在连接Basler相机... ..."
2025/05/15;18:52:30.937;DEBUG;8332;0000000000000000;BaslerControl::openCamera@50;"尝试连接第1台相机..."
2025/05/15;18:52:31.217;DEBUG;8332;0000000000000000;BaslerControl::openCamera@56;"尝试打开第1台Basler相机..."
2025/05/15;18:52:31.843;DEBUG;8332;0000000000000000;BaslerControl::openCamera@58;"已经打开第1台Basler相机"
2025/05/15;18:52:31.858;DEBUG;8332;0000000000000000;BaslerControl::openCamera@71;"第1台Basler相机连接成功"
2025/05/15;18:52:31.859;DEBUG;8332;0000000000000000;BaslerControl::openCamera@50;"尝试连接第2台相机..."
2025/05/15;18:52:32.019;DEBUG;8332;0000000000000000;BaslerControl::openCamera@56;"尝试打开第2台Basler相机..."
2025/05/15;18:52:32.658;DEBUG;8332;0000000000000000;BaslerControl::openCamera@58;"已经打开第2台Basler相机"
2025/05/15;18:52:32.681;DEBUG;8332;0000000000000000;BaslerControl::openCamera@71;"第2台Basler相机连接成功"
2025/05/15;18:52:32.681;DEBUG;8332;0000000000000000;BaslerControl::openCamera@50;"尝试连接第3台相机..."
2025/05/15;18:52:32.843;DEBUG;8332;0000000000000000;BaslerControl::openCamera@56;"尝试打开第3台Basler相机..."
2025/05/15;18:52:32.970;DEBUG;8332;0000000000000000;BaslerControl::openCamera@58;"已经打开第3台Basler相机"
2025/05/15;18:52:32.994;DEBUG;8332;0000000000000000;BaslerControl::openCamera@71;"第3台Basler相机连接成功"
2025/05/15;18:52:42.342;DEBUG;14296;0000000000000000;BaslerControl::closeCamera@202;"Basler相机断开连接"
2025/05/15;18:53:31.189;DEBUG;19980;0000000000000000;BaslerControl::openCamera@34;"正在连接Basler相机... ..."
2025/05/15;18:53:31.460;DEBUG;19980;0000000000000000;BaslerControl::openCamera@50;"尝试连接第1台相机..."
2025/05/15;18:53:31.647;DEBUG;19980;0000000000000000;BaslerControl::openCamera@56;"尝试打开第1台Basler相机..."
2025/05/15;18:53:32.241;DEBUG;19980;0000000000000000;BaslerControl::openCamera@58;"已经打开第1台Basler相机"
2025/05/15;18:53:32.259;DEBUG;19980;0000000000000000;BaslerControl::openCamera@71;"第1台Basler相机连接成功"
2025/05/15;18:53:32.259;DEBUG;19980;0000000000000000;BaslerControl::openCamera@50;"尝试连接第2台相机..."
2025/05/15;18:53:32.416;DEBUG;19980;0000000000000000;BaslerControl::openCamera@56;"尝试打开第2台Basler相机..."
2025/05/15;18:53:32.557;DEBUG;19980;0000000000000000;BaslerControl::openCamera@58;"已经打开第2台Basler相机"
2025/05/15;18:53:32.581;DEBUG;19980;0000000000000000;BaslerControl::openCamera@71;"第2台Basler相机连接成功"
2025/05/15;18:53:32.581;DEBUG;19980;0000000000000000;BaslerControl::openCamera@50;"尝试连接第3台相机..."
2025/05/15;18:53:32.743;DEBUG;19980;0000000000000000;BaslerControl::openCamera@56;"尝试打开第3台Basler相机..."
2025/05/15;18:53:32.869;DEBUG;19980;0000000000000000;BaslerControl::openCamera@58;"已经打开第3台Basler相机"
2025/05/15;18:53:32.895;DEBUG;19980;0000000000000000;BaslerControl::openCamera@71;"第3台Basler相机连接成功"
2025/05/15;18:59:21.066;ERROR;19980;0000000000000000;BaslerControl::openCamera@184;"采图失败，退出采图程序。"
2025/05/15;18:59:21.420;DEBUG;42952;0000000000000000;BaslerControl::closeCamera@202;"Basler相机断开连接"
2025/05/15;18:59:25.260;DEBUG;29792;0000000000000000;BaslerControl::openCamera@34;"正在连接Basler相机... ..."
2025/05/15;18:59:25.530;DEBUG;29792;0000000000000000;BaslerControl::openCamera@50;"尝试连接第1台相机..."
2025/05/15;18:59:25.805;DEBUG;29792;0000000000000000;BaslerControl::openCamera@56;"尝试打开第1台Basler相机..."
2025/05/15;18:59:25.936;DEBUG;29792;0000000000000000;BaslerControl::openCamera@58;"已经打开第1台Basler相机"
2025/05/15;18:59:25.952;DEBUG;29792;0000000000000000;BaslerControl::openCamera@71;"第1台Basler相机连接成功"
2025/05/15;18:59:25.952;DEBUG;29792;0000000000000000;BaslerControl::openCamera@50;"尝试连接第2台相机..."
2025/05/15;18:59:26.112;DEBUG;29792;0000000000000000;BaslerControl::openCamera@56;"尝试打开第2台Basler相机..."
2025/05/15;18:59:26.236;DEBUG;29792;0000000000000000;BaslerControl::openCamera@58;"已经打开第2台Basler相机"
2025/05/15;18:59:26.259;DEBUG;29792;0000000000000000;BaslerControl::openCamera@71;"第2台Basler相机连接成功"
2025/05/15;18:59:26.259;DEBUG;29792;0000000000000000;BaslerControl::openCamera@50;"尝试连接第3台相机..."
2025/05/15;18:59:26.423;DEBUG;29792;0000000000000000;BaslerControl::openCamera@56;"尝试打开第3台Basler相机..."
2025/05/15;18:59:26.547;DEBUG;29792;0000000000000000;BaslerControl::openCamera@58;"已经打开第3台Basler相机"
2025/05/15;18:59:26.569;DEBUG;29792;0000000000000000;BaslerControl::openCamera@71;"第3台Basler相机连接成功"
2025/05/15;19:03:19.333;DEBUG;17288;0000000000000000;BaslerControl::closeCamera@202;"Basler相机断开连接"
2025/05/15;19:03:24.576;DEBUG;20468;0000000000000000;BaslerControl::openCamera@34;"正在连接Basler相机... ..."
2025/05/15;19:03:24.844;DEBUG;20468;0000000000000000;BaslerControl::openCamera@50;"尝试连接第1台相机..."
2025/05/15;19:03:25.019;DEBUG;20468;0000000000000000;BaslerControl::openCamera@56;"尝试打开第1台Basler相机..."
2025/05/15;19:03:25.104;DEBUG;20468;0000000000000000;BaslerControl::openCamera@58;"已经打开第1台Basler相机"
2025/05/15;19:03:25.120;DEBUG;20468;0000000000000000;BaslerControl::openCamera@71;"第1台Basler相机连接成功"
2025/05/15;19:03:25.121;DEBUG;20468;0000000000000000;BaslerControl::openCamera@50;"尝试连接第2台相机..."
2025/05/15;19:03:25.278;DEBUG;20468;0000000000000000;BaslerControl::openCamera@56;"尝试打开第2台Basler相机..."
2025/05/15;19:03:25.399;DEBUG;20468;0000000000000000;BaslerControl::openCamera@58;"已经打开第2台Basler相机"
2025/05/15;19:03:25.423;DEBUG;20468;0000000000000000;BaslerControl::openCamera@71;"第2台Basler相机连接成功"
2025/05/15;19:03:25.423;DEBUG;20468;0000000000000000;BaslerControl::openCamera@50;"尝试连接第3台相机..."
2025/05/15;19:03:25.584;DEBUG;20468;0000000000000000;BaslerControl::openCamera@56;"尝试打开第3台Basler相机..."
2025/05/15;19:03:25.723;DEBUG;20468;0000000000000000;BaslerControl::openCamera@58;"已经打开第3台Basler相机"
2025/05/15;19:03:25.745;DEBUG;20468;0000000000000000;BaslerControl::openCamera@71;"第3台Basler相机连接成功"
2025/05/15;19:09:53.166;ERROR;20468;0000000000000000;BaslerControl::openCamera@184;"采图失败，退出采图程序。"
2025/05/15;19:09:53.319;DEBUG;26568;0000000000000000;BaslerControl::closeCamera@202;"Basler相机断开连接"
2025/05/15;19:09:57.077;DEBUG;24028;0000000000000000;BaslerControl::openCamera@34;"正在连接Basler相机... ..."
2025/05/15;19:09:57.346;DEBUG;24028;0000000000000000;BaslerControl::openCamera@50;"尝试连接第1台相机..."
2025/05/15;19:09:57.621;DEBUG;24028;0000000000000000;BaslerControl::openCamera@56;"尝试打开第1台Basler相机..."
2025/05/15;19:09:58.249;DEBUG;24028;0000000000000000;BaslerControl::openCamera@58;"已经打开第1台Basler相机"
2025/05/15;19:09:58.266;DEBUG;24028;0000000000000000;BaslerControl::openCamera@71;"第1台Basler相机连接成功"
2025/05/15;19:09:58.266;DEBUG;24028;0000000000000000;BaslerControl::openCamera@50;"尝试连接第2台相机..."
2025/05/15;19:09:58.426;DEBUG;24028;0000000000000000;BaslerControl::openCamera@56;"尝试打开第2台Basler相机..."
2025/05/15;19:09:58.546;DEBUG;24028;0000000000000000;BaslerControl::openCamera@58;"已经打开第2台Basler相机"
2025/05/15;19:09:58.568;DEBUG;24028;0000000000000000;BaslerControl::openCamera@71;"第2台Basler相机连接成功"
2025/05/15;19:09:58.569;DEBUG;24028;0000000000000000;BaslerControl::openCamera@50;"尝试连接第3台相机..."
2025/05/15;19:09:58.719;DEBUG;24028;0000000000000000;BaslerControl::openCamera@56;"尝试打开第3台Basler相机..."
2025/05/15;19:09:58.843;DEBUG;24028;0000000000000000;BaslerControl::openCamera@58;"已经打开第3台Basler相机"
2025/05/15;19:09:58.865;DEBUG;24028;0000000000000000;BaslerControl::openCamera@71;"第3台Basler相机连接成功"
2025/05/15;19:10:49.652;DEBUG;31116;0000000000000000;BaslerControl::closeCamera@202;"Basler相机断开连接"
2025/05/15;19:10:54.796;DEBUG;39912;0000000000000000;BaslerControl::openCamera@34;"正在连接Basler相机... ..."
2025/05/15;19:10:55.065;DEBUG;39912;0000000000000000;BaslerControl::openCamera@50;"尝试连接第1台相机..."
2025/05/15;19:10:55.354;DEBUG;39912;0000000000000000;BaslerControl::openCamera@56;"尝试打开第1台Basler相机..."
2025/05/15;19:10:55.979;DEBUG;39912;0000000000000000;BaslerControl::openCamera@58;"已经打开第1台Basler相机"
2025/05/15;19:10:55.996;DEBUG;39912;0000000000000000;BaslerControl::openCamera@71;"第1台Basler相机连接成功"
2025/05/15;19:10:55.996;DEBUG;39912;0000000000000000;BaslerControl::openCamera@50;"尝试连接第2台相机..."
2025/05/15;19:10:56.156;DEBUG;39912;0000000000000000;BaslerControl::openCamera@56;"尝试打开第2台Basler相机..."
2025/05/15;19:10:56.277;DEBUG;39912;0000000000000000;BaslerControl::openCamera@58;"已经打开第2台Basler相机"
2025/05/15;19:10:56.299;DEBUG;39912;0000000000000000;BaslerControl::openCamera@71;"第2台Basler相机连接成功"
2025/05/15;19:10:56.299;DEBUG;39912;0000000000000000;BaslerControl::openCamera@50;"尝试连接第3台相机..."
2025/05/15;19:10:56.449;DEBUG;39912;0000000000000000;BaslerControl::openCamera@56;"尝试打开第3台Basler相机..."
2025/05/15;19:10:56.576;DEBUG;39912;0000000000000000;BaslerControl::openCamera@58;"已经打开第3台Basler相机"
2025/05/15;19:10:56.599;DEBUG;39912;0000000000000000;BaslerControl::openCamera@71;"第3台Basler相机连接成功"
2025/05/15;19:21:31.329;ERROR;39912;0000000000000000;BaslerControl::openCamera@184;"采图失败，退出采图程序。"
2025/05/15;19:21:31.436;DEBUG;15012;0000000000000000;BaslerControl::closeCamera@202;"Basler相机断开连接"
2025/05/15;19:21:36.052;DEBUG;19328;0000000000000000;BaslerControl::openCamera@34;"正在连接Basler相机... ..."
2025/05/15;19:21:36.323;DEBUG;19328;0000000000000000;BaslerControl::openCamera@50;"尝试连接第1台相机..."
2025/05/15;19:21:36.551;DEBUG;19328;0000000000000000;BaslerControl::openCamera@56;"尝试打开第1台Basler相机..."
2025/05/15;19:21:36.633;DEBUG;19328;0000000000000000;BaslerControl::openCamera@58;"已经打开第1台Basler相机"
2025/05/15;19:21:36.649;DEBUG;19328;0000000000000000;BaslerControl::openCamera@71;"第1台Basler相机连接成功"
2025/05/15;19:21:36.649;DEBUG;19328;0000000000000000;BaslerControl::openCamera@50;"尝试连接第2台相机..."
2025/05/15;19:21:36.793;DEBUG;19328;0000000000000000;BaslerControl::openCamera@56;"尝试打开第2台Basler相机..."
2025/05/15;19:21:36.917;DEBUG;19328;0000000000000000;BaslerControl::openCamera@58;"已经打开第2台Basler相机"
2025/05/15;19:21:36.939;DEBUG;19328;0000000000000000;BaslerControl::openCamera@71;"第2台Basler相机连接成功"
2025/05/15;19:21:36.939;DEBUG;19328;0000000000000000;BaslerControl::openCamera@50;"尝试连接第3台相机..."
2025/05/15;19:21:37.099;DEBUG;19328;0000000000000000;BaslerControl::openCamera@56;"尝试打开第3台Basler相机..."
2025/05/15;19:21:37.224;DEBUG;19328;0000000000000000;BaslerControl::openCamera@58;"已经打开第3台Basler相机"
2025/05/15;19:21:37.246;DEBUG;19328;0000000000000000;BaslerControl::openCamera@71;"第3台Basler相机连接成功"
2025/05/15;19:24:59.472;DEBUG;21708;0000000000000000;BaslerControl::closeCamera@202;"Basler相机断开连接"
2025/05/15;19:25:04.595;DEBUG;44636;0000000000000000;BaslerControl::openCamera@34;"正在连接Basler相机... ..."
2025/05/15;19:25:04.864;DEBUG;44636;0000000000000000;BaslerControl::openCamera@50;"尝试连接第1台相机..."
2025/05/15;19:25:05.107;DEBUG;44636;0000000000000000;BaslerControl::openCamera@56;"尝试打开第1台Basler相机..."
2025/05/15;19:25:05.204;DEBUG;44636;0000000000000000;BaslerControl::openCamera@58;"已经打开第1台Basler相机"
2025/05/15;19:25:05.220;DEBUG;44636;0000000000000000;BaslerControl::openCamera@71;"第1台Basler相机连接成功"
2025/05/15;19:25:05.220;DEBUG;44636;0000000000000000;BaslerControl::openCamera@50;"尝试连接第2台相机..."
2025/05/15;19:25:05.377;DEBUG;44636;0000000000000000;BaslerControl::openCamera@56;"尝试打开第2台Basler相机..."
2025/05/15;19:25:05.502;DEBUG;44636;0000000000000000;BaslerControl::openCamera@58;"已经打开第2台Basler相机"
2025/05/15;19:25:05.523;DEBUG;44636;0000000000000000;BaslerControl::openCamera@71;"第2台Basler相机连接成功"
2025/05/15;19:25:05.523;DEBUG;44636;0000000000000000;BaslerControl::openCamera@50;"尝试连接第3台相机..."
2025/05/15;19:25:05.688;DEBUG;44636;0000000000000000;BaslerControl::openCamera@56;"尝试打开第3台Basler相机..."
2025/05/15;19:25:05.813;DEBUG;44636;0000000000000000;BaslerControl::openCamera@58;"已经打开第3台Basler相机"
2025/05/15;19:25:05.835;DEBUG;44636;0000000000000000;BaslerControl::openCamera@71;"第3台Basler相机连接成功"
2025/05/15;19:37:31.433;DEBUG;41240;0000000000000000;BaslerControl::closeCamera@202;"Basler相机断开连接"
2025/05/15;19:37:36.476;DEBUG;16968;0000000000000000;BaslerControl::openCamera@34;"正在连接Basler相机... ..."
2025/05/15;19:37:36.747;DEBUG;16968;0000000000000000;BaslerControl::openCamera@50;"尝试连接第1台相机..."
2025/05/15;19:37:37.022;DEBUG;16968;0000000000000000;BaslerControl::openCamera@56;"尝试打开第1台Basler相机..."
2025/05/15;19:37:37.117;DEBUG;16968;0000000000000000;BaslerControl::openCamera@58;"已经打开第1台Basler相机"
2025/05/15;19:37:37.133;DEBUG;16968;0000000000000000;BaslerControl::openCamera@71;"第1台Basler相机连接成功"
2025/05/15;19:37:37.133;DEBUG;16968;0000000000000000;BaslerControl::openCamera@50;"尝试连接第2台相机..."
2025/05/15;19:37:37.279;DEBUG;16968;0000000000000000;BaslerControl::openCamera@56;"尝试打开第2台Basler相机..."
2025/05/15;19:37:37.400;DEBUG;16968;0000000000000000;BaslerControl::openCamera@58;"已经打开第2台Basler相机"
2025/05/15;19:37:37.422;DEBUG;16968;0000000000000000;BaslerControl::openCamera@71;"第2台Basler相机连接成功"
2025/05/15;19:37:37.422;DEBUG;16968;0000000000000000;BaslerControl::openCamera@50;"尝试连接第3台相机..."
2025/05/15;19:37:37.590;DEBUG;16968;0000000000000000;BaslerControl::openCamera@56;"尝试打开第3台Basler相机..."
2025/05/15;19:37:37.730;DEBUG;16968;0000000000000000;BaslerControl::openCamera@58;"已经打开第3台Basler相机"
2025/05/15;19:37:37.754;DEBUG;16968;0000000000000000;BaslerControl::openCamera@71;"第3台Basler相机连接成功"
2025/05/15;19:54:52.472;ERROR;16968;0000000000000000;BaslerControl::openCamera@184;"采图失败，退出采图程序。"
2025/05/15;19:54:52.778;DEBUG;34568;0000000000000000;BaslerControl::closeCamera@202;"Basler相机断开连接"
2025/05/15;19:54:57.869;DEBUG;11932;0000000000000000;BaslerControl::openCamera@34;"正在连接Basler相机... ..."
2025/05/15;19:54:58.139;DEBUG;11932;0000000000000000;BaslerControl::openCamera@50;"尝试连接第1台相机..."
2025/05/15;19:54:58.422;DEBUG;11932;0000000000000000;BaslerControl::openCamera@56;"尝试打开第1台Basler相机..."
2025/05/15;19:54:59.047;DEBUG;11932;0000000000000000;BaslerControl::openCamera@58;"已经打开第1台Basler相机"
2025/05/15;19:54:59.065;DEBUG;11932;0000000000000000;BaslerControl::openCamera@71;"第1台Basler相机连接成功"
2025/05/15;19:54:59.065;DEBUG;11932;0000000000000000;BaslerControl::openCamera@50;"尝试连接第2台相机..."
2025/05/15;19:54:59.219;DEBUG;11932;0000000000000000;BaslerControl::openCamera@56;"尝试打开第2台Basler相机..."
2025/05/15;19:54:59.343;DEBUG;11932;0000000000000000;BaslerControl::openCamera@58;"已经打开第2台Basler相机"
2025/05/15;19:54:59.365;DEBUG;11932;0000000000000000;BaslerControl::openCamera@71;"第2台Basler相机连接成功"
2025/05/15;19:54:59.365;DEBUG;11932;0000000000000000;BaslerControl::openCamera@50;"尝试连接第3台相机..."
2025/05/15;19:54:59.528;DEBUG;11932;0000000000000000;BaslerControl::openCamera@56;"尝试打开第3台Basler相机..."
2025/05/15;19:54:59.652;DEBUG;11932;0000000000000000;BaslerControl::openCamera@58;"已经打开第3台Basler相机"
2025/05/15;19:54:59.674;DEBUG;11932;0000000000000000;BaslerControl::openCamera@71;"第3台Basler相机连接成功"
2025/05/15;20:48:39.964;DEBUG;13708;0000000000000000;BaslerControl::closeCamera@202;"Basler相机断开连接"
2025/05/15;20:48:44.404;DEBUG;30208;0000000000000000;BaslerControl::openCamera@34;"正在连接Basler相机... ..."
2025/05/15;20:48:44.675;DEBUG;30208;0000000000000000;BaslerControl::openCamera@50;"尝试连接第1台相机..."
2025/05/15;20:48:44.956;DEBUG;30208;0000000000000000;BaslerControl::openCamera@56;"尝试打开第1台Basler相机..."
2025/05/15;20:48:45.100;DEBUG;30208;0000000000000000;BaslerControl::openCamera@58;"已经打开第1台Basler相机"
2025/05/15;20:48:45.116;DEBUG;30208;0000000000000000;BaslerControl::openCamera@71;"第1台Basler相机连接成功"
2025/05/15;20:48:45.116;DEBUG;30208;0000000000000000;BaslerControl::openCamera@50;"尝试连接第2台相机..."
2025/05/15;20:48:45.277;DEBUG;30208;0000000000000000;BaslerControl::openCamera@56;"尝试打开第2台Basler相机..."
2025/05/15;20:48:45.908;DEBUG;30208;0000000000000000;BaslerControl::openCamera@58;"已经打开第2台Basler相机"
2025/05/15;20:48:45.932;DEBUG;30208;0000000000000000;BaslerControl::openCamera@71;"第2台Basler相机连接成功"
2025/05/15;20:48:45.933;DEBUG;30208;0000000000000000;BaslerControl::openCamera@50;"尝试连接第3台相机..."
2025/05/15;20:48:46.127;DEBUG;30208;0000000000000000;BaslerControl::openCamera@56;"尝试打开第3台Basler相机..."
2025/05/15;20:48:46.267;DEBUG;30208;0000000000000000;BaslerControl::openCamera@58;"已经打开第3台Basler相机"
2025/05/15;20:48:46.292;DEBUG;30208;0000000000000000;BaslerControl::openCamera@71;"第3台Basler相机连接成功"
2025/05/15;20:49:06.450;ERROR;30208;0000000000000000;BaslerControl::openCamera@184;"采图失败，退出采图程序。"
2025/05/15;20:49:06.693;DEBUG;13172;0000000000000000;BaslerControl::closeCamera@202;"Basler相机断开连接"
2025/05/15;21:09:39.883;DEBUG;33104;0000000000000000;BaslerControl::closeCamera@202;"Basler相机断开连接"
2025/05/15;21:09:56.743;DEBUG;46004;0000000000000000;BaslerControl::closeCamera@202;"Basler相机断开连接"
2025/05/15;21:13:38.827;DEBUG;37436;0000000000000000;BaslerControl::openCamera@34;"正在连接Basler相机... ..."
2025/05/15;21:13:39.099;DEBUG;37436;0000000000000000;BaslerControl::openCamera@50;"尝试连接第1台相机..."
2025/05/15;21:13:39.293;DEBUG;37436;0000000000000000;BaslerControl::openCamera@56;"尝试打开第1台Basler相机..."
2025/05/15;21:13:39.376;DEBUG;37436;0000000000000000;BaslerControl::openCamera@58;"已经打开第1台Basler相机"
2025/05/15;21:13:39.392;DEBUG;37436;0000000000000000;BaslerControl::openCamera@71;"第1台Basler相机连接成功"
2025/05/15;21:13:39.392;DEBUG;37436;0000000000000000;BaslerControl::openCamera@50;"尝试连接第2台相机..."
2025/05/15;21:13:39.540;DEBUG;37436;0000000000000000;BaslerControl::openCamera@56;"尝试打开第2台Basler相机..."
2025/05/15;21:13:39.659;DEBUG;37436;0000000000000000;BaslerControl::openCamera@58;"已经打开第2台Basler相机"
2025/05/15;21:13:39.683;DEBUG;37436;0000000000000000;BaslerControl::openCamera@71;"第2台Basler相机连接成功"
2025/05/15;21:13:39.683;DEBUG;37436;0000000000000000;BaslerControl::openCamera@50;"尝试连接第3台相机..."
2025/05/15;21:13:39.849;DEBUG;37436;0000000000000000;BaslerControl::openCamera@56;"尝试打开第3台Basler相机..."
2025/05/15;21:13:39.986;DEBUG;37436;0000000000000000;BaslerControl::openCamera@58;"已经打开第3台Basler相机"
2025/05/15;21:13:40.009;DEBUG;37436;0000000000000000;BaslerControl::openCamera@71;"第3台Basler相机连接成功"
2025/05/15;21:14:09.053;DEBUG;31064;0000000000000000;BaslerControl::closeCamera@202;"Basler相机断开连接"
2025/05/15;21:20:50.151;DEBUG;39004;0000000000000000;BaslerControl::closeCamera@206;"Basler相机断开连接"
2025/05/15;21:34:02.353;DEBUG;10220;0000000000000000;BaslerControl::closeCamera@206;"Basler相机断开连接"
2025/05/15;21:48:16.448;DEBUG;47380;0000000000000000;BaslerControl::closeCamera@206;"Basler相机断开连接"
2025/05/15;21:49:00.876;DEBUG;25824;0000000000000000;BaslerControl::closeCamera@206;"Basler相机断开连接"
2025/05/15;21:50:37.343;DEBUG;25548;0000000000000000;BaslerControl::openCamera@34;"正在连接Basler相机... ..."
2025/05/15;21:50:37.616;DEBUG;25548;0000000000000000;BaslerControl::openCamera@50;"尝试连接第1台相机..."
2025/05/15;21:50:37.898;DEBUG;25548;0000000000000000;BaslerControl::openCamera@56;"尝试打开第1台Basler相机..."
2025/05/15;21:50:38.005;DEBUG;25548;0000000000000000;BaslerControl::openCamera@59;"已经打开第1台Basler相机"
2025/05/15;21:50:38.022;DEBUG;25548;0000000000000000;BaslerControl::openCamera@74;"第1台Basler相机连接成功"
2025/05/15;21:50:38.022;DEBUG;25548;0000000000000000;BaslerControl::openCamera@50;"尝试连接第2台相机..."
2025/05/15;21:50:38.186;DEBUG;25548;0000000000000000;BaslerControl::openCamera@56;"尝试打开第2台Basler相机..."
2025/05/15;21:50:38.318;DEBUG;25548;0000000000000000;BaslerControl::openCamera@59;"已经打开第2台Basler相机"
2025/05/15;21:50:38.343;DEBUG;25548;0000000000000000;BaslerControl::openCamera@74;"第2台Basler相机连接成功"
2025/05/15;21:50:38.343;DEBUG;25548;0000000000000000;BaslerControl::openCamera@50;"尝试连接第3台相机..."
2025/05/15;21:50:38.505;DEBUG;25548;0000000000000000;BaslerControl::openCamera@56;"尝试打开第3台Basler相机..."
2025/05/15;21:50:38.627;DEBUG;25548;0000000000000000;BaslerControl::openCamera@59;"已经打开第3台Basler相机"
2025/05/15;21:50:38.651;DEBUG;25548;0000000000000000;BaslerControl::openCamera@74;"第3台Basler相机连接成功"
2025/05/15;21:50:49.181;ERROR;25548;0000000000000000;BaslerControl::openCamera@188;"采图失败，退出采图程序。"
2025/05/15;21:50:49.546;DEBUG;33240;0000000000000000;BaslerControl::closeCamera@206;"Basler相机断开连接"
2025/05/15;21:52:44.201;DEBUG;47500;0000000000000000;BaslerControl::closeCamera@206;"Basler相机断开连接"
2025/05/16;09:04:09.997;DEBUG;35256;0000000000000000;BaslerControl::closeCamera@206;"Basler相机断开连接"
2025/05/16;09:20:50.112;DEBUG;32308;0000000000000000;BaslerControl::closeCamera@206;"Basler相机断开连接"
2025/05/16;09:20:58.178;DEBUG;38800;0000000000000000;BaslerControl::closeCamera@206;"Basler相机断开连接"
2025/05/16;10:17:51.478;DEBUG;20156;0000000000000000;BaslerControl::closeCamera@206;"Basler相机断开连接"
2025/05/16;10:18:33.981;DEBUG;11444;0000000000000000;BaslerControl::closeCamera@206;"Basler相机断开连接"
2025/05/16;10:19:27.919;DEBUG;11824;0000000000000000;BaslerControl::closeCamera@206;"Basler相机断开连接"
2025/05/16;10:36:48.620;DEBUG;46208;0000000000000000;BaslerControl::closeCamera@206;"Basler相机断开连接"
2025/05/16;10:40:56.246;DEBUG;36288;0000000000000000;BaslerControl::closeCamera@206;"Basler相机断开连接"
2025/05/16;10:45:37.766;DEBUG;14500;0000000000000000;BaslerControl::closeCamera@206;"Basler相机断开连接"
2025/05/16;10:49:25.078;DEBUG;16372;0000000000000000;BaslerControl::closeCamera@206;"Basler相机断开连接"
2025/05/16;10:55:26.890;DEBUG;31968;0000000000000000;BaslerControl::closeCamera@206;"Basler相机断开连接"
2025/05/16;11:24:57.586;DEBUG;39556;0000000000000000;BaslerControl::closeCamera@206;"Basler相机断开连接"
2025/05/16;11:32:19.178;DEBUG;21744;0000000000000000;BaslerControl::closeCamera@206;"Basler相机断开连接"
2025/05/16;14:50:52.255;DEBUG;25848;0000000000000000;BaslerControl::openCamera@34;"正在连接Basler相机... ..."
2025/05/16;14:50:52.556;DEBUG;25848;0000000000000000;BaslerControl::openCamera@50;"尝试连接第1台相机..."
2025/05/16;14:50:52.857;DEBUG;25848;0000000000000000;BaslerControl::openCamera@56;"尝试打开第1台Basler相机..."
2025/05/16;14:50:52.947;DEBUG;25848;0000000000000000;BaslerControl::openCamera@59;"已经打开第1台Basler相机"
2025/05/16;14:50:52.967;DEBUG;25848;0000000000000000;BaslerControl::openCamera@74;"第1台Basler相机连接成功"
2025/05/16;14:50:52.967;DEBUG;25848;0000000000000000;BaslerControl::openCamera@50;"尝试连接第2台相机..."
2025/05/16;14:50:53.123;DEBUG;25848;0000000000000000;BaslerControl::openCamera@56;"尝试打开第2台Basler相机..."
2025/05/16;14:50:53.250;DEBUG;25848;0000000000000000;BaslerControl::openCamera@59;"已经打开第2台Basler相机"
2025/05/16;14:50:53.275;DEBUG;25848;0000000000000000;BaslerControl::openCamera@74;"第2台Basler相机连接成功"
2025/05/16;14:50:53.276;DEBUG;25848;0000000000000000;BaslerControl::openCamera@50;"尝试连接第3台相机..."
2025/05/16;14:50:53.435;DEBUG;25848;0000000000000000;BaslerControl::openCamera@56;"尝试打开第3台Basler相机..."
2025/05/16;14:50:53.569;DEBUG;25848;0000000000000000;BaslerControl::openCamera@59;"已经打开第3台Basler相机"
2025/05/16;14:50:53.594;DEBUG;25848;0000000000000000;BaslerControl::openCamera@74;"第3台Basler相机连接成功"
2025/05/16;14:51:26.962;DEBUG;2364;0000000000000000;BaslerControl::closeCamera@206;"Basler相机断开连接"
2025/05/16;14:53:21.346;DEBUG;31076;0000000000000000;BaslerControl::openCamera@34;"正在连接Basler相机... ..."
2025/05/16;14:53:21.620;DEBUG;31076;0000000000000000;BaslerControl::openCamera@50;"尝试连接第1台相机..."
2025/05/16;14:53:21.825;DEBUG;31076;0000000000000000;BaslerControl::openCamera@56;"尝试打开第1台Basler相机..."
2025/05/16;14:53:21.908;DEBUG;31076;0000000000000000;BaslerControl::openCamera@59;"已经打开第1台Basler相机"
2025/05/16;14:53:21.924;DEBUG;31076;0000000000000000;BaslerControl::openCamera@74;"第1台Basler相机连接成功"
2025/05/16;14:53:21.925;DEBUG;31076;0000000000000000;BaslerControl::openCamera@50;"尝试连接第2台相机..."
2025/05/16;14:53:22.080;DEBUG;31076;0000000000000000;BaslerControl::openCamera@56;"尝试打开第2台Basler相机..."
2025/05/16;14:53:22.204;DEBUG;31076;0000000000000000;BaslerControl::openCamera@59;"已经打开第2台Basler相机"
2025/05/16;14:53:22.226;DEBUG;31076;0000000000000000;BaslerControl::openCamera@74;"第2台Basler相机连接成功"
2025/05/16;14:53:22.226;DEBUG;31076;0000000000000000;BaslerControl::openCamera@50;"尝试连接第3台相机..."
2025/05/16;14:53:22.389;DEBUG;31076;0000000000000000;BaslerControl::openCamera@56;"尝试打开第3台Basler相机..."
2025/05/16;14:53:22.527;DEBUG;31076;0000000000000000;BaslerControl::openCamera@59;"已经打开第3台Basler相机"
2025/05/16;14:53:22.550;DEBUG;31076;0000000000000000;BaslerControl::openCamera@74;"第3台Basler相机连接成功"
2025/05/16;14:53:39.841;DEBUG;9692;0000000000000000;BaslerControl::closeCamera@206;"Basler相机断开连接"
2025/05/16;14:54:25.096;DEBUG;3524;0000000000000000;BaslerControl::openCamera@34;"正在连接Basler相机... ..."
2025/05/16;14:54:25.365;DEBUG;3524;0000000000000000;BaslerControl::openCamera@50;"尝试连接第1台相机..."
2025/05/16;14:54:25.636;DEBUG;3524;0000000000000000;BaslerControl::openCamera@56;"尝试打开第1台Basler相机..."
2025/05/16;14:54:25.717;DEBUG;3524;0000000000000000;BaslerControl::openCamera@59;"已经打开第1台Basler相机"
2025/05/16;14:54:25.733;DEBUG;3524;0000000000000000;BaslerControl::openCamera@74;"第1台Basler相机连接成功"
2025/05/16;14:54:25.733;DEBUG;3524;0000000000000000;BaslerControl::openCamera@50;"尝试连接第2台相机..."
2025/05/16;14:54:25.878;DEBUG;3524;0000000000000000;BaslerControl::openCamera@56;"尝试打开第2台Basler相机..."
2025/05/16;14:54:25.998;DEBUG;3524;0000000000000000;BaslerControl::openCamera@59;"已经打开第2台Basler相机"
2025/05/16;14:54:26.038;DEBUG;3524;0000000000000000;BaslerControl::openCamera@74;"第2台Basler相机连接成功"
2025/05/16;14:54:26.038;DEBUG;3524;0000000000000000;BaslerControl::openCamera@50;"尝试连接第3台相机..."
2025/05/16;14:54:26.188;DEBUG;3524;0000000000000000;BaslerControl::openCamera@56;"尝试打开第3台Basler相机..."
2025/05/16;14:54:26.314;DEBUG;3524;0000000000000000;BaslerControl::openCamera@59;"已经打开第3台Basler相机"
2025/05/16;14:54:26.336;DEBUG;3524;0000000000000000;BaslerControl::openCamera@74;"第3台Basler相机连接成功"
2025/05/16;14:54:28.421;DEBUG;28872;0000000000000000;BaslerControl::closeCamera@206;"Basler相机断开连接"
2025/05/16;14:54:51.820;DEBUG;1796;0000000000000000;BaslerControl::openCamera@34;"正在连接Basler相机... ..."
2025/05/16;14:54:52.091;DEBUG;1796;0000000000000000;BaslerControl::openCamera@50;"尝试连接第1台相机..."
2025/05/16;14:54:52.287;DEBUG;1796;0000000000000000;BaslerControl::openCamera@56;"尝试打开第1台Basler相机..."
2025/05/16;14:54:52.368;DEBUG;1796;0000000000000000;BaslerControl::openCamera@59;"已经打开第1台Basler相机"
2025/05/16;14:54:52.384;DEBUG;1796;0000000000000000;BaslerControl::openCamera@74;"第1台Basler相机连接成功"
2025/05/16;14:54:52.384;DEBUG;1796;0000000000000000;BaslerControl::openCamera@50;"尝试连接第2台相机..."
2025/05/16;14:54:52.532;DEBUG;1796;0000000000000000;BaslerControl::openCamera@56;"尝试打开第2台Basler相机..."
2025/05/16;14:54:52.672;DEBUG;1796;0000000000000000;BaslerControl::openCamera@59;"已经打开第2台Basler相机"
2025/05/16;14:54:52.697;DEBUG;1796;0000000000000000;BaslerControl::openCamera@74;"第2台Basler相机连接成功"
2025/05/16;14:54:52.697;DEBUG;1796;0000000000000000;BaslerControl::openCamera@50;"尝试连接第3台相机..."
2025/05/16;14:54:52.858;DEBUG;1796;0000000000000000;BaslerControl::openCamera@56;"尝试打开第3台Basler相机..."
2025/05/16;14:54:52.983;DEBUG;1796;0000000000000000;BaslerControl::openCamera@59;"已经打开第3台Basler相机"
2025/05/16;14:54:53.005;DEBUG;1796;0000000000000000;BaslerControl::openCamera@74;"第3台Basler相机连接成功"
2025/05/16;14:55:12.345;DEBUG;1796;0000000000000000;BaslerControl::closeCamera@206;"Basler相机断开连接"
2025/05/16;14:55:16.045;DEBUG;11692;0000000000000000;BaslerControl::closeCamera@206;"Basler相机断开连接"
2025/05/16;14:56:46.445;DEBUG;19732;0000000000000000;BaslerControl::closeCamera@206;"Basler相机断开连接"
2025/05/16;15:02:00.333;DEBUG;23832;0000000000000000;BaslerControl::openCamera@34;"正在连接Basler相机... ..."
2025/05/16;15:02:00.602;DEBUG;23832;0000000000000000;BaslerControl::openCamera@50;"尝试连接第1台相机..."
2025/05/16;15:02:00.887;DEBUG;23832;0000000000000000;BaslerControl::openCamera@56;"尝试打开第1台Basler相机..."
2025/05/16;15:02:00.982;DEBUG;23832;0000000000000000;BaslerControl::openCamera@59;"已经打开第1台Basler相机"
2025/05/16;15:02:00.998;DEBUG;23832;0000000000000000;BaslerControl::openCamera@74;"第1台Basler相机连接成功"
2025/05/16;15:02:00.998;DEBUG;23832;0000000000000000;BaslerControl::openCamera@50;"尝试连接第2台相机..."
2025/05/16;15:02:01.149;DEBUG;23832;0000000000000000;BaslerControl::openCamera@56;"尝试打开第2台Basler相机..."
2025/05/16;15:02:01.281;DEBUG;23832;0000000000000000;BaslerControl::openCamera@59;"已经打开第2台Basler相机"
2025/05/16;15:02:01.305;DEBUG;23832;0000000000000000;BaslerControl::openCamera@74;"第2台Basler相机连接成功"
2025/05/16;15:02:01.305;DEBUG;23832;0000000000000000;BaslerControl::openCamera@50;"尝试连接第3台相机..."
2025/05/16;15:02:01.467;DEBUG;23832;0000000000000000;BaslerControl::openCamera@56;"尝试打开第3台Basler相机..."
2025/05/16;15:02:01.592;DEBUG;23832;0000000000000000;BaslerControl::openCamera@59;"已经打开第3台Basler相机"
2025/05/16;15:02:01.615;DEBUG;23832;0000000000000000;BaslerControl::openCamera@74;"第3台Basler相机连接成功"
2025/05/16;15:02:03.156;DEBUG;23832;0000000000000000;BaslerControl::closeCamera@206;"Basler相机断开连接"
2025/05/16;15:02:04.904;DEBUG;23832;0000000000000000;BaslerControl::openCamera@34;"正在连接Basler相机... ..."
2025/05/16;15:02:05.171;DEBUG;23832;0000000000000000;BaslerControl::openCamera@50;"尝试连接第1台相机..."
2025/05/16;15:02:05.446;DEBUG;23832;0000000000000000;BaslerControl::openCamera@56;"尝试打开第1台Basler相机..."
2025/05/16;15:02:05.561;DEBUG;23832;0000000000000000;BaslerControl::openCamera@59;"已经打开第1台Basler相机"
2025/05/16;15:02:05.577;DEBUG;23832;0000000000000000;BaslerControl::openCamera@74;"第1台Basler相机连接成功"
2025/05/16;15:02:05.577;DEBUG;23832;0000000000000000;BaslerControl::openCamera@50;"尝试连接第2台相机..."
2025/05/16;15:02:05.721;DEBUG;23832;0000000000000000;BaslerControl::openCamera@56;"尝试打开第2台Basler相机..."
2025/05/16;15:02:05.847;DEBUG;23832;0000000000000000;BaslerControl::openCamera@59;"已经打开第2台Basler相机"
2025/05/16;15:02:05.870;DEBUG;23832;0000000000000000;BaslerControl::openCamera@74;"第2台Basler相机连接成功"
2025/05/16;15:02:05.870;DEBUG;23832;0000000000000000;BaslerControl::openCamera@50;"尝试连接第3台相机..."
2025/05/16;15:02:06.020;DEBUG;23832;0000000000000000;BaslerControl::openCamera@56;"尝试打开第3台Basler相机..."
2025/05/16;15:02:06.147;DEBUG;23832;0000000000000000;BaslerControl::openCamera@59;"已经打开第3台Basler相机"
2025/05/16;15:02:06.171;DEBUG;23832;0000000000000000;BaslerControl::openCamera@74;"第3台Basler相机连接成功"
2025/05/16;15:02:07.541;DEBUG;23832;0000000000000000;BaslerControl::closeCamera@206;"Basler相机断开连接"
2025/05/16;15:02:08.143;DEBUG;23832;0000000000000000;BaslerControl::openCamera@34;"正在连接Basler相机... ..."
2025/05/16;15:02:08.411;DEBUG;23832;0000000000000000;BaslerControl::openCamera@50;"尝试连接第1台相机..."
2025/05/16;15:02:08.553;DEBUG;23832;0000000000000000;BaslerControl::openCamera@56;"尝试打开第1台Basler相机..."
2025/05/16;15:02:08.638;DEBUG;23832;0000000000000000;BaslerControl::openCamera@59;"已经打开第1台Basler相机"
2025/05/16;15:02:08.655;DEBUG;23832;0000000000000000;BaslerControl::openCamera@74;"第1台Basler相机连接成功"
2025/05/16;15:02:08.655;DEBUG;23832;0000000000000000;BaslerControl::openCamera@50;"尝试连接第2台相机..."
2025/05/16;15:02:08.811;DEBUG;23832;0000000000000000;BaslerControl::openCamera@56;"尝试打开第2台Basler相机..."
2025/05/16;15:02:08.938;DEBUG;23832;0000000000000000;BaslerControl::openCamera@59;"已经打开第2台Basler相机"
2025/05/16;15:02:08.962;DEBUG;23832;0000000000000000;BaslerControl::openCamera@74;"第2台Basler相机连接成功"
2025/05/16;15:02:08.962;DEBUG;23832;0000000000000000;BaslerControl::openCamera@50;"尝试连接第3台相机..."
2025/05/16;15:02:09.124;DEBUG;23832;0000000000000000;BaslerControl::openCamera@56;"尝试打开第3台Basler相机..."
2025/05/16;15:02:09.249;DEBUG;23832;0000000000000000;BaslerControl::openCamera@59;"已经打开第3台Basler相机"
2025/05/16;15:02:09.272;DEBUG;23832;0000000000000000;BaslerControl::openCamera@74;"第3台Basler相机连接成功"
2025/05/16;15:02:10.296;DEBUG;23832;0000000000000000;BaslerControl::closeCamera@206;"Basler相机断开连接"
2025/05/16;15:02:11.056;DEBUG;23832;0000000000000000;BaslerControl::openCamera@34;"正在连接Basler相机... ..."
2025/05/16;15:02:11.325;DEBUG;23832;0000000000000000;BaslerControl::openCamera@50;"尝试连接第1台相机..."
2025/05/16;15:02:11.451;DEBUG;23832;0000000000000000;BaslerControl::openCamera@56;"尝试打开第1台Basler相机..."
2025/05/16;15:02:12.034;DEBUG;23832;0000000000000000;BaslerControl::openCamera@59;"已经打开第1台Basler相机"
2025/05/16;15:02:12.050;DEBUG;23832;0000000000000000;BaslerControl::openCamera@74;"第1台Basler相机连接成功"
2025/05/16;15:02:12.051;DEBUG;23832;0000000000000000;BaslerControl::openCamera@50;"尝试连接第2台相机..."
2025/05/16;15:02:12.211;DEBUG;23832;0000000000000000;BaslerControl::openCamera@56;"尝试打开第2台Basler相机..."
2025/05/16;15:02:12.336;DEBUG;23832;0000000000000000;BaslerControl::openCamera@59;"已经打开第2台Basler相机"
2025/05/16;15:02:12.360;DEBUG;23832;0000000000000000;BaslerControl::openCamera@74;"第2台Basler相机连接成功"
2025/05/16;15:02:12.360;DEBUG;23832;0000000000000000;BaslerControl::openCamera@50;"尝试连接第3台相机..."
2025/05/16;15:02:12.507;DEBUG;23832;0000000000000000;BaslerControl::openCamera@56;"尝试打开第3台Basler相机..."
2025/05/16;15:02:12.631;DEBUG;23832;0000000000000000;BaslerControl::openCamera@59;"已经打开第3台Basler相机"
2025/05/16;15:02:12.653;DEBUG;23832;0000000000000000;BaslerControl::openCamera@74;"第3台Basler相机连接成功"
2025/05/16;15:02:53.320;ERROR;23832;0000000000000000;BaslerControl::openCamera@188;"采图失败，退出采图程序。"
2025/05/16;15:02:53.609;DEBUG;3704;0000000000000000;BaslerControl::closeCamera@206;"Basler相机断开连接"
2025/05/16;15:03:44.152;DEBUG;11620;0000000000000000;BaslerControl::openCamera@34;"正在连接Basler相机... ..."
2025/05/16;15:03:44.422;DEBUG;11620;0000000000000000;BaslerControl::openCamera@50;"尝试连接第1台相机..."
2025/05/16;15:03:44.637;DEBUG;11620;0000000000000000;BaslerControl::openCamera@56;"尝试打开第1台Basler相机..."
2025/05/16;15:03:44.719;DEBUG;11620;0000000000000000;BaslerControl::openCamera@59;"已经打开第1台Basler相机"
2025/05/16;15:03:44.736;DEBUG;11620;0000000000000000;BaslerControl::openCamera@74;"第1台Basler相机连接成功"
2025/05/16;15:03:44.736;DEBUG;11620;0000000000000000;BaslerControl::openCamera@50;"尝试连接第2台相机..."
2025/05/16;15:03:44.885;DEBUG;11620;0000000000000000;BaslerControl::openCamera@56;"尝试打开第2台Basler相机..."
2025/05/16;15:03:45.006;DEBUG;11620;0000000000000000;BaslerControl::openCamera@59;"已经打开第2台Basler相机"
2025/05/16;15:03:45.029;DEBUG;11620;0000000000000000;BaslerControl::openCamera@74;"第2台Basler相机连接成功"
2025/05/16;15:03:45.029;DEBUG;11620;0000000000000000;BaslerControl::openCamera@50;"尝试连接第3台相机..."
2025/05/16;15:03:45.189;DEBUG;11620;0000000000000000;BaslerControl::openCamera@56;"尝试打开第3台Basler相机..."
2025/05/16;15:03:45.315;DEBUG;11620;0000000000000000;BaslerControl::openCamera@59;"已经打开第3台Basler相机"
2025/05/16;15:03:45.336;DEBUG;11620;0000000000000000;BaslerControl::openCamera@74;"第3台Basler相机连接成功"
2025/05/16;15:03:54.329;DEBUG;31164;0000000000000000;BaslerControl::closeCamera@206;"Basler相机断开连接"
2025/05/16;15:04:18.597;DEBUG;18456;0000000000000000;BaslerControl::openCamera@34;"正在连接Basler相机... ..."
2025/05/16;15:04:18.867;DEBUG;18456;0000000000000000;BaslerControl::openCamera@50;"尝试连接第1台相机..."
2025/05/16;15:04:19.155;DEBUG;18456;0000000000000000;BaslerControl::openCamera@56;"尝试打开第1台Basler相机..."
2025/05/16;15:04:19.307;DEBUG;18456;0000000000000000;BaslerControl::openCamera@59;"已经打开第1台Basler相机"
2025/05/16;15:04:19.332;DEBUG;18456;0000000000000000;BaslerControl::openCamera@74;"第1台Basler相机连接成功"
2025/05/16;15:04:19.333;DEBUG;18456;0000000000000000;BaslerControl::openCamera@50;"尝试连接第2台相机..."
2025/05/16;15:04:19.488;DEBUG;18456;0000000000000000;BaslerControl::openCamera@56;"尝试打开第2台Basler相机..."
2025/05/16;15:04:19.612;DEBUG;18456;0000000000000000;BaslerControl::openCamera@59;"已经打开第2台Basler相机"
2025/05/16;15:04:19.634;DEBUG;18456;0000000000000000;BaslerControl::openCamera@74;"第2台Basler相机连接成功"
2025/05/16;15:04:19.634;DEBUG;18456;0000000000000000;BaslerControl::openCamera@50;"尝试连接第3台相机..."
2025/05/16;15:04:19.783;DEBUG;18456;0000000000000000;BaslerControl::openCamera@56;"尝试打开第3台Basler相机..."
2025/05/16;15:04:19.906;DEBUG;18456;0000000000000000;BaslerControl::openCamera@59;"已经打开第3台Basler相机"
2025/05/16;15:04:19.927;DEBUG;18456;0000000000000000;BaslerControl::openCamera@74;"第3台Basler相机连接成功"
2025/05/16;15:04:32.354;DEBUG;19448;0000000000000000;BaslerControl::closeCamera@206;"Basler相机断开连接"
2025/05/16;15:07:41.320;DEBUG;3780;0000000000000000;BaslerControl::openCamera@34;"正在连接Basler相机... ..."
2025/05/16;15:07:41.593;DEBUG;3780;0000000000000000;BaslerControl::openCamera@50;"尝试连接第1台相机..."
2025/05/16;15:07:41.890;DEBUG;3780;0000000000000000;BaslerControl::openCamera@56;"尝试打开第1台Basler相机..."
2025/05/16;15:07:41.972;DEBUG;3780;0000000000000000;BaslerControl::openCamera@59;"已经打开第1台Basler相机"
2025/05/16;15:07:41.989;DEBUG;3780;0000000000000000;BaslerControl::openCamera@74;"第1台Basler相机连接成功"
2025/05/16;15:07:41.989;DEBUG;3780;0000000000000000;BaslerControl::openCamera@50;"尝试连接第2台相机..."
2025/05/16;15:07:42.137;DEBUG;3780;0000000000000000;BaslerControl::openCamera@56;"尝试打开第2台Basler相机..."
2025/05/16;15:07:42.759;DEBUG;3780;0000000000000000;BaslerControl::openCamera@59;"已经打开第2台Basler相机"
2025/05/16;15:07:42.783;DEBUG;3780;0000000000000000;BaslerControl::openCamera@74;"第2台Basler相机连接成功"
2025/05/16;15:07:42.783;DEBUG;3780;0000000000000000;BaslerControl::openCamera@50;"尝试连接第3台相机..."
2025/05/16;15:07:42.928;DEBUG;3780;0000000000000000;BaslerControl::openCamera@56;"尝试打开第3台Basler相机..."
2025/05/16;15:07:43.055;DEBUG;3780;0000000000000000;BaslerControl::openCamera@59;"已经打开第3台Basler相机"
2025/05/16;15:07:43.077;DEBUG;3780;0000000000000000;BaslerControl::openCamera@74;"第3台Basler相机连接成功"
2025/05/16;15:08:02.417;DEBUG;29512;0000000000000000;BaslerControl::closeCamera@206;"Basler相机断开连接"
2025/05/16;15:17:55.716;DEBUG;29068;0000000000000000;BaslerControl::openCamera@34;"正在连接Basler相机... ..."
2025/05/16;15:17:55.985;DEBUG;29068;0000000000000000;BaslerControl::openCamera@50;"尝试连接第1台相机..."
2025/05/16;15:17:56.274;DEBUG;29068;0000000000000000;BaslerControl::openCamera@56;"尝试打开第1台Basler相机..."
2025/05/16;15:17:56.897;DEBUG;29068;0000000000000000;BaslerControl::openCamera@59;"已经打开第1台Basler相机"
2025/05/16;15:17:56.914;DEBUG;29068;0000000000000000;BaslerControl::openCamera@74;"第1台Basler相机连接成功"
2025/05/16;15:17:56.914;DEBUG;29068;0000000000000000;BaslerControl::openCamera@50;"尝试连接第2台相机..."
2025/05/16;15:17:57.061;DEBUG;29068;0000000000000000;BaslerControl::openCamera@56;"尝试打开第2台Basler相机..."
2025/05/16;15:17:57.182;DEBUG;29068;0000000000000000;BaslerControl::openCamera@59;"已经打开第2台Basler相机"
2025/05/16;15:17:57.203;DEBUG;29068;0000000000000000;BaslerControl::openCamera@74;"第2台Basler相机连接成功"
2025/05/16;15:17:57.203;DEBUG;29068;0000000000000000;BaslerControl::openCamera@50;"尝试连接第3台相机..."
2025/05/16;15:17:57.356;DEBUG;29068;0000000000000000;BaslerControl::openCamera@56;"尝试打开第3台Basler相机..."
2025/05/16;15:17:57.482;DEBUG;29068;0000000000000000;BaslerControl::openCamera@59;"已经打开第3台Basler相机"
2025/05/16;15:17:57.506;DEBUG;29068;0000000000000000;BaslerControl::openCamera@74;"第3台Basler相机连接成功"
2025/05/16;15:18:16.847;DEBUG;8108;0000000000000000;BaslerControl::closeCamera@206;"Basler相机断开连接"
2025/05/16;15:18:52.647;DEBUG;4792;0000000000000000;BaslerControl::openCamera@34;"正在连接Basler相机... ..."
2025/05/16;15:18:52.917;DEBUG;4792;0000000000000000;BaslerControl::openCamera@50;"尝试连接第1台相机..."
2025/05/16;15:18:53.100;DEBUG;4792;0000000000000000;BaslerControl::openCamera@56;"尝试打开第1台Basler相机..."
2025/05/16;15:18:53.190;DEBUG;4792;0000000000000000;BaslerControl::openCamera@59;"已经打开第1台Basler相机"
2025/05/16;15:18:53.206;DEBUG;4792;0000000000000000;BaslerControl::openCamera@74;"第1台Basler相机连接成功"
2025/05/16;15:18:53.207;DEBUG;4792;0000000000000000;BaslerControl::openCamera@50;"尝试连接第2台相机..."
2025/05/16;15:18:53.355;DEBUG;4792;0000000000000000;BaslerControl::openCamera@56;"尝试打开第2台Basler相机..."
2025/05/16;15:18:53.989;DEBUG;4792;0000000000000000;BaslerControl::openCamera@59;"已经打开第2台Basler相机"
2025/05/16;15:18:54.012;DEBUG;4792;0000000000000000;BaslerControl::openCamera@74;"第2台Basler相机连接成功"
2025/05/16;15:18:54.012;DEBUG;4792;0000000000000000;BaslerControl::openCamera@50;"尝试连接第3台相机..."
2025/05/16;15:18:54.160;DEBUG;4792;0000000000000000;BaslerControl::openCamera@56;"尝试打开第3台Basler相机..."
2025/05/16;15:18:54.300;DEBUG;4792;0000000000000000;BaslerControl::openCamera@59;"已经打开第3台Basler相机"
2025/05/16;15:18:54.324;DEBUG;4792;0000000000000000;BaslerControl::openCamera@74;"第3台Basler相机连接成功"
2025/05/16;15:19:21.630;DEBUG;3300;0000000000000000;BaslerControl::closeCamera@206;"Basler相机断开连接"
2025/05/16;15:23:57.739;DEBUG;15988;0000000000000000;BaslerControl::openCamera@34;"正在连接Basler相机... ..."
2025/05/16;15:23:58.012;DEBUG;15988;0000000000000000;BaslerControl::openCamera@50;"尝试连接第1台相机..."
2025/05/16;15:23:58.304;DEBUG;15988;0000000000000000;BaslerControl::openCamera@56;"尝试打开第1台Basler相机..."
2025/05/16;15:23:58.455;DEBUG;15988;0000000000000000;BaslerControl::openCamera@59;"已经打开第1台Basler相机"
2025/05/16;15:23:58.487;DEBUG;15988;0000000000000000;BaslerControl::openCamera@74;"第1台Basler相机连接成功"
2025/05/16;15:23:58.488;DEBUG;15988;0000000000000000;BaslerControl::openCamera@50;"尝试连接第2台相机..."
2025/05/16;15:23:58.637;DEBUG;15988;0000000000000000;BaslerControl::openCamera@56;"尝试打开第2台Basler相机..."
2025/05/16;15:23:58.763;DEBUG;15988;0000000000000000;BaslerControl::openCamera@59;"已经打开第2台Basler相机"
2025/05/16;15:23:58.787;DEBUG;15988;0000000000000000;BaslerControl::openCamera@74;"第2台Basler相机连接成功"
2025/05/16;15:23:58.787;DEBUG;15988;0000000000000000;BaslerControl::openCamera@50;"尝试连接第3台相机..."
2025/05/16;15:23:58.936;DEBUG;15988;0000000000000000;BaslerControl::openCamera@56;"尝试打开第3台Basler相机..."
2025/05/16;15:23:59.060;DEBUG;15988;0000000000000000;BaslerControl::openCamera@59;"已经打开第3台Basler相机"
2025/05/16;15:23:59.084;DEBUG;15988;0000000000000000;BaslerControl::openCamera@74;"第3台Basler相机连接成功"
2025/05/16;15:24:12.407;DEBUG;8832;0000000000000000;BaslerControl::closeCamera@206;"Basler相机断开连接"
2025/05/16;17:31:06.754;DEBUG;41632;0000000000000000;BaslerControl::openCamera@34;"正在连接Basler相机... ..."
2025/05/16;17:31:07.060;DEBUG;41632;0000000000000000;BaslerControl::openCamera@50;"尝试连接第1台相机..."
2025/05/16;17:31:07.347;DEBUG;41632;0000000000000000;BaslerControl::openCamera@56;"尝试打开第1台Basler相机..."
2025/05/16;17:31:07.974;DEBUG;41632;0000000000000000;BaslerControl::openCamera@59;"已经打开第1台Basler相机"
2025/05/16;17:31:07.992;DEBUG;41632;0000000000000000;BaslerControl::openCamera@74;"第1台Basler相机连接成功"
2025/05/16;17:31:07.992;DEBUG;41632;0000000000000000;BaslerControl::openCamera@50;"尝试连接第2台相机..."
2025/05/16;17:31:08.151;DEBUG;41632;0000000000000000;BaslerControl::openCamera@56;"尝试打开第2台Basler相机..."
2025/05/16;17:31:08.285;DEBUG;41632;0000000000000000;BaslerControl::openCamera@59;"已经打开第2台Basler相机"
2025/05/16;17:31:08.309;DEBUG;41632;0000000000000000;BaslerControl::openCamera@74;"第2台Basler相机连接成功"
2025/05/16;17:31:08.309;DEBUG;41632;0000000000000000;BaslerControl::openCamera@50;"尝试连接第3台相机..."
2025/05/16;17:31:08.467;DEBUG;41632;0000000000000000;BaslerControl::openCamera@56;"尝试打开第3台Basler相机..."
2025/05/16;17:31:08.599;DEBUG;41632;0000000000000000;BaslerControl::openCamera@59;"已经打开第3台Basler相机"
2025/05/16;17:31:08.622;DEBUG;41632;0000000000000000;BaslerControl::openCamera@74;"第3台Basler相机连接成功"
2025/05/16;17:31:12.954;DEBUG;72284;0000000000000000;BaslerControl::closeCamera@206;"Basler相机断开连接"
2025/05/16;19:03:36.956;DEBUG;41116;0000000000000000;BaslerControl::openCamera@34;"正在连接Basler相机... ..."
2025/05/16;19:03:37.225;DEBUG;41116;0000000000000000;BaslerControl::openCamera@50;"尝试连接第1台相机..."
2025/05/16;19:03:37.514;DEBUG;41116;0000000000000000;BaslerControl::openCamera@56;"尝试打开第1台Basler相机..."
2025/05/16;19:03:37.611;DEBUG;41116;0000000000000000;BaslerControl::openCamera@59;"已经打开第1台Basler相机"
2025/05/16;19:03:37.627;DEBUG;41116;0000000000000000;BaslerControl::openCamera@74;"第1台Basler相机连接成功"
2025/05/16;19:03:37.627;DEBUG;41116;0000000000000000;BaslerControl::openCamera@50;"尝试连接第2台相机..."
2025/05/16;19:03:37.786;DEBUG;41116;0000000000000000;BaslerControl::openCamera@56;"尝试打开第2台Basler相机..."
2025/05/16;19:03:37.911;DEBUG;41116;0000000000000000;BaslerControl::openCamera@59;"已经打开第2台Basler相机"
2025/05/16;19:03:37.934;DEBUG;41116;0000000000000000;BaslerControl::openCamera@74;"第2台Basler相机连接成功"
2025/05/16;19:03:37.934;DEBUG;41116;0000000000000000;BaslerControl::openCamera@50;"尝试连接第3台相机..."
2025/05/16;19:03:38.096;DEBUG;41116;0000000000000000;BaslerControl::openCamera@56;"尝试打开第3台Basler相机..."
2025/05/16;19:03:38.235;DEBUG;41116;0000000000000000;BaslerControl::openCamera@59;"已经打开第3台Basler相机"
2025/05/16;19:03:38.258;DEBUG;41116;0000000000000000;BaslerControl::openCamera@74;"第3台Basler相机连接成功"
2025/05/16;19:03:49.822;DEBUG;64724;0000000000000000;BaslerControl::closeCamera@206;"Basler相机断开连接"
2025/05/16;19:20:01.109;DEBUG;29912;0000000000000000;BaslerControl::closeCamera@206;"Basler相机断开连接"
2025/05/16;19:22:26.252;DEBUG;55628;0000000000000000;BaslerControl::closeCamera@206;"Basler相机断开连接"
2025/05/16;19:24:12.166;DEBUG;72240;0000000000000000;BaslerControl::closeCamera@206;"Basler相机断开连接"
2025/05/16;19:24:37.416;DEBUG;60264;0000000000000000;BaslerControl::closeCamera@206;"Basler相机断开连接"
2025/05/16;19:26:18.837;DEBUG;43068;0000000000000000;BaslerControl::closeCamera@206;"Basler相机断开连接"
2025/05/16;19:37:19.803;DEBUG;51612;0000000000000000;BaslerControl::closeCamera@206;"Basler相机断开连接"
2025/05/16;21:15:09.345;DEBUG;30924;0000000000000000;BaslerControl::closeCamera@206;"Basler相机断开连接"
2025/05/16;21:19:09.772;DEBUG;69848;0000000000000000;BaslerControl::closeCamera@206;"Basler相机断开连接"
2025/05/16;21:40:38.544;DEBUG;7140;0000000000000000;BaslerControl::closeCamera@206;"Basler相机断开连接"
2025/05/17;14:47:04.680;DEBUG;27124;0000000000000000;BaslerControl::closeCamera@206;"Basler相机断开连接"
2025/05/17;15:54:26.301;DEBUG;29212;0000000000000000;BaslerControl::closeCamera@206;"Basler相机断开连接"
2025/05/17;17:05:38.774;DEBUG;26200;0000000000000000;BaslerControl::closeCamera@206;"Basler相机断开连接"
2025/05/17;17:39:14.560;DEBUG;28580;0000000000000000;BaslerControl::closeCamera@206;"Basler相机断开连接"
2025/05/17;17:44:15.886;DEBUG;20856;0000000000000000;BaslerControl::closeCamera@206;"Basler相机断开连接"
2025/05/17;17:45:42.027;DEBUG;33028;0000000000000000;BaslerControl::closeCamera@206;"Basler相机断开连接"
2025/05/17;17:46:14.593;DEBUG;30340;0000000000000000;BaslerControl::closeCamera@206;"Basler相机断开连接"
2025/05/17;17:48:03.760;DEBUG;29372;0000000000000000;BaslerControl::closeCamera@206;"Basler相机断开连接"
2025/05/17;19:41:33.905;DEBUG;36668;0000000000000000;BaslerControl::closeCamera@206;"Basler相机断开连接"
2025/05/17;19:42:33.913;DEBUG;24220;0000000000000000;BaslerControl::closeCamera@206;"Basler相机断开连接"
2025/05/17;19:54:59.863;DEBUG;30844;0000000000000000;BaslerControl::closeCamera@206;"Basler相机断开连接"
2025/05/17;19:55:21.581;DEBUG;35260;0000000000000000;BaslerControl::closeCamera@206;"Basler相机断开连接"
2025/05/17;19:57:54.956;DEBUG;32152;0000000000000000;BaslerControl::closeCamera@206;"Basler相机断开连接"
2025/05/17;20:33:25.454;DEBUG;32856;0000000000000000;BaslerControl::closeCamera@206;"Basler相机断开连接"
2025/05/17;20:33:30.300;DEBUG;37776;0000000000000000;BaslerControl::closeCamera@206;"Basler相机断开连接"
2025/05/17;20:35:42.775;DEBUG;38416;0000000000000000;BaslerControl::closeCamera@206;"Basler相机断开连接"
2025/05/17;20:45:19.788;DEBUG;30460;0000000000000000;BaslerControl::closeCamera@206;"Basler相机断开连接"
2025/05/17;21:09:21.734;DEBUG;9920;0000000000000000;BaslerControl::closeCamera@206;"Basler相机断开连接"
2025/05/17;21:14:12.178;DEBUG;38640;0000000000000000;BaslerControl::closeCamera@206;"Basler相机断开连接"
2025/05/17;21:19:47.622;DEBUG;33916;0000000000000000;BaslerControl::closeCamera@206;"Basler相机断开连接"
2025/05/17;21:23:10.821;DEBUG;38436;0000000000000000;BaslerControl::closeCamera@206;"Basler相机断开连接"
2025/05/17;21:23:50.081;DEBUG;17208;0000000000000000;BaslerControl::closeCamera@206;"Basler相机断开连接"
2025/05/17;21:24:46.950;DEBUG;35992;0000000000000000;BaslerControl::closeCamera@206;"Basler相机断开连接"
2025/05/17;21:25:25.807;DEBUG;35916;0000000000000000;BaslerControl::closeCamera@206;"Basler相机断开连接"
2025/05/17;21:26:04.859;DEBUG;39688;0000000000000000;BaslerControl::closeCamera@206;"Basler相机断开连接"
2025/05/17;21:26:41.474;DEBUG;9460;0000000000000000;BaslerControl::closeCamera@206;"Basler相机断开连接"
2025/05/17;21:38:17.312;DEBUG;37924;0000000000000000;BaslerControl::closeCamera@206;"Basler相机断开连接"
2025/05/18;14:45:57.258;DEBUG;15056;0000000000000000;BaslerControl::closeCamera@206;"Basler相机断开连接"
2025/05/18;15:12:06.376;DEBUG;27600;0000000000000000;BaslerControl::closeCamera@206;"Basler相机断开连接"
2025/05/18;15:13:27.627;DEBUG;20184;0000000000000000;BaslerControl::closeCamera@206;"Basler相机断开连接"
2025/05/18;15:22:07.366;DEBUG;13716;0000000000000000;BaslerControl::closeCamera@206;"Basler相机断开连接"
2025/05/18;15:23:33.610;DEBUG;13348;0000000000000000;BaslerControl::closeCamera@206;"Basler相机断开连接"
2025/05/18;15:24:00.541;DEBUG;26692;0000000000000000;BaslerControl::closeCamera@206;"Basler相机断开连接"
2025/05/18;15:24:23.088;DEBUG;9864;0000000000000000;BaslerControl::closeCamera@206;"Basler相机断开连接"
2025/05/18;15:28:19.289;DEBUG;5024;0000000000000000;BaslerControl::closeCamera@206;"Basler相机断开连接"
2025/05/18;15:29:36.679;DEBUG;21868;0000000000000000;BaslerControl::closeCamera@206;"Basler相机断开连接"
2025/05/18;15:31:06.238;DEBUG;1828;0000000000000000;BaslerControl::closeCamera@206;"Basler相机断开连接"
2025/05/18;15:33:05.140;DEBUG;5932;0000000000000000;BaslerControl::closeCamera@206;"Basler相机断开连接"
2025/05/18;15:33:14.016;DEBUG;29044;0000000000000000;BaslerControl::closeCamera@206;"Basler相机断开连接"
2025/05/18;15:33:55.405;DEBUG;4476;0000000000000000;BaslerControl::closeCamera@206;"Basler相机断开连接"
2025/05/18;15:42:59.567;DEBUG;20156;0000000000000000;BaslerControl::closeCamera@206;"Basler相机断开连接"
2025/05/18;16:27:59.120;DEBUG;14340;0000000000000000;BaslerControl::closeCamera@206;"Basler相机断开连接"
2025/05/18;16:29:05.240;DEBUG;9776;0000000000000000;BaslerControl::closeCamera@206;"Basler相机断开连接"
2025/05/18;16:47:56.144;DEBUG;31400;0000000000000000;BaslerControl::closeCamera@206;"Basler相机断开连接"
2025/05/18;17:02:55.568;DEBUG;13324;0000000000000000;BaslerControl::closeCamera@206;"Basler相机断开连接"
2025/05/18;17:04:19.422;DEBUG;3924;0000000000000000;BaslerControl::closeCamera@206;"Basler相机断开连接"
2025/05/18;17:07:25.478;DEBUG;31504;0000000000000000;BaslerControl::closeCamera@206;"Basler相机断开连接"
2025/05/18;17:19:10.737;DEBUG;7552;0000000000000000;BaslerControl::closeCamera@206;"Basler相机断开连接"
2025/05/18;17:20:00.571;DEBUG;25592;0000000000000000;BaslerControl::closeCamera@206;"Basler相机断开连接"
2025/05/18;17:20:48.672;DEBUG;4688;0000000000000000;BaslerControl::closeCamera@206;"Basler相机断开连接"
2025/05/18;17:22:55.663;DEBUG;11480;0000000000000000;BaslerControl::closeCamera@206;"Basler相机断开连接"
2025/05/18;17:23:05.020;DEBUG;5292;0000000000000000;BaslerControl::closeCamera@206;"Basler相机断开连接"
2025/05/18;17:23:37.538;DEBUG;7596;0000000000000000;BaslerControl::closeCamera@206;"Basler相机断开连接"
2025/05/18;17:25:04.664;DEBUG;1136;0000000000000000;BaslerControl::closeCamera@206;"Basler相机断开连接"
2025/05/18;17:25:58.860;DEBUG;31768;0000000000000000;BaslerControl::closeCamera@206;"Basler相机断开连接"
2025/05/18;17:26:20.492;DEBUG;10936;0000000000000000;BaslerControl::closeCamera@206;"Basler相机断开连接"
2025/05/18;17:26:45.657;DEBUG;31316;0000000000000000;BaslerControl::closeCamera@206;"Basler相机断开连接"
2025/05/18;17:27:21.597;DEBUG;18240;0000000000000000;BaslerControl::closeCamera@206;"Basler相机断开连接"
2025/05/18;17:28:13.674;DEBUG;10756;0000000000000000;BaslerControl::closeCamera@206;"Basler相机断开连接"
2025/05/18;17:29:07.347;DEBUG;32640;0000000000000000;BaslerControl::closeCamera@206;"Basler相机断开连接"
2025/05/18;17:30:47.779;DEBUG;32760;0000000000000000;BaslerControl::closeCamera@206;"Basler相机断开连接"
2025/05/18;17:33:29.300;DEBUG;33332;0000000000000000;BaslerControl::closeCamera@206;"Basler相机断开连接"
2025/05/18;17:41:48.672;DEBUG;31660;0000000000000000;BaslerControl::closeCamera@206;"Basler相机断开连接"
2025/05/18;17:48:29.759;DEBUG;32428;0000000000000000;BaslerControl::closeCamera@206;"Basler相机断开连接"
2025/05/18;20:02:10.588;DEBUG;36140;0000000000000000;BaslerControl::closeCamera@206;"Basler相机断开连接"
2025/05/18;20:02:59.697;DEBUG;36580;0000000000000000;BaslerControl::closeCamera@206;"Basler相机断开连接"
2025/05/18;20:05:35.805;DEBUG;38812;0000000000000000;BaslerControl::closeCamera@206;"Basler相机断开连接"
2025/05/18;20:05:48.155;DEBUG;1140;0000000000000000;BaslerControl::closeCamera@206;"Basler相机断开连接"
2025/05/19;09:08:34.275;DEBUG;4784;0000000000000000;BaslerControl::closeCamera@206;"Basler相机断开连接"
2025/05/19;09:31:43.263;DEBUG;21012;0000000000000000;BaslerControl::closeCamera@206;"Basler相机断开连接"
2025/05/19;09:40:18.935;DEBUG;29224;0000000000000000;BaslerControl::closeCamera@206;"Basler相机断开连接"
2025/05/19;09:40:48.883;DEBUG;37520;0000000000000000;BaslerControl::closeCamera@206;"Basler相机断开连接"
2025/05/19;09:41:18.390;DEBUG;18844;0000000000000000;BaslerControl::closeCamera@206;"Basler相机断开连接"
2025/05/19;09:43:32.236;DEBUG;30024;0000000000000000;BaslerControl::closeCamera@206;"Basler相机断开连接"
2025/05/19;09:44:12.712;DEBUG;21560;0000000000000000;BaslerControl::closeCamera@206;"Basler相机断开连接"
2025/05/19;09:45:09.477;DEBUG;27784;0000000000000000;BaslerControl::closeCamera@206;"Basler相机断开连接"
2025/05/19;09:45:40.730;DEBUG;18568;0000000000000000;BaslerControl::closeCamera@206;"Basler相机断开连接"
2025/05/19;09:50:04.871;DEBUG;28972;0000000000000000;BaslerControl::closeCamera@206;"Basler相机断开连接"
2025/05/19;09:53:26.647;DEBUG;35624;0000000000000000;BaslerControl::closeCamera@206;"Basler相机断开连接"
2025/05/19;09:54:18.330;DEBUG;36288;0000000000000000;BaslerControl::closeCamera@206;"Basler相机断开连接"
2025/05/19;09:54:49.645;DEBUG;6076;0000000000000000;BaslerControl::closeCamera@206;"Basler相机断开连接"
2025/05/19;10:01:33.767;DEBUG;32464;0000000000000000;BaslerControl::closeCamera@206;"Basler相机断开连接"
2025/05/19;10:06:22.298;DEBUG;29464;0000000000000000;BaslerControl::closeCamera@206;"Basler相机断开连接"
2025/05/19;10:07:45.810;DEBUG;15504;0000000000000000;BaslerControl::closeCamera@206;"Basler相机断开连接"
2025/05/19;10:08:19.099;DEBUG;24408;0000000000000000;BaslerControl::closeCamera@206;"Basler相机断开连接"
2025/05/19;10:26:14.618;DEBUG;19788;0000000000000000;BaslerControl::closeCamera@206;"Basler相机断开连接"
2025/05/19;10:28:49.263;DEBUG;28384;0000000000000000;BaslerControl::closeCamera@206;"Basler相机断开连接"
2025/05/19;11:19:04.540;DEBUG;38288;0000000000000000;BaslerControl::closeCamera@206;"Basler相机断开连接"
2025/05/19;11:19:46.318;DEBUG;34204;0000000000000000;BaslerControl::closeCamera@206;"Basler相机断开连接"
2025/05/19;11:20:44.040;DEBUG;23288;0000000000000000;BaslerControl::closeCamera@206;"Basler相机断开连接"
2025/05/19;11:21:24.388;DEBUG;18344;0000000000000000;BaslerControl::closeCamera@206;"Basler相机断开连接"
2025/05/19;11:23:40.509;DEBUG;14092;0000000000000000;BaslerControl::closeCamera@206;"Basler相机断开连接"
2025/05/19;11:35:49.416;DEBUG;2480;0000000000000000;BaslerControl::closeCamera@206;"Basler相机断开连接"
2025/05/19;14:39:55.967;DEBUG;6320;0000000000000000;BaslerControl::closeCamera@206;"Basler相机断开连接"
2025/05/19;15:04:20.210;DEBUG;23240;0000000000000000;BaslerControl::closeCamera@206;"Basler相机断开连接"
2025/05/19;15:05:40.598;DEBUG;15044;0000000000000000;BaslerControl::closeCamera@206;"Basler相机断开连接"
2025/05/19;15:06:15.766;DEBUG;29464;0000000000000000;BaslerControl::closeCamera@206;"Basler相机断开连接"
2025/05/19;15:07:03.059;DEBUG;13060;0000000000000000;BaslerControl::closeCamera@206;"Basler相机断开连接"
2025/05/19;15:07:17.987;DEBUG;30988;0000000000000000;BaslerControl::closeCamera@206;"Basler相机断开连接"
2025/05/19;15:09:04.893;DEBUG;41104;0000000000000000;BaslerControl::closeCamera@206;"Basler相机断开连接"
2025/05/19;15:34:50.620;DEBUG;29844;0000000000000000;BaslerControl::closeCamera@206;"Basler相机断开连接"
2025/05/19;16:18:44.811;DEBUG;27676;0000000000000000;BaslerControl::closeCamera@206;"Basler相机断开连接"
2025/05/19;16:25:04.679;DEBUG;35488;0000000000000000;BaslerControl::closeCamera@206;"Basler相机断开连接"
2025/05/19;16:52:08.270;DEBUG;17520;0000000000000000;BaslerControl::closeCamera@206;"Basler相机断开连接"
2025/05/19;16:53:06.206;DEBUG;39176;0000000000000000;BaslerControl::closeCamera@206;"Basler相机断开连接"
2025/05/19;16:53:24.670;DEBUG;3652;0000000000000000;BaslerControl::closeCamera@206;"Basler相机断开连接"
2025/05/19;16:54:29.686;DEBUG;36524;0000000000000000;BaslerControl::closeCamera@206;"Basler相机断开连接"
2025/05/19;16:54:48.629;DEBUG;35208;0000000000000000;BaslerControl::closeCamera@206;"Basler相机断开连接"
2025/05/19;16:55:46.374;DEBUG;15044;0000000000000000;BaslerControl::closeCamera@206;"Basler相机断开连接"
2025/05/19;17:01:19.045;DEBUG;39032;0000000000000000;BaslerControl::closeCamera@206;"Basler相机断开连接"
2025/05/19;17:01:58.156;DEBUG;39012;0000000000000000;BaslerControl::closeCamera@206;"Basler相机断开连接"
2025/05/19;18:32:13.742;DEBUG;27384;0000000000000000;BaslerControl::closeCamera@206;"Basler相机断开连接"
2025/05/19;18:34:38.982;DEBUG;46344;0000000000000000;BaslerControl::closeCamera@206;"Basler相机断开连接"
2025/05/19;18:36:58.895;DEBUG;44464;0000000000000000;BaslerControl::closeCamera@206;"Basler相机断开连接"
2025/05/20;10:39:18.215;DEBUG;33020;0000000000000000;BaslerControl::closeCamera@206;"Basler相机断开连接"
2025/05/20;10:43:50.631;DEBUG;49792;0000000000000000;BaslerControl::closeCamera@206;"Basler相机断开连接"
2025/05/20;11:26:44.062;DEBUG;46152;0000000000000000;BaslerControl::closeCamera@206;"Basler相机断开连接"
2025/05/20;11:29:15.356;DEBUG;36328;0000000000000000;BaslerControl::closeCamera@206;"Basler相机断开连接"
2025/05/20;11:30:19.735;DEBUG;27600;0000000000000000;BaslerControl::closeCamera@206;"Basler相机断开连接"
2025/05/20;11:37:38.600;DEBUG;8872;0000000000000000;BaslerControl::closeCamera@206;"Basler相机断开连接"
2025/05/20;11:43:25.430;DEBUG;50628;0000000000000000;BaslerControl::closeCamera@206;"Basler相机断开连接"
2025/05/20;11:46:36.843;DEBUG;34420;0000000000000000;BaslerControl::closeCamera@206;"Basler相机断开连接"
2025/05/20;15:33:21.836;DEBUG;33228;0000000000000000;BaslerControl::closeCamera@206;"Basler相机断开连接"
2025/05/20;15:33:52.431;DEBUG;43860;0000000000000000;BaslerControl::closeCamera@206;"Basler相机断开连接"
2025/05/20;16:22:03.269;DEBUG;14436;0000000000000000;BaslerControl::closeCamera@206;"Basler相机断开连接"
2025/05/20;16:23:23.157;DEBUG;10468;0000000000000000;BaslerControl::closeCamera@206;"Basler相机断开连接"
2025/05/20;16:24:33.690;DEBUG;6628;0000000000000000;BaslerControl::closeCamera@206;"Basler相机断开连接"
2025/05/20;16:25:20.317;DEBUG;24596;0000000000000000;BaslerControl::closeCamera@206;"Basler相机断开连接"
2025/05/20;16:30:38.131;DEBUG;44088;0000000000000000;BaslerControl::openCamera@34;"正在连接Basler相机... ..."
2025/05/20;16:30:38.433;ERROR;44088;0000000000000000;BaslerControl::openCamera@41;"未找到Basler相机，请检查相机连接情况"
2025/05/20;16:30:42.604;DEBUG;29068;0000000000000000;BaslerControl::closeCamera@206;"Basler相机断开连接"
2025/05/20;16:31:28.576;DEBUG;51592;0000000000000000;BaslerControl::closeCamera@206;"Basler相机断开连接"
2025/05/20;16:33:24.946;DEBUG;3776;0000000000000000;BaslerControl::closeCamera@206;"Basler相机断开连接"
2025/05/20;16:34:27.082;DEBUG;40656;0000000000000000;BaslerControl::closeCamera@206;"Basler相机断开连接"
2025/05/20;16:34:53.811;DEBUG;11600;0000000000000000;BaslerControl::closeCamera@206;"Basler相机断开连接"
2025/05/20;16:35:30.184;DEBUG;28480;0000000000000000;BaslerControl::closeCamera@206;"Basler相机断开连接"
2025/05/20;16:36:41.584;DEBUG;46152;0000000000000000;BaslerControl::closeCamera@206;"Basler相机断开连接"
2025/05/20;16:38:37.888;DEBUG;13600;0000000000000000;BaslerControl::closeCamera@206;"Basler相机断开连接"
2025/05/20;16:39:36.839;DEBUG;43372;0000000000000000;BaslerControl::closeCamera@206;"Basler相机断开连接"
2025/05/20;16:47:25.017;DEBUG;47384;0000000000000000;BaslerControl::closeCamera@206;"Basler相机断开连接"
2025/05/20;16:48:55.966;DEBUG;29544;0000000000000000;BaslerControl::closeCamera@206;"Basler相机断开连接"
2025/05/20;16:52:45.792;DEBUG;24252;0000000000000000;BaslerControl::closeCamera@206;"Basler相机断开连接"
2025/05/20;16:53:09.210;DEBUG;36868;0000000000000000;BaslerControl::closeCamera@206;"Basler相机断开连接"
2025/05/20;16:58:39.409;DEBUG;46844;0000000000000000;BaslerControl::closeCamera@206;"Basler相机断开连接"
2025/05/20;16:58:58.917;DEBUG;50804;0000000000000000;BaslerControl::closeCamera@206;"Basler相机断开连接"
2025/05/20;17:02:57.590;DEBUG;51892;0000000000000000;BaslerControl::closeCamera@206;"Basler相机断开连接"
2025/05/20;17:05:15.233;DEBUG;22304;0000000000000000;BaslerControl::closeCamera@206;"Basler相机断开连接"
2025/05/20;17:06:19.539;DEBUG;12552;0000000000000000;BaslerControl::closeCamera@206;"Basler相机断开连接"
2025/05/20;17:09:51.311;DEBUG;33560;0000000000000000;BaslerControl::closeCamera@206;"Basler相机断开连接"
2025/05/20;17:11:45.072;DEBUG;24400;0000000000000000;BaslerControl::closeCamera@206;"Basler相机断开连接"
2025/05/20;17:12:30.686;DEBUG;42688;0000000000000000;BaslerControl::closeCamera@206;"Basler相机断开连接"
2025/05/20;17:16:57.938;DEBUG;30324;0000000000000000;BaslerControl::closeCamera@206;"Basler相机断开连接"
2025/05/20;17:17:17.274;DEBUG;51708;0000000000000000;BaslerControl::closeCamera@206;"Basler相机断开连接"
2025/05/20;17:26:55.740;DEBUG;28240;0000000000000000;BaslerControl::closeCamera@206;"Basler相机断开连接"
2025/05/20;17:42:32.423;DEBUG;33964;0000000000000000;BaslerControl::closeCamera@206;"Basler相机断开连接"
2025/05/20;19:32:46.034;DEBUG;44692;0000000000000000;BaslerControl::closeCamera@206;"Basler相机断开连接"
2025/05/20;19:33:52.099;DEBUG;52364;0000000000000000;BaslerControl::closeCamera@206;"Basler相机断开连接"
2025/05/20;19:34:57.271;DEBUG;30800;0000000000000000;BaslerControl::closeCamera@206;"Basler相机断开连接"
2025/05/20;20:32:55.944;DEBUG;18188;0000000000000000;BaslerControl::closeCamera@206;"Basler相机断开连接"
2025/05/20;20:41:50.683;DEBUG;14576;0000000000000000;BaslerControl::closeCamera@206;"Basler相机断开连接"
2025/05/20;20:42:22.493;DEBUG;38468;0000000000000000;BaslerControl::closeCamera@206;"Basler相机断开连接"
2025/05/20;20:57:25.597;DEBUG;39272;0000000000000000;BaslerControl::closeCamera@206;"Basler相机断开连接"
2025/05/20;21:01:31.768;DEBUG;37812;0000000000000000;BaslerControl::closeCamera@206;"Basler相机断开连接"
2025/05/20;21:02:02.856;DEBUG;2952;0000000000000000;BaslerControl::closeCamera@206;"Basler相机断开连接"
2025/05/20;21:05:05.142;DEBUG;45460;0000000000000000;BaslerControl::closeCamera@206;"Basler相机断开连接"
2025/05/20;21:31:11.094;DEBUG;6376;0000000000000000;BaslerControl::closeCamera@206;"Basler相机断开连接"
2025/05/20;21:32:52.206;DEBUG;39016;0000000000000000;BaslerControl::closeCamera@206;"Basler相机断开连接"
2025/05/20;21:37:47.097;DEBUG;17056;0000000000000000;BaslerControl::closeCamera@206;"Basler相机断开连接"
2025/05/20;21:38:54.982;DEBUG;2784;0000000000000000;BaslerControl::closeCamera@206;"Basler相机断开连接"
2025/05/20;21:39:36.310;DEBUG;48944;0000000000000000;BaslerControl::closeCamera@206;"Basler相机断开连接"
2025/05/20;21:40:21.158;DEBUG;48204;0000000000000000;BaslerControl::closeCamera@206;"Basler相机断开连接"
2025/05/20;21:41:59.369;DEBUG;36868;0000000000000000;BaslerControl::closeCamera@206;"Basler相机断开连接"
2025/05/20;21:43:54.817;DEBUG;18856;0000000000000000;BaslerControl::closeCamera@206;"Basler相机断开连接"
2025/05/20;21:45:28.295;DEBUG;28792;0000000000000000;BaslerControl::closeCamera@206;"Basler相机断开连接"
2025/05/20;21:53:08.451;DEBUG;21988;0000000000000000;BaslerControl::closeCamera@206;"Basler相机断开连接"
2025/05/21;09:52:44.980;DEBUG;34912;0000000000000000;BaslerControl::closeCamera@206;"Basler相机断开连接"
2025/05/21;10:21:10.353;DEBUG;17160;0000000000000000;BaslerControl::closeCamera@206;"Basler相机断开连接"
2025/05/21;10:21:46.006;DEBUG;50808;0000000000000000;BaslerControl::closeCamera@206;"Basler相机断开连接"
2025/05/21;10:28:54.433;DEBUG;51728;0000000000000000;BaslerControl::closeCamera@206;"Basler相机断开连接"
2025/05/21;10:37:16.804;DEBUG;28404;0000000000000000;BaslerControl::closeCamera@206;"Basler相机断开连接"
2025/05/21;10:37:44.119;DEBUG;47856;0000000000000000;BaslerControl::closeCamera@206;"Basler相机断开连接"
2025/05/21;10:38:54.350;DEBUG;33904;0000000000000000;BaslerControl::closeCamera@206;"Basler相机断开连接"
2025/05/21;10:39:21.403;DEBUG;4844;0000000000000000;BaslerControl::closeCamera@206;"Basler相机断开连接"
2025/05/21;10:46:45.465;DEBUG;20116;0000000000000000;BaslerControl::closeCamera@206;"Basler相机断开连接"
2025/05/21;10:48:03.390;DEBUG;10144;0000000000000000;BaslerControl::closeCamera@206;"Basler相机断开连接"
2025/05/21;11:18:33.315;DEBUG;21856;0000000000000000;BaslerControl::closeCamera@206;"Basler相机断开连接"
2025/05/21;11:19:00.070;DEBUG;48328;0000000000000000;BaslerControl::closeCamera@206;"Basler相机断开连接"
2025/05/21;11:19:23.610;DEBUG;13624;0000000000000000;BaslerControl::closeCamera@206;"Basler相机断开连接"
2025/05/21;11:23:44.149;DEBUG;36756;0000000000000000;BaslerControl::closeCamera@206;"Basler相机断开连接"
2025/05/21;11:32:12.171;DEBUG;48500;0000000000000000;BaslerControl::closeCamera@206;"Basler相机断开连接"
2025/05/21;11:34:10.525;DEBUG;10072;0000000000000000;BaslerControl::closeCamera@206;"Basler相机断开连接"
2025/05/21;11:34:58.431;DEBUG;49344;0000000000000000;BaslerControl::closeCamera@206;"Basler相机断开连接"
2025/05/21;11:41:31.656;DEBUG;39748;0000000000000000;BaslerControl::closeCamera@206;"Basler相机断开连接"
2025/05/21;16:32:00.918;DEBUG;44652;0000000000000000;BaslerControl::closeCamera@206;"Basler相机断开连接"
2025/05/21;16:32:58.185;DEBUG;10156;0000000000000000;BaslerControl::closeCamera@206;"Basler相机断开连接"
2025/05/21;16:33:26.715;DEBUG;45292;0000000000000000;BaslerControl::closeCamera@206;"Basler相机断开连接"
2025/05/21;16:37:09.731;DEBUG;2264;0000000000000000;BaslerControl::closeCamera@206;"Basler相机断开连接"
2025/05/21;18:37:40.798;DEBUG;43320;0000000000000000;BaslerControl::closeCamera@206;"Basler相机断开连接"
2025/05/22;10:46:12.224;DEBUG;4676;0000000000000000;BaslerControl::closeCamera@206;"Basler相机断开连接"
2025/05/22;11:07:07.237;DEBUG;37380;0000000000000000;BaslerControl::closeCamera@206;"Basler相机断开连接"
2025/05/22;19:11:44.288;DEBUG;20756;0000000000000000;BaslerControl::openCamera@34;"正在连接Basler相机... ..."
2025/05/22;19:11:44.590;DEBUG;20756;0000000000000000;BaslerControl::openCamera@51;"尝试连接第1台相机..."
2025/05/22;19:11:44.889;DEBUG;20756;0000000000000000;BaslerControl::openCamera@57;"尝试打开第1台Basler相机..."
2025/05/22;19:11:45.540;DEBUG;20756;0000000000000000;BaslerControl::openCamera@60;"已经打开第1台Basler相机"
2025/05/22;19:11:45.559;DEBUG;20756;0000000000000000;BaslerControl::openCamera@75;"第1台Basler相机连接成功"
2025/05/22;19:11:45.560;DEBUG;20756;0000000000000000;BaslerControl::openCamera@51;"尝试连接第2台相机..."
2025/05/22;19:11:45.717;DEBUG;20756;0000000000000000;BaslerControl::openCamera@57;"尝试打开第2台Basler相机..."
2025/05/22;19:11:45.842;DEBUG;20756;0000000000000000;BaslerControl::openCamera@60;"已经打开第2台Basler相机"
2025/05/22;19:11:45.868;DEBUG;20756;0000000000000000;BaslerControl::openCamera@75;"第2台Basler相机连接成功"
2025/05/22;19:39:35.602;ERROR;20756;0000000000000000;BaslerControl::openCamera@189;"采图失败，退出采图程序。"
2025/05/22;21:58:44.088;DEBUG;36880;0000000000000000;BaslerControl::closeCamera@207;"Basler相机断开连接"
2025/05/23;10:49:08.432;DEBUG;19992;0000000000000000;BaslerControl::openCamera@34;"正在连接Basler相机... ..."
2025/05/23;10:49:08.731;ERROR;19992;0000000000000000;BaslerControl::openCamera@41;"未找到Basler相机，请检查相机连接情况"
2025/05/23;11:08:00.715;DEBUG;55576;0000000000000000;BaslerControl::closeCamera@207;"Basler相机断开连接"
2025/05/23;11:08:06.246;DEBUG;2692;0000000000000000;BaslerControl::openCamera@34;"正在连接Basler相机... ..."
2025/05/23;11:08:06.515;DEBUG;2692;0000000000000000;BaslerControl::openCamera@51;"尝试连接第1台相机..."
2025/05/23;11:08:06.758;DEBUG;2692;0000000000000000;BaslerControl::openCamera@57;"尝试打开第1台Basler相机..."
2025/05/23;11:08:06.851;DEBUG;2692;0000000000000000;BaslerControl::openCamera@60;"已经打开第1台Basler相机"
2025/05/23;11:08:06.869;DEBUG;2692;0000000000000000;BaslerControl::openCamera@75;"第1台Basler相机连接成功"
2025/05/23;11:08:06.869;DEBUG;2692;0000000000000000;BaslerControl::openCamera@51;"尝试连接第2台相机..."
2025/05/23;11:08:07.025;DEBUG;2692;0000000000000000;BaslerControl::openCamera@57;"尝试打开第2台Basler相机..."
2025/05/23;11:08:07.148;DEBUG;2692;0000000000000000;BaslerControl::openCamera@60;"已经打开第2台Basler相机"
2025/05/23;11:08:07.173;DEBUG;2692;0000000000000000;BaslerControl::openCamera@75;"第2台Basler相机连接成功"
2025/05/23;11:08:17.750;ERROR;2692;0000000000000000;BaslerControl::openCamera@189;"采图失败，退出采图程序。"
2025/05/23;11:08:17.757;DEBUG;18500;0000000000000000;BaslerControl::closeCamera@207;"Basler相机断开连接"
2025/05/23;11:09:26.875;DEBUG;34056;0000000000000000;BaslerControl::openCamera@34;"正在连接Basler相机... ..."
2025/05/23;11:09:27.143;DEBUG;34056;0000000000000000;BaslerControl::openCamera@51;"尝试连接第1台相机..."
2025/05/23;11:09:27.362;DEBUG;34056;0000000000000000;BaslerControl::openCamera@57;"尝试打开第1台Basler相机..."
2025/05/23;11:09:27.446;DEBUG;34056;0000000000000000;BaslerControl::openCamera@60;"已经打开第1台Basler相机"
2025/05/23;11:09:27.463;DEBUG;34056;0000000000000000;BaslerControl::openCamera@75;"第1台Basler相机连接成功"
2025/05/23;11:09:27.463;DEBUG;34056;0000000000000000;BaslerControl::openCamera@51;"尝试连接第2台相机..."
2025/05/23;11:09:27.612;DEBUG;34056;0000000000000000;BaslerControl::openCamera@57;"尝试打开第2台Basler相机..."
2025/05/23;11:09:28.238;DEBUG;34056;0000000000000000;BaslerControl::openCamera@60;"已经打开第2台Basler相机"
2025/05/23;11:09:28.261;DEBUG;34056;0000000000000000;BaslerControl::openCamera@75;"第2台Basler相机连接成功"
2025/05/23;11:09:36.339;ERROR;34056;0000000000000000;BaslerControl::openCamera@189;"采图失败，退出采图程序。"
2025/05/23;11:09:36.455;DEBUG;15988;0000000000000000;BaslerControl::closeCamera@207;"Basler相机断开连接"
2025/05/23;11:13:30.774;DEBUG;58764;0000000000000000;BaslerControl::openCamera@34;"正在连接Basler相机... ..."
2025/05/23;11:13:31.044;DEBUG;58764;0000000000000000;BaslerControl::openCamera@51;"尝试连接第1台相机..."
2025/05/23;11:13:31.246;DEBUG;58764;0000000000000000;BaslerControl::openCamera@57;"尝试打开第1台Basler相机..."
2025/05/23;11:13:31.328;DEBUG;58764;0000000000000000;BaslerControl::openCamera@60;"已经打开第1台Basler相机"
2025/05/23;11:13:31.344;DEBUG;58764;0000000000000000;BaslerControl::openCamera@75;"第1台Basler相机连接成功"
2025/05/23;11:13:31.344;DEBUG;58764;0000000000000000;BaslerControl::openCamera@51;"尝试连接第2台相机..."
2025/05/23;11:13:31.487;DEBUG;58764;0000000000000000;BaslerControl::openCamera@57;"尝试打开第2台Basler相机..."
2025/05/23;11:13:31.603;DEBUG;58764;0000000000000000;BaslerControl::openCamera@60;"已经打开第2台Basler相机"
2025/05/23;11:13:31.628;DEBUG;58764;0000000000000000;BaslerControl::openCamera@75;"第2台Basler相机连接成功"
2025/05/23;11:13:36.736;ERROR;58764;0000000000000000;BaslerControl::openCamera@189;"采图失败，退出采图程序。"
2025/05/23;11:13:36.743;DEBUG;53080;0000000000000000;BaslerControl::closeCamera@207;"Basler相机断开连接"
2025/05/23;11:13:59.577;DEBUG;43112;0000000000000000;BaslerControl::openCamera@34;"正在连接Basler相机... ..."
2025/05/23;11:13:59.848;DEBUG;43112;0000000000000000;BaslerControl::openCamera@51;"尝试连接第1台相机..."
2025/05/23;11:14:00.136;DEBUG;43112;0000000000000000;BaslerControl::openCamera@57;"尝试打开第1台Basler相机..."
2025/05/23;11:14:00.230;DEBUG;43112;0000000000000000;BaslerControl::openCamera@60;"已经打开第1台Basler相机"
2025/05/23;11:14:00.248;DEBUG;43112;0000000000000000;BaslerControl::openCamera@75;"第1台Basler相机连接成功"
2025/05/23;11:14:00.248;DEBUG;43112;0000000000000000;BaslerControl::openCamera@51;"尝试连接第2台相机..."
2025/05/23;11:14:00.406;DEBUG;43112;0000000000000000;BaslerControl::openCamera@57;"尝试打开第2台Basler相机..."
2025/05/23;11:14:00.527;DEBUG;43112;0000000000000000;BaslerControl::openCamera@60;"已经打开第2台Basler相机"
2025/05/23;11:14:00.553;DEBUG;43112;0000000000000000;BaslerControl::openCamera@75;"第2台Basler相机连接成功"
2025/05/23;11:14:11.854;ERROR;43112;0000000000000000;BaslerControl::openCamera@189;"采图失败，退出采图程序。"
2025/05/23;11:14:11.862;DEBUG;58412;0000000000000000;BaslerControl::closeCamera@207;"Basler相机断开连接"
2025/05/23;11:14:31.375;DEBUG;45152;0000000000000000;BaslerControl::openCamera@34;"正在连接Basler相机... ..."
2025/05/23;11:14:31.645;DEBUG;45152;0000000000000000;BaslerControl::openCamera@51;"尝试连接第1台相机..."
2025/05/23;11:14:31.831;DEBUG;45152;0000000000000000;BaslerControl::openCamera@57;"尝试打开第1台Basler相机..."
2025/05/23;11:14:32.418;DEBUG;45152;0000000000000000;BaslerControl::openCamera@60;"已经打开第1台Basler相机"
2025/05/23;11:14:32.435;DEBUG;45152;0000000000000000;BaslerControl::openCamera@75;"第1台Basler相机连接成功"
2025/05/23;11:14:32.435;DEBUG;45152;0000000000000000;BaslerControl::openCamera@51;"尝试连接第2台相机..."
2025/05/23;11:14:32.592;DEBUG;45152;0000000000000000;BaslerControl::openCamera@57;"尝试打开第2台Basler相机..."
2025/05/23;11:14:33.226;DEBUG;45152;0000000000000000;BaslerControl::openCamera@60;"已经打开第2台Basler相机"
2025/05/23;11:14:33.250;DEBUG;45152;0000000000000000;BaslerControl::openCamera@75;"第2台Basler相机连接成功"
2025/05/23;11:14:46.269;ERROR;45152;0000000000000000;BaslerControl::openCamera@180;"图片保存成功"
2025/05/23;11:14:49.071;ERROR;45152;0000000000000000;BaslerControl::openCamera@180;"图片保存成功"
2025/05/23;11:16:42.654;ERROR;45152;0000000000000000;BaslerControl::openCamera@180;"图片保存成功"
2025/05/23;11:16:44.767;ERROR;45152;0000000000000000;BaslerControl::openCamera@180;"图片保存成功"
2025/05/23;11:17:04.138;ERROR;45152;0000000000000000;BaslerControl::openCamera@180;"图片保存成功"
2025/05/23;11:17:06.797;ERROR;45152;0000000000000000;BaslerControl::openCamera@180;"图片保存成功"
2025/05/23;11:17:23.454;ERROR;45152;0000000000000000;BaslerControl::openCamera@180;"图片保存成功"
2025/05/23;11:17:28.278;ERROR;45152;0000000000000000;BaslerControl::openCamera@180;"图片保存成功"
2025/05/23;11:19:48.861;ERROR;45152;0000000000000000;BaslerControl::openCamera@180;"图片保存成功"
2025/05/23;11:19:51.748;ERROR;45152;0000000000000000;BaslerControl::openCamera@180;"图片保存成功"
2025/05/23;11:20:22.528;ERROR;45152;0000000000000000;BaslerControl::openCamera@180;"图片保存成功"
2025/05/23;11:20:23.921;ERROR;45152;0000000000000000;BaslerControl::openCamera@180;"图片保存成功"
2025/05/23;11:20:25.876;ERROR;45152;0000000000000000;BaslerControl::openCamera@189;"采图失败，退出采图程序。"
2025/05/23;11:20:25.993;DEBUG;54652;0000000000000000;BaslerControl::closeCamera@207;"Basler相机断开连接"
2025/05/23;14:52:38.166;DEBUG;41936;0000000000000000;BaslerControl::closeCamera@207;"Basler相机断开连接"
2025/05/23;16:05:56.378;DEBUG;44312;0000000000000000;BaslerControl::closeCamera@207;"Basler相机断开连接"
2025/05/23;16:23:59.931;DEBUG;19724;0000000000000000;BaslerControl::closeCamera@207;"Basler相机断开连接"
2025/05/23;16:43:34.916;DEBUG;30164;0000000000000000;BaslerControl::closeCamera@207;"Basler相机断开连接"
2025/05/23;16:45:00.017;DEBUG;56212;0000000000000000;BaslerControl::closeCamera@207;"Basler相机断开连接"
2025/05/23;16:56:36.188;DEBUG;49432;0000000000000000;BaslerControl::closeCamera@207;"Basler相机断开连接"
2025/05/23;16:58:06.336;DEBUG;50916;0000000000000000;BaslerControl::closeCamera@207;"Basler相机断开连接"
2025/05/23;16:58:30.967;DEBUG;58120;0000000000000000;BaslerControl::closeCamera@207;"Basler相机断开连接"
2025/05/23;19:17:04.164;DEBUG;28772;0000000000000000;BaslerControl::closeCamera@207;"Basler相机断开连接"
2025/05/23;19:17:58.946;DEBUG;47876;0000000000000000;BaslerControl::closeCamera@207;"Basler相机断开连接"
2025/05/23;19:19:37.165;DEBUG;56296;0000000000000000;BaslerControl::closeCamera@207;"Basler相机断开连接"
2025/05/23;19:47:47.272;DEBUG;18468;0000000000000000;BaslerControl::closeCamera@207;"Basler相机断开连接"
2025/05/23;20:09:07.778;DEBUG;44776;0000000000000000;BaslerControl::closeCamera@207;"Basler相机断开连接"
2025/05/23;20:24:22.155;DEBUG;41764;0000000000000000;BaslerControl::closeCamera@207;"Basler相机断开连接"
2025/05/24;19:32:01.460;DEBUG;28304;0000000000000000;BaslerControl::closeCamera@207;"Basler相机断开连接"
2025/05/24;19:43:41.533;DEBUG;28348;0000000000000000;BaslerControl::closeCamera@207;"Basler相机断开连接"
2025/05/24;19:44:12.239;DEBUG;27708;0000000000000000;BaslerControl::closeCamera@207;"Basler相机断开连接"
2025/05/24;19:45:41.412;DEBUG;9004;0000000000000000;BaslerControl::closeCamera@207;"Basler相机断开连接"
2025/05/24;19:48:25.542;DEBUG;19068;0000000000000000;BaslerControl::closeCamera@207;"Basler相机断开连接"
2025/05/24;19:49:15.338;DEBUG;22980;0000000000000000;BaslerControl::closeCamera@207;"Basler相机断开连接"
2025/05/24;20:03:16.841;DEBUG;6584;0000000000000000;BaslerControl::closeCamera@207;"Basler相机断开连接"
2025/05/24;20:13:19.508;DEBUG;8732;0000000000000000;BaslerControl::closeCamera@207;"Basler相机断开连接"
2025/05/24;20:47:52.561;DEBUG;32168;0000000000000000;BaslerControl::closeCamera@207;"Basler相机断开连接"
2025/05/24;20:51:49.832;DEBUG;30464;0000000000000000;BaslerControl::closeCamera@207;"Basler相机断开连接"
2025/05/24;21:02:37.572;DEBUG;20364;0000000000000000;BaslerControl::closeCamera@207;"Basler相机断开连接"
2025/05/24;21:02:49.487;DEBUG;31024;0000000000000000;BaslerControl::closeCamera@207;"Basler相机断开连接"
2025/05/24;21:20:54.523;DEBUG;10824;0000000000000000;BaslerControl::closeCamera@207;"Basler相机断开连接"
2025/05/24;21:39:54.050;DEBUG;22732;0000000000000000;BaslerControl::closeCamera@207;"Basler相机断开连接"
2025/05/24;21:40:45.880;DEBUG;32448;0000000000000000;BaslerControl::closeCamera@207;"Basler相机断开连接"
2025/05/24;21:47:23.835;DEBUG;30316;0000000000000000;BaslerControl::closeCamera@207;"Basler相机断开连接"
2025/05/24;21:48:56.984;DEBUG;31340;0000000000000000;BaslerControl::closeCamera@207;"Basler相机断开连接"
2025/05/24;21:54:00.985;DEBUG;28016;0000000000000000;BaslerControl::closeCamera@207;"Basler相机断开连接"
2025/05/24;21:54:53.059;DEBUG;17320;0000000000000000;BaslerControl::closeCamera@207;"Basler相机断开连接"
2025/05/25;19:21:09.886;DEBUG;4452;0000000000000000;BaslerControl::closeCamera@207;"Basler相机断开连接"
2025/05/25;20:02:38.798;DEBUG;32228;0000000000000000;BaslerControl::closeCamera@212;"Basler相机断开连接"
2025/05/25;20:09:12.644;DEBUG;31020;0000000000000000;BaslerControl::closeCamera@212;"Basler相机断开连接"
2025/05/25;20:17:17.020;DEBUG;4972;0000000000000000;BaslerControl::closeCamera@212;"Basler相机断开连接"
2025/05/25;20:20:40.322;DEBUG;21404;0000000000000000;BaslerControl::closeCamera@212;"Basler相机断开连接"
2025/05/25;20:20:58.848;DEBUG;28788;0000000000000000;BaslerControl::closeCamera@212;"Basler相机断开连接"
<<<<<<< HEAD
2025/05/25;20:41:30.717;DEBUG;40776;0000000000000000;BaslerControl::closeCamera@212;"Basler相机断开连接"
2025/05/25;20:57:13.565;DEBUG;23360;0000000000000000;BaslerControl::closeCamera@212;"Basler相机断开连接"
2025/05/25;21:25:06.080;DEBUG;40212;0000000000000000;BaslerControl::closeCamera@212;"Basler相机断开连接"
2025/05/25;21:51:23.025;DEBUG;39576;0000000000000000;BaslerControl::closeCamera@212;"Basler相机断开连接"
2025/05/26;11:50:09.452;DEBUG;1856;0000000000000000;BaslerControl::closeCamera@212;"Basler相机断开连接"
2025/05/26;11:53:58.796;DEBUG;8544;0000000000000000;BaslerControl::closeCamera@212;"Basler相机断开连接"
2025/05/26;11:54:11.762;DEBUG;37168;0000000000000000;BaslerControl::closeCamera@212;"Basler相机断开连接"
=======
2025/05/25;20:30:52.490;DEBUG;33436;0000000000000000;BaslerControl::closeCamera@212;"Basler相机断开连接"
2025/05/25;21:07:00.192;DEBUG;14264;0000000000000000;BaslerControl::closeCamera@208;"Basler相机断开连接"
2025/05/25;22:08:36.942;DEBUG;29796;0000000000000000;BaslerControl::closeCamera@208;"Basler相机断开连接"
2025/05/26;09:48:03.317;DEBUG;34260;0000000000000000;BaslerControl::closeCamera@208;"Basler相机断开连接"
2025/05/26;09:48:26.318;DEBUG;24392;0000000000000000;BaslerControl::closeCamera@208;"Basler相机断开连接"
2025/05/26;09:51:34.605;DEBUG;26148;0000000000000000;BaslerControl::closeCamera@208;"Basler相机断开连接"
>>>>>>> 14f67258beab6f9128e2af30f1270ba52e11fde4
2025/05/30;10:36:44.385;DEBUG;39120;0000000000000000;BaslerControl::openCamera@30;"正在连接Basler相机... ..."
2025/05/30;10:36:44.687;DEBUG;39120;0000000000000000;BaslerControl::openCamera@45;"尝试连接第1台相机..."
2025/05/30;10:36:44.978;DEBUG;39120;0000000000000000;BaslerControl::openCamera@51;"尝试打开第1台Basler相机..."
2025/05/30;10:36:45.606;DEBUG;39120;0000000000000000;BaslerControl::openCamera@54;"已经打开第1台Basler相机"
2025/05/30;10:36:45.624;DEBUG;39120;0000000000000000;BaslerControl::openCamera@69;"第1台Basler相机连接成功"
2025/05/30;10:36:45.624;DEBUG;39120;0000000000000000;BaslerControl::openCamera@45;"尝试连接第2台相机..."
2025/05/30;10:36:45.774;DEBUG;39120;0000000000000000;BaslerControl::openCamera@51;"尝试打开第2台Basler相机..."
2025/05/30;10:36:45.894;DEBUG;39120;0000000000000000;BaslerControl::openCamera@54;"已经打开第2台Basler相机"
2025/05/30;10:36:45.919;DEBUG;39120;0000000000000000;BaslerControl::openCamera@69;"第2台Basler相机连接成功"
2025/05/30;21:42:55.738;DEBUG;39356;0000000000000000;BaslerControl::openCamera@30;"正在连接Basler相机... ..."
2025/05/30;21:42:56.010;DEBUG;39356;0000000000000000;BaslerControl::openCamera@45;"尝试连接第1台相机..."
2025/05/30;21:42:56.261;DEBUG;39356;0000000000000000;BaslerControl::openCamera@51;"尝试打开第1台Basler相机..."
2025/05/30;21:42:56.387;DEBUG;39356;0000000000000000;BaslerControl::openCamera@54;"已经打开第1台Basler相机"
2025/05/30;21:42:56.411;DEBUG;39356;0000000000000000;BaslerControl::openCamera@69;"第1台Basler相机连接成功"
2025/05/30;21:42:56.411;DEBUG;39356;0000000000000000;BaslerControl::openCamera@45;"尝试连接第2台相机..."
2025/05/30;21:42:56.575;DEBUG;39356;0000000000000000;BaslerControl::openCamera@51;"尝试打开第2台Basler相机..."
2025/05/30;21:42:56.694;DEBUG;39356;0000000000000000;BaslerControl::openCamera@54;"已经打开第2台Basler相机"
2025/05/30;21:42:56.717;DEBUG;39356;0000000000000000;BaslerControl::openCamera@69;"第2台Basler相机连接成功"
2025/05/30;22:26:02.986;DEBUG;53924;0000000000000000;BaslerControl::openCamera@30;"正在连接Basler相机... ..."
2025/05/30;22:26:03.257;DEBUG;53924;0000000000000000;BaslerControl::openCamera@45;"尝试连接第1台相机..."
2025/05/30;22:26:03.562;DEBUG;53924;0000000000000000;BaslerControl::openCamera@51;"尝试打开第1台Basler相机..."
2025/05/30;22:26:03.701;DEBUG;53924;0000000000000000;BaslerControl::openCamera@54;"已经打开第1台Basler相机"
2025/05/30;22:26:03.726;DEBUG;53924;0000000000000000;BaslerControl::openCamera@69;"第1台Basler相机连接成功"
2025/05/30;22:26:03.726;DEBUG;53924;0000000000000000;BaslerControl::openCamera@45;"尝试连接第2台相机..."
2025/05/30;22:26:03.883;DEBUG;53924;0000000000000000;BaslerControl::openCamera@51;"尝试打开第2台Basler相机..."
2025/05/30;22:26:04.007;DEBUG;53924;0000000000000000;BaslerControl::openCamera@54;"已经打开第2台Basler相机"
2025/05/30;22:26:04.031;DEBUG;53924;0000000000000000;BaslerControl::openCamera@69;"第2台Basler相机连接成功"
2025/06/01;11:42:36.889;DEBUG;34592;0000000000000000;BaslerControl::openCamera@30;"正在连接Basler相机... ..."
2025/06/01;11:42:37.163;DEBUG;34592;0000000000000000;BaslerControl::openCamera@45;"尝试连接第1台相机..."
2025/06/01;11:42:37.450;DEBUG;34592;0000000000000000;BaslerControl::openCamera@51;"尝试打开第1台Basler相机..."
2025/06/01;11:42:38.072;DEBUG;34592;0000000000000000;BaslerControl::openCamera@54;"已经打开第1台Basler相机"
2025/06/01;11:42:38.091;DEBUG;34592;0000000000000000;BaslerControl::openCamera@69;"第1台Basler相机连接成功"
2025/06/01;11:42:38.091;DEBUG;34592;0000000000000000;BaslerControl::openCamera@45;"尝试连接第2台相机..."
2025/06/01;11:42:38.255;DEBUG;34592;0000000000000000;BaslerControl::openCamera@51;"尝试打开第2台Basler相机..."
2025/06/01;11:42:38.379;DEBUG;34592;0000000000000000;BaslerControl::openCamera@54;"已经打开第2台Basler相机"
2025/06/01;11:42:38.407;DEBUG;34592;0000000000000000;BaslerControl::openCamera@69;"第2台Basler相机连接成功"
2025/06/01;11:44:52.106;DEBUG;31880;0000000000000000;BaslerControl::openCamera@30;"正在连接Basler相机... ..."
2025/06/01;11:44:52.381;DEBUG;31880;0000000000000000;BaslerControl::openCamera@45;"尝试连接第1台相机..."
2025/06/01;11:44:52.584;DEBUG;31880;0000000000000000;BaslerControl::openCamera@51;"尝试打开第1台Basler相机..."
2025/06/01;11:44:52.666;DEBUG;31880;0000000000000000;BaslerControl::openCamera@54;"已经打开第1台Basler相机"
2025/06/01;11:44:52.686;DEBUG;31880;0000000000000000;BaslerControl::openCamera@69;"第1台Basler相机连接成功"
2025/06/01;11:44:52.686;DEBUG;31880;0000000000000000;BaslerControl::openCamera@45;"尝试连接第2台相机..."
2025/06/01;11:44:52.837;DEBUG;31880;0000000000000000;BaslerControl::openCamera@51;"尝试打开第2台Basler相机..."
2025/06/01;11:44:52.962;DEBUG;31880;0000000000000000;BaslerControl::openCamera@54;"已经打开第2台Basler相机"
2025/06/01;11:44:52.984;DEBUG;31880;0000000000000000;BaslerControl::openCamera@69;"第2台Basler相机连接成功"
2025/06/01;11:45:04.384;DEBUG;29024;0000000000000000;BaslerControl::openCamera@30;"正在连接Basler相机... ..."
2025/06/01;11:45:04.654;DEBUG;29024;0000000000000000;BaslerControl::openCamera@45;"尝试连接第1台相机..."
2025/06/01;11:45:04.831;DEBUG;29024;0000000000000000;BaslerControl::openCamera@51;"尝试打开第1台Basler相机..."
2025/06/01;11:45:04.914;DEBUG;29024;0000000000000000;BaslerControl::openCamera@54;"已经打开第1台Basler相机"
2025/06/01;11:45:04.943;DEBUG;29024;0000000000000000;BaslerControl::openCamera@69;"第1台Basler相机连接成功"
2025/06/01;11:45:04.943;DEBUG;29024;0000000000000000;BaslerControl::openCamera@45;"尝试连接第2台相机..."
2025/06/01;11:45:05.104;DEBUG;29024;0000000000000000;BaslerControl::openCamera@51;"尝试打开第2台Basler相机..."
2025/06/01;11:45:05.229;DEBUG;29024;0000000000000000;BaslerControl::openCamera@54;"已经打开第2台Basler相机"
2025/06/01;11:45:05.255;DEBUG;29024;0000000000000000;BaslerControl::openCamera@69;"第2台Basler相机连接成功"
2025/06/01;11:45:13.376;DEBUG;29024;0000000000000000;BaslerControl::closeCamera@212;"Basler相机断开连接"
2025/06/01;11:46:11.959;DEBUG;15268;0000000000000000;BaslerControl::openCamera@30;"正在连接Basler相机... ..."
2025/06/01;11:46:12.232;DEBUG;15268;0000000000000000;BaslerControl::openCamera@45;"尝试连接第1台相机..."
2025/06/01;11:46:12.512;DEBUG;15268;0000000000000000;BaslerControl::openCamera@51;"尝试打开第1台Basler相机..."
2025/06/01;11:46:12.602;DEBUG;15268;0000000000000000;BaslerControl::openCamera@54;"已经打开第1台Basler相机"
2025/06/01;11:46:12.619;DEBUG;15268;0000000000000000;BaslerControl::openCamera@69;"第1台Basler相机连接成功"
2025/06/01;11:46:12.619;DEBUG;15268;0000000000000000;BaslerControl::openCamera@45;"尝试连接第2台相机..."
2025/06/01;11:46:12.763;DEBUG;15268;0000000000000000;BaslerControl::openCamera@51;"尝试打开第2台Basler相机..."
2025/06/01;11:46:12.878;DEBUG;15268;0000000000000000;BaslerControl::openCamera@54;"已经打开第2台Basler相机"
2025/06/01;11:46:12.902;DEBUG;15268;0000000000000000;BaslerControl::openCamera@69;"第2台Basler相机连接成功"
2025/06/01;11:47:13.747;DEBUG;31228;0000000000000000;BaslerControl::openCamera@30;"正在连接Basler相机... ..."
2025/06/01;11:47:14.013;DEBUG;31228;0000000000000000;BaslerControl::openCamera@45;"尝试连接第1台相机..."
2025/06/01;11:47:14.318;DEBUG;31228;0000000000000000;BaslerControl::openCamera@51;"尝试打开第1台Basler相机..."
2025/06/01;11:47:14.960;DEBUG;31228;0000000000000000;BaslerControl::openCamera@54;"已经打开第1台Basler相机"
2025/06/01;11:47:14.980;DEBUG;31228;0000000000000000;BaslerControl::openCamera@69;"第1台Basler相机连接成功"
2025/06/01;11:47:14.980;DEBUG;31228;0000000000000000;BaslerControl::openCamera@45;"尝试连接第2台相机..."
2025/06/01;11:47:15.137;DEBUG;31228;0000000000000000;BaslerControl::openCamera@51;"尝试打开第2台Basler相机..."
2025/06/01;11:47:15.260;DEBUG;31228;0000000000000000;BaslerControl::openCamera@54;"已经打开第2台Basler相机"
2025/06/01;11:47:15.284;DEBUG;31228;0000000000000000;BaslerControl::openCamera@69;"第2台Basler相机连接成功"
2025/06/01;11:47:58.679;DEBUG;6072;0000000000000000;BaslerControl::openCamera@30;"正在连接Basler相机... ..."
2025/06/01;11:47:58.952;DEBUG;6072;0000000000000000;BaslerControl::openCamera@45;"尝试连接第1台相机..."
2025/06/01;11:47:59.248;DEBUG;6072;0000000000000000;BaslerControl::openCamera@51;"尝试打开第1台Basler相机..."
2025/06/01;11:47:59.364;DEBUG;6072;0000000000000000;BaslerControl::openCamera@54;"已经打开第1台Basler相机"
2025/06/01;11:47:59.382;DEBUG;6072;0000000000000000;BaslerControl::openCamera@69;"第1台Basler相机连接成功"
2025/06/01;11:47:59.382;DEBUG;6072;0000000000000000;BaslerControl::openCamera@45;"尝试连接第2台相机..."
2025/06/01;11:47:59.533;DEBUG;6072;0000000000000000;BaslerControl::openCamera@51;"尝试打开第2台Basler相机..."
2025/06/01;11:47:59.664;DEBUG;6072;0000000000000000;BaslerControl::openCamera@54;"已经打开第2台Basler相机"
2025/06/01;11:47:59.689;DEBUG;6072;0000000000000000;BaslerControl::openCamera@69;"第2台Basler相机连接成功"
2025/06/01;11:48:42.003;DEBUG;31264;0000000000000000;BaslerControl::openCamera@30;"正在连接Basler相机... ..."
2025/06/01;11:48:42.278;DEBUG;31264;0000000000000000;BaslerControl::openCamera@45;"尝试连接第1台相机..."
2025/06/01;11:48:42.545;DEBUG;31264;0000000000000000;BaslerControl::openCamera@51;"尝试打开第1台Basler相机..."
2025/06/01;11:48:42.628;DEBUG;31264;0000000000000000;BaslerControl::openCamera@54;"已经打开第1台Basler相机"
2025/06/01;11:48:42.648;DEBUG;31264;0000000000000000;BaslerControl::openCamera@69;"第1台Basler相机连接成功"
2025/06/01;11:48:42.649;DEBUG;31264;0000000000000000;BaslerControl::openCamera@45;"尝试连接第2台相机..."
2025/06/01;11:48:42.799;DEBUG;31264;0000000000000000;BaslerControl::openCamera@51;"尝试打开第2台Basler相机..."
2025/06/01;11:48:42.925;DEBUG;31264;0000000000000000;BaslerControl::openCamera@54;"已经打开第2台Basler相机"
2025/06/01;11:48:42.951;DEBUG;31264;0000000000000000;BaslerControl::openCamera@69;"第2台Basler相机连接成功"
2025/06/01;11:49:39.239;DEBUG;2632;0000000000000000;BaslerControl::openCamera@30;"正在连接Basler相机... ..."
2025/06/01;11:49:39.513;DEBUG;2632;0000000000000000;BaslerControl::openCamera@45;"尝试连接第1台相机..."
2025/06/01;11:49:39.810;DEBUG;2632;0000000000000000;BaslerControl::openCamera@51;"尝试打开第1台Basler相机..."
2025/06/01;11:49:40.465;DEBUG;2632;0000000000000000;BaslerControl::openCamera@54;"已经打开第1台Basler相机"
2025/06/01;11:49:40.485;DEBUG;2632;0000000000000000;BaslerControl::openCamera@69;"第1台Basler相机连接成功"
2025/06/01;11:49:40.485;DEBUG;2632;0000000000000000;BaslerControl::openCamera@45;"尝试连接第2台相机..."
2025/06/01;11:49:40.634;DEBUG;2632;0000000000000000;BaslerControl::openCamera@51;"尝试打开第2台Basler相机..."
2025/06/01;11:49:40.759;DEBUG;2632;0000000000000000;BaslerControl::openCamera@54;"已经打开第2台Basler相机"
2025/06/01;11:49:40.783;DEBUG;2632;0000000000000000;BaslerControl::openCamera@69;"第2台Basler相机连接成功"
2025/06/01;14:52:41.913;DEBUG;33664;0000000000000000;BaslerControl::openCamera@30;"正在连接Basler相机... ..."
2025/06/01;14:52:42.188;DEBUG;33664;0000000000000000;BaslerControl::openCamera@45;"尝试连接第1台相机..."
2025/06/01;14:52:42.487;DEBUG;33664;0000000000000000;BaslerControl::openCamera@51;"尝试打开第1台Basler相机..."
2025/06/01;14:52:42.641;DEBUG;33664;0000000000000000;BaslerControl::openCamera@54;"已经打开第1台Basler相机"
2025/06/01;14:52:42.668;DEBUG;33664;0000000000000000;BaslerControl::openCamera@69;"第1台Basler相机连接成功"
2025/06/01;14:52:42.669;DEBUG;33664;0000000000000000;BaslerControl::openCamera@45;"尝试连接第2台相机..."
2025/06/01;14:52:42.821;DEBUG;33664;0000000000000000;BaslerControl::openCamera@51;"尝试打开第2台Basler相机..."
2025/06/01;14:52:42.952;DEBUG;33664;0000000000000000;BaslerControl::openCamera@54;"已经打开第2台Basler相机"
2025/06/01;14:52:42.978;DEBUG;33664;0000000000000000;BaslerControl::openCamera@69;"第2台Basler相机连接成功"
2025/06/01;19:13:01.949;DEBUG;44704;0000000000000000;BaslerControl::openCamera@30;"正在连接Basler相机... ..."
2025/06/01;19:13:02.222;DEBUG;44704;0000000000000000;BaslerControl::openCamera@45;"尝试连接第1台相机..."
2025/06/01;19:13:02.349;DEBUG;44704;0000000000000000;BaslerControl::openCamera@51;"尝试打开第1台Basler相机..."
2025/06/01;19:13:02.444;DEBUG;44704;0000000000000000;BaslerControl::openCamera@54;"已经打开第1台Basler相机"
2025/06/01;19:13:02.463;DEBUG;44704;0000000000000000;BaslerControl::openCamera@69;"第1台Basler相机连接成功"
2025/06/01;19:13:02.465;DEBUG;44704;0000000000000000;BaslerControl::openCamera@45;"尝试连接第2台相机..."
2025/06/01;19:13:02.614;DEBUG;44704;0000000000000000;BaslerControl::openCamera@51;"尝试打开第2台Basler相机..."
2025/06/01;19:13:02.743;DEBUG;44704;0000000000000000;BaslerControl::openCamera@54;"已经打开第2台Basler相机"
2025/06/01;19:13:02.766;DEBUG;44704;0000000000000000;BaslerControl::openCamera@69;"第2台Basler相机连接成功"
2025/06/01;19:13:02.766;DEBUG;44704;0000000000000000;BaslerControl::openCamera@45;"尝试连接第3台相机..."
2025/06/01;19:13:02.910;DEBUG;44704;0000000000000000;BaslerControl::openCamera@51;"尝试打开第3台Basler相机..."
2025/06/01;19:13:03.038;DEBUG;44704;0000000000000000;BaslerControl::openCamera@54;"已经打开第3台Basler相机"
2025/06/01;19:13:03.062;DEBUG;44704;0000000000000000;BaslerControl::openCamera@69;"第3台Basler相机连接成功"
2025/06/01;19:13:03.062;DEBUG;44704;0000000000000000;BaslerControl::openCamera@45;"尝试连接第4台相机..."
2025/06/01;19:13:03.207;DEBUG;44704;0000000000000000;BaslerControl::openCamera@51;"尝试打开第4台Basler相机..."
2025/06/01;19:13:03.332;DEBUG;44704;0000000000000000;BaslerControl::openCamera@54;"已经打开第4台Basler相机"
2025/06/01;19:13:03.356;DEBUG;44704;0000000000000000;BaslerControl::openCamera@69;"第4台Basler相机连接成功"
2025/06/01;19:15:42.430;DEBUG;6496;0000000000000000;BaslerControl::openCamera@30;"正在连接Basler相机... ..."
2025/06/01;19:15:42.700;DEBUG;6496;0000000000000000;BaslerControl::openCamera@45;"尝试连接第1台相机..."
2025/06/01;19:15:42.834;DEBUG;6496;0000000000000000;BaslerControl::openCamera@51;"尝试打开第1台Basler相机..."
2025/06/01;19:15:42.916;DEBUG;6496;0000000000000000;BaslerControl::openCamera@54;"已经打开第1台Basler相机"
2025/06/01;19:15:42.935;DEBUG;6496;0000000000000000;BaslerControl::openCamera@69;"第1台Basler相机连接成功"
2025/06/01;19:15:42.935;DEBUG;6496;0000000000000000;BaslerControl::openCamera@45;"尝试连接第3台相机..."
2025/06/01;19:15:43.082;DEBUG;6496;0000000000000000;BaslerControl::openCamera@51;"尝试打开第3台Basler相机..."
2025/06/01;19:15:43.083;ERROR;6496;0000000000000000;BaslerControl::openCamera@58;"Basler相机连接失败，可能存在其它程序正在使用相机"
2025/06/01;19:15:45.867;DEBUG;6496;0000000000000000;BaslerControl::openCamera@30;"正在连接Basler相机... ..."
2025/06/01;19:15:46.119;DEBUG;6496;0000000000000000;BaslerControl::openCamera@45;"尝试连接第1台相机..."
2025/06/01;19:15:46.334;DEBUG;6496;0000000000000000;BaslerControl::openCamera@51;"尝试打开第1台Basler相机..."
2025/06/01;19:15:46.419;DEBUG;6496;0000000000000000;BaslerControl::openCamera@54;"已经打开第1台Basler相机"
2025/06/01;19:15:46.438;DEBUG;6496;0000000000000000;BaslerControl::openCamera@69;"第1台Basler相机连接成功"
2025/06/01;19:15:46.438;DEBUG;6496;0000000000000000;BaslerControl::openCamera@45;"尝试连接第3台相机..."
2025/06/01;19:15:46.594;DEBUG;6496;0000000000000000;BaslerControl::openCamera@51;"尝试打开第3台Basler相机..."
2025/06/01;19:15:46.594;ERROR;6496;0000000000000000;BaslerControl::openCamera@58;"Basler相机连接失败，可能存在其它程序正在使用相机"
2025/06/01;19:15:47.303;DEBUG;6496;0000000000000000;BaslerControl::openCamera@30;"正在连接Basler相机... ..."
2025/06/01;19:15:47.554;DEBUG;6496;0000000000000000;BaslerControl::openCamera@45;"尝试连接第1台相机..."
2025/06/01;19:15:47.802;DEBUG;6496;0000000000000000;BaslerControl::openCamera@51;"尝试打开第1台Basler相机..."
2025/06/01;19:15:47.900;DEBUG;6496;0000000000000000;BaslerControl::openCamera@54;"已经打开第1台Basler相机"
2025/06/01;19:15:47.916;DEBUG;6496;0000000000000000;BaslerControl::openCamera@69;"第1台Basler相机连接成功"
2025/06/01;19:15:47.916;DEBUG;6496;0000000000000000;BaslerControl::openCamera@45;"尝试连接第3台相机..."
2025/06/01;19:15:48.069;DEBUG;6496;0000000000000000;BaslerControl::openCamera@51;"尝试打开第3台Basler相机..."
2025/06/01;19:15:48.069;ERROR;6496;0000000000000000;BaslerControl::openCamera@58;"Basler相机连接失败，可能存在其它程序正在使用相机"
2025/06/01;19:15:48.746;DEBUG;6496;0000000000000000;BaslerControl::openCamera@30;"正在连接Basler相机... ..."
2025/06/01;19:15:48.998;DEBUG;6496;0000000000000000;BaslerControl::openCamera@45;"尝试连接第1台相机..."
2025/06/01;19:15:49.223;DEBUG;6496;0000000000000000;BaslerControl::openCamera@51;"尝试打开第1台Basler相机..."
2025/06/01;19:15:49.319;DEBUG;6496;0000000000000000;BaslerControl::openCamera@54;"已经打开第1台Basler相机"
2025/06/01;19:15:49.338;DEBUG;6496;0000000000000000;BaslerControl::openCamera@69;"第1台Basler相机连接成功"
2025/06/01;19:15:49.338;DEBUG;6496;0000000000000000;BaslerControl::openCamera@45;"尝试连接第3台相机..."
2025/06/01;19:15:49.491;DEBUG;6496;0000000000000000;BaslerControl::openCamera@51;"尝试打开第3台Basler相机..."
2025/06/01;19:15:49.491;ERROR;6496;0000000000000000;BaslerControl::openCamera@58;"Basler相机连接失败，可能存在其它程序正在使用相机"
2025/06/01;19:15:49.975;DEBUG;6496;0000000000000000;BaslerControl::openCamera@30;"正在连接Basler相机... ..."
2025/06/01;19:15:50.226;DEBUG;6496;0000000000000000;BaslerControl::openCamera@45;"尝试连接第1台相机..."
2025/06/01;19:15:50.441;DEBUG;6496;0000000000000000;BaslerControl::openCamera@51;"尝试打开第1台Basler相机..."
2025/06/01;19:15:50.539;DEBUG;6496;0000000000000000;BaslerControl::openCamera@54;"已经打开第1台Basler相机"
2025/06/01;19:15:50.555;DEBUG;6496;0000000000000000;BaslerControl::openCamera@69;"第1台Basler相机连接成功"
2025/06/01;19:15:50.555;DEBUG;6496;0000000000000000;BaslerControl::openCamera@45;"尝试连接第3台相机..."
2025/06/01;19:15:50.713;DEBUG;6496;0000000000000000;BaslerControl::openCamera@51;"尝试打开第3台Basler相机..."
2025/06/01;19:15:50.713;ERROR;6496;0000000000000000;BaslerControl::openCamera@58;"Basler相机连接失败，可能存在其它程序正在使用相机"
2025/06/01;19:15:51.077;DEBUG;6496;0000000000000000;BaslerControl::openCamera@30;"正在连接Basler相机... ..."
2025/06/01;19:15:51.329;DEBUG;6496;0000000000000000;BaslerControl::openCamera@45;"尝试连接第1台相机..."
2025/06/01;19:15:51.562;DEBUG;6496;0000000000000000;BaslerControl::openCamera@51;"尝试打开第1台Basler相机..."
2025/06/01;19:15:51.658;DEBUG;6496;0000000000000000;BaslerControl::openCamera@54;"已经打开第1台Basler相机"
2025/06/01;19:15:51.678;DEBUG;6496;0000000000000000;BaslerControl::openCamera@69;"第1台Basler相机连接成功"
2025/06/01;19:15:51.679;DEBUG;6496;0000000000000000;BaslerControl::openCamera@45;"尝试连接第3台相机..."
2025/06/01;19:15:51.829;DEBUG;6496;0000000000000000;BaslerControl::openCamera@51;"尝试打开第3台Basler相机..."
2025/06/01;19:15:51.829;ERROR;6496;0000000000000000;BaslerControl::openCamera@58;"Basler相机连接失败，可能存在其它程序正在使用相机"
2025/06/01;19:15:52.290;DEBUG;6496;0000000000000000;BaslerControl::openCamera@30;"正在连接Basler相机... ..."
2025/06/01;19:15:52.543;DEBUG;6496;0000000000000000;BaslerControl::openCamera@45;"尝试连接第1台相机..."
2025/06/01;19:15:52.789;DEBUG;6496;0000000000000000;BaslerControl::openCamera@51;"尝试打开第1台Basler相机..."
2025/06/01;19:15:52.873;DEBUG;6496;0000000000000000;BaslerControl::openCamera@54;"已经打开第1台Basler相机"
2025/06/01;19:15:52.891;DEBUG;6496;0000000000000000;BaslerControl::openCamera@69;"第1台Basler相机连接成功"
2025/06/01;19:15:52.892;DEBUG;6496;0000000000000000;BaslerControl::openCamera@45;"尝试连接第3台相机..."
2025/06/01;19:15:53.042;DEBUG;6496;0000000000000000;BaslerControl::openCamera@51;"尝试打开第3台Basler相机..."
2025/06/01;19:15:53.042;ERROR;6496;0000000000000000;BaslerControl::openCamera@58;"Basler相机连接失败，可能存在其它程序正在使用相机"
2025/06/01;19:15:53.533;DEBUG;6496;0000000000000000;BaslerControl::openCamera@30;"正在连接Basler相机... ..."
2025/06/01;19:15:53.784;DEBUG;6496;0000000000000000;BaslerControl::openCamera@45;"尝试连接第1台相机..."
2025/06/01;19:15:53.993;DEBUG;6496;0000000000000000;BaslerControl::openCamera@51;"尝试打开第1台Basler相机..."
2025/06/01;19:15:54.090;DEBUG;6496;0000000000000000;BaslerControl::openCamera@54;"已经打开第1台Basler相机"
2025/06/01;19:15:54.109;DEBUG;6496;0000000000000000;BaslerControl::openCamera@69;"第1台Basler相机连接成功"
2025/06/01;19:15:54.109;DEBUG;6496;0000000000000000;BaslerControl::openCamera@45;"尝试连接第3台相机..."
2025/06/01;19:15:54.257;DEBUG;6496;0000000000000000;BaslerControl::openCamera@51;"尝试打开第3台Basler相机..."
2025/06/01;19:15:54.257;ERROR;6496;0000000000000000;BaslerControl::openCamera@58;"Basler相机连接失败，可能存在其它程序正在使用相机"
2025/06/01;19:15:54.710;DEBUG;6496;0000000000000000;BaslerControl::openCamera@30;"正在连接Basler相机... ..."
2025/06/01;19:15:54.961;DEBUG;6496;0000000000000000;BaslerControl::openCamera@45;"尝试连接第1台相机..."
2025/06/01;19:15:55.161;DEBUG;6496;0000000000000000;BaslerControl::openCamera@51;"尝试打开第1台Basler相机..."
2025/06/01;19:15:55.260;DEBUG;6496;0000000000000000;BaslerControl::openCamera@54;"已经打开第1台Basler相机"
2025/06/01;19:15:55.279;DEBUG;6496;0000000000000000;BaslerControl::openCamera@69;"第1台Basler相机连接成功"
2025/06/01;19:15:55.279;DEBUG;6496;0000000000000000;BaslerControl::openCamera@45;"尝试连接第3台相机..."
2025/06/01;19:15:55.436;DEBUG;6496;0000000000000000;BaslerControl::openCamera@51;"尝试打开第3台Basler相机..."
2025/06/01;19:15:55.436;ERROR;6496;0000000000000000;BaslerControl::openCamera@58;"Basler相机连接失败，可能存在其它程序正在使用相机"
2025/06/01;19:15:56.563;DEBUG;6496;0000000000000000;BaslerControl::closeCamera@208;"Basler相机断开连接"
2025/06/01;19:15:58.620;DEBUG;6496;0000000000000000;BaslerControl::openCamera@30;"正在连接Basler相机... ..."
2025/06/01;19:15:58.872;DEBUG;6496;0000000000000000;BaslerControl::openCamera@45;"尝试连接第1台相机..."
2025/06/01;19:15:59.014;DEBUG;6496;0000000000000000;BaslerControl::openCamera@51;"尝试打开第1台Basler相机..."
2025/06/01;19:15:59.098;DEBUG;6496;0000000000000000;BaslerControl::openCamera@54;"已经打开第1台Basler相机"
2025/06/01;19:15:59.115;DEBUG;6496;0000000000000000;BaslerControl::openCamera@69;"第1台Basler相机连接成功"
2025/06/01;19:15:59.115;DEBUG;6496;0000000000000000;BaslerControl::openCamera@45;"尝试连接第3台相机..."
2025/06/01;19:15:59.270;DEBUG;6496;0000000000000000;BaslerControl::openCamera@51;"尝试打开第3台Basler相机..."
2025/06/01;19:15:59.270;ERROR;6496;0000000000000000;BaslerControl::openCamera@58;"Basler相机连接失败，可能存在其它程序正在使用相机"
2025/06/01;19:15:59.910;DEBUG;6496;0000000000000000;BaslerControl::openCamera@30;"正在连接Basler相机... ..."
2025/06/01;19:16:00.162;DEBUG;6496;0000000000000000;BaslerControl::openCamera@45;"尝试连接第1台相机..."
2025/06/01;19:16:00.374;DEBUG;6496;0000000000000000;BaslerControl::openCamera@51;"尝试打开第1台Basler相机..."
2025/06/01;19:16:00.472;DEBUG;6496;0000000000000000;BaslerControl::openCamera@54;"已经打开第1台Basler相机"
2025/06/01;19:16:00.492;DEBUG;6496;0000000000000000;BaslerControl::openCamera@69;"第1台Basler相机连接成功"
2025/06/01;19:16:00.492;DEBUG;6496;0000000000000000;BaslerControl::openCamera@45;"尝试连接第3台相机..."
2025/06/01;19:16:00.645;DEBUG;6496;0000000000000000;BaslerControl::openCamera@51;"尝试打开第3台Basler相机..."
2025/06/01;19:16:00.645;ERROR;6496;0000000000000000;BaslerControl::openCamera@58;"Basler相机连接失败，可能存在其它程序正在使用相机"
2025/06/01;19:20:03.487;DEBUG;44652;0000000000000000;BaslerControl::openCamera@30;"正在连接Basler相机... ..."
2025/06/01;19:20:03.756;DEBUG;44652;0000000000000000;BaslerControl::openCamera@45;"尝试连接第1台相机..."
2025/06/01;19:20:03.886;DEBUG;44652;0000000000000000;BaslerControl::openCamera@51;"尝试打开第1台Basler相机..."
2025/06/01;19:20:03.975;DEBUG;44652;0000000000000000;BaslerControl::openCamera@54;"已经打开第1台Basler相机"
2025/06/01;19:20:03.992;DEBUG;44652;0000000000000000;BaslerControl::openCamera@69;"第1台Basler相机连接成功"
2025/06/01;19:20:03.992;DEBUG;44652;0000000000000000;BaslerControl::openCamera@45;"尝试连接第3台相机..."
2025/06/01;19:20:04.130;DEBUG;44652;0000000000000000;BaslerControl::openCamera@51;"尝试打开第3台Basler相机..."
2025/06/01;19:20:04.131;ERROR;44652;0000000000000000;BaslerControl::openCamera@58;"Basler相机连接失败，可能存在其它程序正在使用相机"
2025/06/01;19:23:20.620;DEBUG;37044;0000000000000000;BaslerControl::openCamera@30;"正在连接Basler相机... ..."
2025/06/01;19:23:20.892;DEBUG;37044;0000000000000000;BaslerControl::openCamera@45;"尝试连接第1台相机..."
2025/06/01;19:23:21.175;DEBUG;37044;0000000000000000;BaslerControl::openCamera@51;"尝试打开第1台Basler相机..."
2025/06/01;19:23:21.316;DEBUG;37044;0000000000000000;BaslerControl::openCamera@54;"已经打开第1台Basler相机"
2025/06/01;19:23:21.347;DEBUG;37044;0000000000000000;BaslerControl::openCamera@69;"第1台Basler相机连接成功"
2025/06/01;19:23:21.347;DEBUG;37044;0000000000000000;BaslerControl::openCamera@45;"尝试连接第3台相机..."
2025/06/01;19:23:21.504;DEBUG;37044;0000000000000000;BaslerControl::openCamera@51;"尝试打开第3台Basler相机..."
2025/06/01;19:23:21.504;ERROR;37044;0000000000000000;BaslerControl::openCamera@58;"Basler相机连接失败，可能存在其它程序正在使用相机"
2025/06/01;19:23:25.091;DEBUG;37044;0000000000000000;BaslerControl::closeCamera@208;"Basler相机断开连接"
2025/06/01;19:51:05.911;DEBUG;12340;0000000000000000;BaslerControl::openCamera@30;"正在连接Basler相机... ..."
2025/06/01;19:51:06.180;DEBUG;12340;0000000000000000;BaslerControl::openCamera@45;"尝试连接第1台相机..."
2025/06/01;19:51:06.473;DEBUG;12340;0000000000000000;BaslerControl::openCamera@51;"尝试打开第1台Basler相机..."
2025/06/01;19:51:06.619;DEBUG;12340;0000000000000000;BaslerControl::openCamera@54;"已经打开第1台Basler相机"
2025/06/01;19:51:06.638;DEBUG;12340;0000000000000000;BaslerControl::openCamera@69;"第1台Basler相机连接成功"
2025/06/01;19:51:06.638;DEBUG;12340;0000000000000000;BaslerControl::openCamera@45;"尝试连接第3台相机..."
2025/06/01;19:51:06.781;DEBUG;12340;0000000000000000;BaslerControl::openCamera@51;"尝试打开第3台Basler相机..."
2025/06/01;19:51:06.781;ERROR;12340;0000000000000000;BaslerControl::openCamera@58;"Basler相机连接失败，可能存在其它程序正在使用相机"
2025/06/01;19:51:08.579;DEBUG;12340;0000000000000000;BaslerControl::closeCamera@208;"Basler相机断开连接"
2025/06/01;19:51:49.349;DEBUG;28360;0000000000000000;BaslerControl::openCamera@30;"正在连接Basler相机... ..."
2025/06/01;19:51:49.620;DEBUG;28360;0000000000000000;BaslerControl::openCamera@45;"尝试连接第1台相机..."
2025/06/01;19:51:49.905;DEBUG;28360;0000000000000000;BaslerControl::openCamera@51;"尝试打开第1台Basler相机..."
2025/06/01;19:51:50.021;DEBUG;28360;0000000000000000;BaslerControl::openCamera@54;"已经打开第1台Basler相机"
2025/06/01;19:51:50.038;DEBUG;28360;0000000000000000;BaslerControl::openCamera@69;"第1台Basler相机连接成功"
2025/06/01;19:51:50.038;DEBUG;28360;0000000000000000;BaslerControl::openCamera@45;"尝试连接第3台相机..."
2025/06/01;19:51:50.198;DEBUG;28360;0000000000000000;BaslerControl::openCamera@51;"尝试打开第3台Basler相机..."
2025/06/01;19:51:50.198;ERROR;28360;0000000000000000;BaslerControl::openCamera@58;"Basler相机连接失败，可能存在其它程序正在使用相机"
2025/06/01;19:52:14.020;DEBUG;42448;0000000000000000;BaslerControl::openCamera@30;"正在连接Basler相机... ..."
2025/06/01;19:52:14.287;DEBUG;42448;0000000000000000;BaslerControl::openCamera@45;"尝试连接第1台相机..."
2025/06/01;19:52:14.515;DEBUG;42448;0000000000000000;BaslerControl::openCamera@51;"尝试打开第1台Basler相机..."
2025/06/01;19:52:14.612;DEBUG;42448;0000000000000000;BaslerControl::openCamera@54;"已经打开第1台Basler相机"
2025/06/01;19:52:14.632;DEBUG;42448;0000000000000000;BaslerControl::openCamera@69;"第1台Basler相机连接成功"
2025/06/01;19:52:14.632;DEBUG;42448;0000000000000000;BaslerControl::openCamera@45;"尝试连接第2台相机..."
2025/06/01;19:52:14.801;DEBUG;42448;0000000000000000;BaslerControl::openCamera@51;"尝试打开第2台Basler相机..."
2025/06/01;19:52:14.927;DEBUG;42448;0000000000000000;BaslerControl::openCamera@54;"已经打开第2台Basler相机"
2025/06/01;19:52:14.954;DEBUG;42448;0000000000000000;BaslerControl::openCamera@69;"第2台Basler相机连接成功"
2025/06/01;19:52:14.954;DEBUG;42448;0000000000000000;BaslerControl::openCamera@45;"尝试连接第3台相机..."
2025/06/01;19:52:15.092;DEBUG;42448;0000000000000000;BaslerControl::openCamera@51;"尝试打开第3台Basler相机..."
2025/06/01;19:52:15.222;DEBUG;42448;0000000000000000;BaslerControl::openCamera@54;"已经打开第3台Basler相机"
2025/06/01;19:52:15.244;DEBUG;42448;0000000000000000;BaslerControl::openCamera@69;"第3台Basler相机连接成功"
2025/06/01;19:52:15.244;DEBUG;42448;0000000000000000;BaslerControl::openCamera@45;"尝试连接第4台相机..."
2025/06/01;19:52:15.387;DEBUG;42448;0000000000000000;BaslerControl::openCamera@51;"尝试打开第4台Basler相机..."
2025/06/01;19:52:15.519;DEBUG;42448;0000000000000000;BaslerControl::openCamera@54;"已经打开第4台Basler相机"
2025/06/01;19:52:15.544;DEBUG;42448;0000000000000000;BaslerControl::openCamera@69;"第4台Basler相机连接成功"
2025/06/01;19:53:10.282;DEBUG;40416;0000000000000000;BaslerControl::openCamera@30;"正在连接Basler相机... ..."
2025/06/01;19:53:10.551;DEBUG;40416;0000000000000000;BaslerControl::openCamera@45;"尝试连接第1台相机..."
2025/06/01;19:53:10.730;DEBUG;40416;0000000000000000;BaslerControl::openCamera@51;"尝试打开第1台Basler相机..."
2025/06/01;19:53:10.826;DEBUG;40416;0000000000000000;BaslerControl::openCamera@54;"已经打开第1台Basler相机"
2025/06/01;19:53:10.843;DEBUG;40416;0000000000000000;BaslerControl::openCamera@69;"第1台Basler相机连接成功"
2025/06/01;19:53:10.844;DEBUG;40416;0000000000000000;BaslerControl::openCamera@45;"尝试连接第2台相机..."
2025/06/01;19:53:11.000;DEBUG;40416;0000000000000000;BaslerControl::openCamera@51;"尝试打开第2台Basler相机..."
2025/06/01;19:53:11.127;DEBUG;40416;0000000000000000;BaslerControl::openCamera@54;"已经打开第2台Basler相机"
2025/06/01;19:53:11.151;DEBUG;40416;0000000000000000;BaslerControl::openCamera@69;"第2台Basler相机连接成功"
2025/06/01;19:53:11.151;DEBUG;40416;0000000000000000;BaslerControl::openCamera@45;"尝试连接第3台相机..."
2025/06/01;19:53:11.297;DEBUG;40416;0000000000000000;BaslerControl::openCamera@51;"尝试打开第3台Basler相机..."
2025/06/01;19:53:11.422;DEBUG;40416;0000000000000000;BaslerControl::openCamera@54;"已经打开第3台Basler相机"
2025/06/01;19:53:11.445;DEBUG;40416;0000000000000000;BaslerControl::openCamera@69;"第3台Basler相机连接成功"
2025/06/01;19:53:11.445;DEBUG;40416;0000000000000000;BaslerControl::openCamera@45;"尝试连接第4台相机..."
2025/06/01;19:53:11.578;DEBUG;40416;0000000000000000;BaslerControl::openCamera@51;"尝试打开第4台Basler相机..."
2025/06/01;19:53:11.703;DEBUG;40416;0000000000000000;BaslerControl::openCamera@54;"已经打开第4台Basler相机"
2025/06/01;19:53:11.727;DEBUG;40416;0000000000000000;BaslerControl::openCamera@69;"第4台Basler相机连接成功"
2025/06/01;19:53:22.924;DEBUG;4976;0000000000000000;BaslerControl::openCamera@30;"正在连接Basler相机... ..."
2025/06/01;19:53:23.192;DEBUG;4976;0000000000000000;BaslerControl::openCamera@45;"尝试连接第1台相机..."
2025/06/01;19:53:23.432;DEBUG;4976;0000000000000000;BaslerControl::openCamera@51;"尝试打开第1台Basler相机..."
2025/06/01;19:53:24.018;DEBUG;4976;0000000000000000;BaslerControl::openCamera@54;"已经打开第1台Basler相机"
2025/06/01;19:53:24.036;DEBUG;4976;0000000000000000;BaslerControl::openCamera@69;"第1台Basler相机连接成功"
2025/06/01;19:53:24.036;DEBUG;4976;0000000000000000;BaslerControl::openCamera@45;"尝试连接第2台相机..."
2025/06/01;19:53:24.187;DEBUG;4976;0000000000000000;BaslerControl::openCamera@51;"尝试打开第2台Basler相机..."
2025/06/01;19:53:24.318;DEBUG;4976;0000000000000000;BaslerControl::openCamera@54;"已经打开第2台Basler相机"
2025/06/01;19:53:24.351;DEBUG;4976;0000000000000000;BaslerControl::openCamera@69;"第2台Basler相机连接成功"
2025/06/01;19:53:24.351;DEBUG;4976;0000000000000000;BaslerControl::openCamera@45;"尝试连接第3台相机..."
2025/06/01;19:53:24.501;DEBUG;4976;0000000000000000;BaslerControl::openCamera@51;"尝试打开第3台Basler相机..."
2025/06/01;19:53:24.631;DEBUG;4976;0000000000000000;BaslerControl::openCamera@54;"已经打开第3台Basler相机"
2025/06/01;19:53:24.653;DEBUG;4976;0000000000000000;BaslerControl::openCamera@69;"第3台Basler相机连接成功"
2025/06/01;19:53:24.653;DEBUG;4976;0000000000000000;BaslerControl::openCamera@45;"尝试连接第4台相机..."
2025/06/01;19:53:24.800;DEBUG;4976;0000000000000000;BaslerControl::openCamera@51;"尝试打开第4台Basler相机..."
2025/06/01;19:53:24.927;DEBUG;4976;0000000000000000;BaslerControl::openCamera@54;"已经打开第4台Basler相机"
2025/06/01;19:53:24.951;DEBUG;4976;0000000000000000;BaslerControl::openCamera@69;"第4台Basler相机连接成功"
2025/06/01;19:53:45.251;DEBUG;4976;0000000000000000;BaslerControl::closeCamera@208;"Basler相机断开连接"
2025/06/02;09:46:04.478;DEBUG;39324;0000000000000000;BaslerControl::openCamera@30;"正在连接Basler相机... ..."
2025/06/02;09:46:04.751;DEBUG;39324;0000000000000000;BaslerControl::openCamera@45;"尝试连接第1台相机..."
2025/06/02;09:46:05.023;DEBUG;39324;0000000000000000;BaslerControl::openCamera@51;"尝试打开第1台Basler相机..."
2025/06/02;09:46:05.115;DEBUG;39324;0000000000000000;BaslerControl::openCamera@54;"已经打开第1台Basler相机"
2025/06/02;09:46:05.139;DEBUG;39324;0000000000000000;BaslerControl::openCamera@69;"第1台Basler相机连接成功"
2025/06/02;09:46:05.139;DEBUG;39324;0000000000000000;BaslerControl::openCamera@45;"尝试连接第2台相机..."
2025/06/02;09:46:05.318;DEBUG;39324;0000000000000000;BaslerControl::openCamera@51;"尝试打开第2台Basler相机..."
2025/06/02;09:46:05.447;DEBUG;39324;0000000000000000;BaslerControl::openCamera@54;"已经打开第2台Basler相机"
2025/06/02;09:46:05.476;DEBUG;39324;0000000000000000;BaslerControl::openCamera@69;"第2台Basler相机连接成功"
2025/06/02;09:46:05.476;DEBUG;39324;0000000000000000;BaslerControl::openCamera@45;"尝试连接第3台相机..."
2025/06/02;09:46:05.646;DEBUG;39324;0000000000000000;BaslerControl::openCamera@51;"尝试打开第3台Basler相机..."
2025/06/02;09:46:05.773;DEBUG;39324;0000000000000000;BaslerControl::openCamera@54;"已经打开第3台Basler相机"
2025/06/02;09:46:05.797;DEBUG;39324;0000000000000000;BaslerControl::openCamera@69;"第3台Basler相机连接成功"
2025/06/02;09:46:05.797;DEBUG;39324;0000000000000000;BaslerControl::openCamera@45;"尝试连接第4台相机..."
2025/06/02;09:46:05.941;DEBUG;39324;0000000000000000;BaslerControl::openCamera@51;"尝试打开第4台Basler相机..."
2025/06/02;09:46:06.083;DEBUG;39324;0000000000000000;BaslerControl::openCamera@54;"已经打开第4台Basler相机"
2025/06/02;09:46:06.110;DEBUG;39324;0000000000000000;BaslerControl::openCamera@69;"第4台Basler相机连接成功"
2025/06/02;21:11:36.717;DEBUG;21928;0000000000000000;BaslerControl::openCamera@30;"正在连接Basler相机... ..."
2025/06/02;21:11:37.024;ERROR;21928;0000000000000000;BaslerControl::openCamera@37;"未找到Basler相机，请检查相机连接情况"
2025/06/02;21:13:18.702;DEBUG;3448;0000000000000000;BaslerControl::openCamera@30;"正在连接Basler相机... ..."
2025/06/02;21:13:18.974;ERROR;3448;0000000000000000;BaslerControl::openCamera@37;"未找到Basler相机，请检查相机连接情况"
2025/06/04;10:37:30.026;DEBUG;31936;0000000000000000;BaslerControl::openCamera@30;"正在连接Basler相机... ..."
2025/06/04;10:37:30.296;DEBUG;31936;0000000000000000;BaslerControl::openCamera@45;"尝试连接第1台相机..."
2025/06/04;10:37:30.430;DEBUG;31936;0000000000000000;BaslerControl::openCamera@51;"尝试打开第1台Basler相机..."
2025/06/04;10:37:30.432;ERROR;31936;0000000000000000;BaslerControl::openCamera@58;"Basler相机连接失败，可能存在其它程序正在使用相机"
2025/06/04;10:38:08.664;DEBUG;31936;0000000000000000;BaslerControl::openCamera@30;"正在连接Basler相机... ..."
2025/06/04;10:38:08.915;DEBUG;31936;0000000000000000;BaslerControl::openCamera@45;"尝试连接第1台相机..."
2025/06/04;10:38:09.422;DEBUG;31936;0000000000000000;BaslerControl::openCamera@51;"尝试打开第1台Basler相机..."
2025/06/04;10:38:09.555;DEBUG;31936;0000000000000000;BaslerControl::openCamera@54;"已经打开第1台Basler相机"
2025/06/04;10:38:09.582;DEBUG;31936;0000000000000000;BaslerControl::openCamera@69;"第1台Basler相机连接成功"
2025/06/04;10:38:09.582;DEBUG;31936;0000000000000000;BaslerControl::openCamera@45;"尝试连接第2台相机..."
2025/06/04;10:38:09.734;DEBUG;31936;0000000000000000;BaslerControl::openCamera@51;"尝试打开第2台Basler相机..."
2025/06/04;10:38:09.866;DEBUG;31936;0000000000000000;BaslerControl::openCamera@54;"已经打开第2台Basler相机"
2025/06/04;10:38:09.891;DEBUG;31936;0000000000000000;BaslerControl::openCamera@69;"第2台Basler相机连接成功"
2025/06/04;10:38:13.569;DEBUG;31936;0000000000000000;BaslerControl::openCamera@30;"正在连接Basler相机... ..."
2025/06/04;10:38:13.821;DEBUG;31936;0000000000000000;BaslerControl::openCamera@45;"尝试连接第1台相机..."
2025/06/04;10:38:14.057;DEBUG;31936;0000000000000000;BaslerControl::openCamera@51;"尝试打开第1台Basler相机..."
2025/06/04;10:38:14.186;DEBUG;31936;0000000000000000;BaslerControl::openCamera@54;"已经打开第1台Basler相机"
2025/06/04;10:38:14.211;DEBUG;31936;0000000000000000;BaslerControl::openCamera@69;"第1台Basler相机连接成功"
2025/06/04;10:38:14.211;DEBUG;31936;0000000000000000;BaslerControl::openCamera@45;"尝试连接第2台相机..."
2025/06/04;10:38:14.447;DEBUG;31936;0000000000000000;BaslerControl::openCamera@51;"尝试打开第2台Basler相机..."
2025/06/04;10:38:14.576;DEBUG;31936;0000000000000000;BaslerControl::openCamera@54;"已经打开第2台Basler相机"
2025/06/04;10:38:14.599;DEBUG;31936;0000000000000000;BaslerControl::openCamera@69;"第2台Basler相机连接成功"
2025/06/04;10:38:14.599;DEBUG;31936;0000000000000000;BaslerControl::openCamera@45;"尝试连接第3台相机..."
2025/06/04;10:38:14.759;DEBUG;31936;0000000000000000;BaslerControl::openCamera@51;"尝试打开第3台Basler相机..."
2025/06/04;10:38:14.887;DEBUG;31936;0000000000000000;BaslerControl::openCamera@54;"已经打开第3台Basler相机"
2025/06/04;10:38:14.912;DEBUG;31936;0000000000000000;BaslerControl::openCamera@69;"第3台Basler相机连接成功"
2025/06/04;10:38:34.059;DEBUG;31936;0000000000000000;BaslerControl::closeCamera@208;"Basler相机断开连接"
2025/06/04;10:38:34.059;DEBUG;31936;0000000000000000;BaslerControl::openCamera@30;"正在连接Basler相机... ..."
2025/06/04;10:38:34.312;DEBUG;31936;0000000000000000;BaslerControl::openCamera@45;"尝试连接第1台相机..."
2025/06/04;10:38:34.441;DEBUG;31936;0000000000000000;BaslerControl::openCamera@51;"尝试打开第1台Basler相机..."
2025/06/04;10:38:34.524;DEBUG;31936;0000000000000000;BaslerControl::openCamera@54;"已经打开第1台Basler相机"
2025/06/04;10:38:34.540;DEBUG;31936;0000000000000000;BaslerControl::openCamera@69;"第1台Basler相机连接成功"
2025/06/04;10:38:34.540;DEBUG;31936;0000000000000000;BaslerControl::openCamera@45;"尝试连接第2台相机..."
2025/06/04;10:38:34.679;DEBUG;31936;0000000000000000;BaslerControl::openCamera@51;"尝试打开第2台Basler相机..."
2025/06/04;10:38:34.797;DEBUG;31936;0000000000000000;BaslerControl::openCamera@54;"已经打开第2台Basler相机"
2025/06/04;10:38:34.824;DEBUG;31936;0000000000000000;BaslerControl::openCamera@69;"第2台Basler相机连接成功"
2025/06/04;10:38:34.824;DEBUG;31936;0000000000000000;BaslerControl::openCamera@45;"尝试连接第3台相机..."
2025/06/04;10:38:34.954;DEBUG;31936;0000000000000000;BaslerControl::openCamera@51;"尝试打开第3台Basler相机..."
2025/06/04;10:38:35.077;DEBUG;31936;0000000000000000;BaslerControl::openCamera@54;"已经打开第3台Basler相机"
2025/06/04;10:38:35.099;DEBUG;31936;0000000000000000;BaslerControl::openCamera@69;"第3台Basler相机连接成功"
2025/06/04;10:38:35.099;DEBUG;31936;0000000000000000;BaslerControl::openCamera@45;"尝试连接第4台相机..."
2025/06/04;10:38:35.244;DEBUG;31936;0000000000000000;BaslerControl::openCamera@51;"尝试打开第4台Basler相机..."
2025/06/04;10:38:35.374;DEBUG;31936;0000000000000000;BaslerControl::openCamera@54;"已经打开第4台Basler相机"
2025/06/04;10:38:35.400;DEBUG;31936;0000000000000000;BaslerControl::openCamera@69;"第4台Basler相机连接成功"
2025/06/04;10:38:35.400;DEBUG;31936;0000000000000000;BaslerControl::openCamera@30;"正在连接Basler相机... ..."
2025/06/04;10:38:35.654;DEBUG;31936;0000000000000000;BaslerControl::openCamera@45;"尝试连接第1台相机..."
2025/06/04;10:39:24.453;DEBUG;54644;0000000000000000;BaslerControl::openCamera@30;"正在连接Basler相机... ..."
2025/06/04;10:39:24.726;DEBUG;54644;0000000000000000;BaslerControl::openCamera@45;"尝试连接第1台相机..."
2025/06/04;10:39:24.968;DEBUG;54644;0000000000000000;BaslerControl::openCamera@51;"尝试打开第1台Basler相机..."
2025/06/04;10:39:25.052;DEBUG;54644;0000000000000000;BaslerControl::openCamera@54;"已经打开第1台Basler相机"
2025/06/04;10:39:25.073;DEBUG;54644;0000000000000000;BaslerControl::openCamera@69;"第1台Basler相机连接成功"
2025/06/04;10:39:25.073;DEBUG;54644;0000000000000000;BaslerControl::openCamera@45;"尝试连接第3台相机..."
2025/06/04;10:39:25.216;DEBUG;54644;0000000000000000;BaslerControl::openCamera@51;"尝试打开第3台Basler相机..."
2025/06/04;10:39:25.216;ERROR;54644;0000000000000000;BaslerControl::openCamera@58;"Basler相机连接失败，可能存在其它程序正在使用相机"
2025/06/04;10:39:27.455;DEBUG;54644;0000000000000000;BaslerControl::openCamera@30;"正在连接Basler相机... ..."
2025/06/04;10:39:27.706;DEBUG;54644;0000000000000000;BaslerControl::openCamera@45;"尝试连接第1台相机..."
2025/06/04;10:39:27.973;DEBUG;54644;0000000000000000;BaslerControl::openCamera@51;"尝试打开第1台Basler相机..."
2025/06/04;10:39:28.071;DEBUG;54644;0000000000000000;BaslerControl::openCamera@54;"已经打开第1台Basler相机"
2025/06/04;10:39:28.091;DEBUG;54644;0000000000000000;BaslerControl::openCamera@69;"第1台Basler相机连接成功"
2025/06/04;10:39:28.092;DEBUG;54644;0000000000000000;BaslerControl::openCamera@45;"尝试连接第3台相机..."
2025/06/04;10:39:28.244;DEBUG;54644;0000000000000000;BaslerControl::openCamera@51;"尝试打开第3台Basler相机..."
2025/06/04;10:39:28.244;ERROR;54644;0000000000000000;BaslerControl::openCamera@58;"Basler相机连接失败，可能存在其它程序正在使用相机"
2025/06/04;10:39:42.432;DEBUG;54644;0000000000000000;BaslerControl::openCamera@30;"正在连接Basler相机... ..."
2025/06/04;10:39:42.683;DEBUG;54644;0000000000000000;BaslerControl::openCamera@45;"尝试连接第2台相机..."
2025/06/04;10:39:42.917;DEBUG;54644;0000000000000000;BaslerControl::openCamera@51;"尝试打开第2台Basler相机..."
2025/06/04;10:39:43.057;DEBUG;54644;0000000000000000;BaslerControl::openCamera@54;"已经打开第2台Basler相机"
2025/06/04;10:39:43.087;DEBUG;54644;0000000000000000;BaslerControl::openCamera@69;"第2台Basler相机连接成功"
2025/06/04;10:39:43.088;DEBUG;54644;0000000000000000;BaslerControl::openCamera@45;"尝试连接第3台相机..."
2025/06/04;10:39:43.379;DEBUG;54644;0000000000000000;BaslerControl::openCamera@51;"尝试打开第3台Basler相机..."
2025/06/04;10:39:43.380;ERROR;54644;0000000000000000;BaslerControl::openCamera@58;"Basler相机连接失败，可能存在其它程序正在使用相机"
2025/06/04;10:39:45.887;DEBUG;54644;0000000000000000;BaslerControl::openCamera@30;"正在连接Basler相机... ..."
2025/06/04;10:39:46.139;DEBUG;54644;0000000000000000;BaslerControl::openCamera@45;"尝试连接第2台相机..."
2025/06/04;10:39:46.465;DEBUG;54644;0000000000000000;BaslerControl::openCamera@51;"尝试打开第2台Basler相机..."
2025/06/04;10:39:46.608;DEBUG;54644;0000000000000000;BaslerControl::openCamera@54;"已经打开第2台Basler相机"
2025/06/04;10:39:46.638;DEBUG;54644;0000000000000000;BaslerControl::openCamera@69;"第2台Basler相机连接成功"
2025/06/04;10:39:46.639;DEBUG;54644;0000000000000000;BaslerControl::openCamera@45;"尝试连接第3台相机..."
2025/06/04;10:39:46.924;DEBUG;54644;0000000000000000;BaslerControl::openCamera@51;"尝试打开第3台Basler相机..."
2025/06/04;10:39:46.924;ERROR;54644;0000000000000000;BaslerControl::openCamera@58;"Basler相机连接失败，可能存在其它程序正在使用相机"
2025/06/04;10:40:19.367;DEBUG;54644;0000000000000000;BaslerControl::openCamera@30;"正在连接Basler相机... ..."
2025/06/04;10:40:19.619;DEBUG;54644;0000000000000000;BaslerControl::openCamera@45;"尝试连接第1台相机..."
2025/06/04;10:40:19.782;DEBUG;54644;0000000000000000;BaslerControl::openCamera@51;"尝试打开第1台Basler相机..."
2025/06/04;10:40:19.868;DEBUG;54644;0000000000000000;BaslerControl::openCamera@54;"已经打开第1台Basler相机"
2025/06/04;10:40:19.887;DEBUG;54644;0000000000000000;BaslerControl::openCamera@69;"第1台Basler相机连接成功"
2025/06/04;10:40:25.248;DEBUG;54644;0000000000000000;BaslerControl::openCamera@30;"正在连接Basler相机... ..."
2025/06/04;10:40:25.500;DEBUG;54644;0000000000000000;BaslerControl::openCamera@45;"尝试连接第1台相机..."
2025/06/04;10:40:25.716;DEBUG;54644;0000000000000000;BaslerControl::openCamera@51;"尝试打开第1台Basler相机..."
2025/06/04;10:40:25.796;DEBUG;54644;0000000000000000;BaslerControl::openCamera@54;"已经打开第1台Basler相机"
2025/06/04;10:40:25.812;DEBUG;54644;0000000000000000;BaslerControl::openCamera@69;"第1台Basler相机连接成功"
2025/06/04;10:40:25.812;DEBUG;54644;0000000000000000;BaslerControl::openCamera@45;"尝试连接第3台相机..."
2025/06/04;10:40:25.966;DEBUG;54644;0000000000000000;BaslerControl::openCamera@51;"尝试打开第3台Basler相机..."
2025/06/04;10:40:25.966;ERROR;54644;0000000000000000;BaslerControl::openCamera@58;"Basler相机连接失败，可能存在其它程序正在使用相机"
2025/06/04;10:40:26.069;DEBUG;54644;0000000000000000;BaslerControl::closeCamera@208;"Basler相机断开连接"
2025/06/04;10:40:27.786;DEBUG;54644;0000000000000000;BaslerControl::openCamera@30;"正在连接Basler相机... ..."
2025/06/04;10:40:28.037;DEBUG;54644;0000000000000000;BaslerControl::openCamera@45;"尝试连接第1台相机..."
2025/06/04;10:40:28.315;DEBUG;54644;0000000000000000;BaslerControl::openCamera@51;"尝试打开第1台Basler相机..."
2025/06/04;10:40:28.396;DEBUG;54644;0000000000000000;BaslerControl::openCamera@54;"已经打开第1台Basler相机"
2025/06/04;10:40:28.411;DEBUG;54644;0000000000000000;BaslerControl::openCamera@69;"第1台Basler相机连接成功"
2025/06/04;10:40:28.411;DEBUG;54644;0000000000000000;BaslerControl::openCamera@45;"尝试连接第3台相机..."
2025/06/04;10:40:28.566;DEBUG;54644;0000000000000000;BaslerControl::openCamera@51;"尝试打开第3台Basler相机..."
2025/06/04;10:40:28.566;ERROR;54644;0000000000000000;BaslerControl::openCamera@58;"Basler相机连接失败，可能存在其它程序正在使用相机"
2025/06/04;10:40:29.305;DEBUG;54644;0000000000000000;BaslerControl::openCamera@30;"正在连接Basler相机... ..."
2025/06/04;10:40:29.556;DEBUG;54644;0000000000000000;BaslerControl::openCamera@45;"尝试连接第1台相机..."
2025/06/04;10:40:29.760;DEBUG;54644;0000000000000000;BaslerControl::openCamera@51;"尝试打开第1台Basler相机..."
2025/06/04;10:40:29.846;DEBUG;54644;0000000000000000;BaslerControl::openCamera@54;"已经打开第1台Basler相机"
2025/06/04;10:40:29.862;DEBUG;54644;0000000000000000;BaslerControl::openCamera@69;"第1台Basler相机连接成功"
2025/06/04;10:40:29.862;DEBUG;54644;0000000000000000;BaslerControl::openCamera@45;"尝试连接第3台相机..."
2025/06/04;10:40:30.013;DEBUG;54644;0000000000000000;BaslerControl::openCamera@51;"尝试打开第3台Basler相机..."
2025/06/04;10:40:30.013;ERROR;54644;0000000000000000;BaslerControl::openCamera@58;"Basler相机连接失败，可能存在其它程序正在使用相机"
2025/06/18;09:14:07.013;DEBUG;42348;0000000000000000;BaslerControl::openCamera@30;"正在连接Basler相机... ..."
2025/06/18;09:14:07.316;DEBUG;42348;0000000000000000;BaslerControl::openCamera@45;"尝试连接第1台相机..."
2025/06/18;09:14:07.605;DEBUG;42348;0000000000000000;BaslerControl::openCamera@51;"尝试打开第1台Basler相机..."
2025/06/18;09:14:07.699;DEBUG;42348;0000000000000000;BaslerControl::openCamera@54;"已经打开第1台Basler相机"
2025/06/18;09:14:07.719;DEBUG;42348;0000000000000000;BaslerControl::openCamera@69;"第1台Basler相机连接成功"
2025/06/18;09:14:07.720;DEBUG;42348;0000000000000000;BaslerControl::openCamera@45;"尝试连接第2台相机..."
2025/06/18;09:14:07.880;DEBUG;42348;0000000000000000;BaslerControl::openCamera@51;"尝试打开第2台Basler相机..."
2025/06/18;09:14:08.003;DEBUG;42348;0000000000000000;BaslerControl::openCamera@54;"已经打开第2台Basler相机"
2025/06/18;09:14:08.027;DEBUG;42348;0000000000000000;BaslerControl::openCamera@69;"第2台Basler相机连接成功"
2025/06/18;09:14:08.027;DEBUG;42348;0000000000000000;BaslerControl::openCamera@45;"尝试连接第3台相机..."
2025/06/18;09:14:08.175;DEBUG;42348;0000000000000000;BaslerControl::openCamera@51;"尝试打开第3台Basler相机..."
2025/06/18;09:14:08.301;DEBUG;42348;0000000000000000;BaslerControl::openCamera@54;"已经打开第3台Basler相机"
2025/06/18;09:14:08.327;DEBUG;42348;0000000000000000;BaslerControl::openCamera@69;"第3台Basler相机连接成功"
2025/06/18;09:14:12.376;ERROR;42348;0000000000000000;BaslerControl::openCamera@180;"图片保存成功"
2025/06/18;09:15:17.297;DEBUG;38192;0000000000000000;BaslerControl::openCamera@30;"正在连接Basler相机... ..."
2025/06/18;09:15:17.569;DEBUG;38192;0000000000000000;BaslerControl::openCamera@45;"尝试连接第1台相机..."
2025/06/18;09:15:17.851;DEBUG;38192;0000000000000000;BaslerControl::openCamera@51;"尝试打开第1台Basler相机..."
2025/06/18;09:15:17.940;DEBUG;38192;0000000000000000;BaslerControl::openCamera@54;"已经打开第1台Basler相机"
2025/06/18;09:15:17.958;DEBUG;38192;0000000000000000;BaslerControl::openCamera@69;"第1台Basler相机连接成功"
2025/06/18;09:15:17.958;DEBUG;38192;0000000000000000;BaslerControl::openCamera@45;"尝试连接第2台相机..."
2025/06/18;09:15:18.113;DEBUG;38192;0000000000000000;BaslerControl::openCamera@51;"尝试打开第2台Basler相机..."
2025/06/18;09:15:18.752;DEBUG;38192;0000000000000000;BaslerControl::openCamera@54;"已经打开第2台Basler相机"
2025/06/18;09:15:18.775;DEBUG;38192;0000000000000000;BaslerControl::openCamera@69;"第2台Basler相机连接成功"
2025/06/18;09:15:18.775;DEBUG;38192;0000000000000000;BaslerControl::openCamera@45;"尝试连接第3台相机..."
2025/06/18;09:15:18.926;DEBUG;38192;0000000000000000;BaslerControl::openCamera@51;"尝试打开第3台Basler相机..."
2025/06/18;09:15:19.048;DEBUG;38192;0000000000000000;BaslerControl::openCamera@54;"已经打开第3台Basler相机"
2025/06/18;09:15:19.070;DEBUG;38192;0000000000000000;BaslerControl::openCamera@69;"第3台Basler相机连接成功"
2025/06/18;09:15:21.778;ERROR;38192;0000000000000000;BaslerControl::openCamera@180;"图片保存成功"
2025/06/18;09:15:59.032;DEBUG;21660;0000000000000000;BaslerControl::openCamera@30;"正在连接Basler相机... ..."
2025/06/18;09:15:59.303;DEBUG;21660;0000000000000000;BaslerControl::openCamera@45;"尝试连接第1台相机..."
2025/06/18;09:15:59.467;DEBUG;21660;0000000000000000;BaslerControl::openCamera@51;"尝试打开第1台Basler相机..."
2025/06/18;09:15:59.565;DEBUG;21660;0000000000000000;BaslerControl::openCamera@54;"已经打开第1台Basler相机"
2025/06/18;09:15:59.583;DEBUG;21660;0000000000000000;BaslerControl::openCamera@69;"第1台Basler相机连接成功"
2025/06/18;09:15:59.583;DEBUG;21660;0000000000000000;BaslerControl::openCamera@45;"尝试连接第2台相机..."
2025/06/18;09:15:59.736;DEBUG;21660;0000000000000000;BaslerControl::openCamera@51;"尝试打开第2台Basler相机..."
2025/06/18;09:15:59.857;DEBUG;21660;0000000000000000;BaslerControl::openCamera@54;"已经打开第2台Basler相机"
2025/06/18;09:15:59.879;DEBUG;21660;0000000000000000;BaslerControl::openCamera@69;"第2台Basler相机连接成功"
2025/06/18;09:15:59.880;DEBUG;21660;0000000000000000;BaslerControl::openCamera@45;"尝试连接第3台相机..."
2025/06/18;09:16:00.018;DEBUG;21660;0000000000000000;BaslerControl::openCamera@51;"尝试打开第3台Basler相机..."
2025/06/18;09:16:00.141;DEBUG;21660;0000000000000000;BaslerControl::openCamera@54;"已经打开第3台Basler相机"
2025/06/18;09:16:00.163;DEBUG;21660;0000000000000000;BaslerControl::openCamera@69;"第3台Basler相机连接成功"
2025/06/18;09:16:38.270;ERROR;21660;0000000000000000;BaslerControl::openCamera@180;"图片保存成功"
2025/06/18;09:16:43.143;ERROR;21660;0000000000000000;BaslerControl::openCamera@180;"图片保存成功"
2025/06/18;09:17:23.491;ERROR;21660;0000000000000000;BaslerControl::openCamera@180;"图片保存成功"
2025/06/18;09:18:14.546;DEBUG;35208;0000000000000000;BaslerControl::openCamera@30;"正在连接Basler相机... ..."
2025/06/18;09:18:14.818;DEBUG;35208;0000000000000000;BaslerControl::openCamera@45;"尝试连接第1台相机..."
2025/06/18;09:18:15.106;DEBUG;35208;0000000000000000;BaslerControl::openCamera@51;"尝试打开第1台Basler相机..."
2025/06/18;09:18:15.253;DEBUG;35208;0000000000000000;BaslerControl::openCamera@54;"已经打开第1台Basler相机"
2025/06/18;09:18:15.278;DEBUG;35208;0000000000000000;BaslerControl::openCamera@69;"第1台Basler相机连接成功"
2025/06/18;09:18:15.278;DEBUG;35208;0000000000000000;BaslerControl::openCamera@45;"尝试连接第2台相机..."
2025/06/18;09:18:15.434;DEBUG;35208;0000000000000000;BaslerControl::openCamera@51;"尝试打开第2台Basler相机..."
2025/06/18;09:18:16.071;DEBUG;35208;0000000000000000;BaslerControl::openCamera@54;"已经打开第2台Basler相机"
2025/06/18;09:18:16.094;DEBUG;35208;0000000000000000;BaslerControl::openCamera@69;"第2台Basler相机连接成功"
2025/06/18;09:18:16.094;DEBUG;35208;0000000000000000;BaslerControl::openCamera@45;"尝试连接第3台相机..."
2025/06/18;09:18:16.243;DEBUG;35208;0000000000000000;BaslerControl::openCamera@51;"尝试打开第3台Basler相机..."
2025/06/18;09:18:16.370;DEBUG;35208;0000000000000000;BaslerControl::openCamera@54;"已经打开第3台Basler相机"
2025/06/18;09:18:16.393;DEBUG;35208;0000000000000000;BaslerControl::openCamera@69;"第3台Basler相机连接成功"
2025/06/18;09:50:04.335;ERROR;35208;0000000000000000;BaslerControl::openCamera@180;"图片保存成功"
2025/06/18;09:50:33.603;ERROR;35208;0000000000000000;BaslerControl::openCamera@180;"图片保存成功"
2025/06/18;09:51:00.958;ERROR;35208;0000000000000000;BaslerControl::openCamera@180;"图片保存成功"
2025/06/18;09:51:31.950;ERROR;35208;0000000000000000;BaslerControl::openCamera@180;"图片保存成功"
2025/06/18;09:52:02.188;ERROR;35208;0000000000000000;BaslerControl::openCamera@180;"图片保存成功"
2025/06/18;09:52:36.474;ERROR;35208;0000000000000000;BaslerControl::openCamera@180;"图片保存成功"
2025/06/18;09:53:06.857;ERROR;35208;0000000000000000;BaslerControl::openCamera@180;"图片保存成功"
2025/06/18;09:53:32.936;ERROR;35208;0000000000000000;BaslerControl::openCamera@180;"图片保存成功"
2025/06/18;09:53:55.937;ERROR;35208;0000000000000000;BaslerControl::openCamera@180;"图片保存成功"
2025/06/18;09:54:20.275;ERROR;35208;0000000000000000;BaslerControl::openCamera@180;"图片保存成功"
2025/06/18;09:55:34.365;ERROR;35208;0000000000000000;BaslerControl::openCamera@180;"图片保存成功"
2025/06/18;09:56:03.908;ERROR;35208;0000000000000000;BaslerControl::openCamera@180;"图片保存成功"
2025/06/18;09:56:33.484;ERROR;35208;0000000000000000;BaslerControl::openCamera@180;"图片保存成功"
2025/06/18;09:56:52.895;ERROR;35208;0000000000000000;BaslerControl::openCamera@180;"图片保存成功"
2025/06/18;09:57:10.041;ERROR;35208;0000000000000000;BaslerControl::openCamera@180;"图片保存成功"
2025/06/18;09:57:28.994;ERROR;35208;0000000000000000;BaslerControl::openCamera@180;"图片保存成功"
2025/06/18;09:57:55.344;ERROR;35208;0000000000000000;BaslerControl::openCamera@180;"图片保存成功"
2025/06/18;09:58:19.583;ERROR;35208;0000000000000000;BaslerControl::openCamera@180;"图片保存成功"
2025/06/18;09:59:22.477;ERROR;35208;0000000000000000;BaslerControl::openCamera@180;"图片保存成功"
2025/06/18;10:06:52.236;ERROR;35208;0000000000000000;BaslerControl::openCamera@180;"图片保存成功"
2025/06/18;10:23:45.234;DEBUG;42372;0000000000000000;BaslerControl::openCamera@30;"正在连接Basler相机... ..."
2025/06/18;10:23:45.506;DEBUG;42372;0000000000000000;BaslerControl::openCamera@45;"尝试连接第1台相机..."
2025/06/18;10:23:45.812;DEBUG;42372;0000000000000000;BaslerControl::openCamera@51;"尝试打开第1台Basler相机..."
2025/06/18;10:23:45.956;DEBUG;42372;0000000000000000;BaslerControl::openCamera@54;"已经打开第1台Basler相机"
2025/06/18;10:23:45.974;DEBUG;42372;0000000000000000;BaslerControl::openCamera@69;"第1台Basler相机连接成功"
2025/06/18;10:23:45.974;DEBUG;42372;0000000000000000;BaslerControl::openCamera@45;"尝试连接第2台相机..."
2025/06/18;10:23:46.113;DEBUG;42372;0000000000000000;BaslerControl::openCamera@51;"尝试打开第2台Basler相机..."
2025/06/18;10:23:46.239;DEBUG;42372;0000000000000000;BaslerControl::openCamera@54;"已经打开第2台Basler相机"
2025/06/18;10:23:46.262;DEBUG;42372;0000000000000000;BaslerControl::openCamera@69;"第2台Basler相机连接成功"
2025/06/18;10:23:46.262;DEBUG;42372;0000000000000000;BaslerControl::openCamera@45;"尝试连接第3台相机..."
2025/06/18;10:23:46.411;DEBUG;42372;0000000000000000;BaslerControl::openCamera@51;"尝试打开第3台Basler相机..."
2025/06/18;10:23:46.533;DEBUG;42372;0000000000000000;BaslerControl::openCamera@54;"已经打开第3台Basler相机"
2025/06/18;10:23:46.555;DEBUG;42372;0000000000000000;BaslerControl::openCamera@69;"第3台Basler相机连接成功"
2025/06/18;10:23:56.847;ERROR;42372;0000000000000000;BaslerControl::openCamera@180;"图片保存成功"
2025/06/18;10:24:10.737;ERROR;42372;0000000000000000;BaslerControl::openCamera@180;"图片保存成功"
2025/06/18;10:26:22.351;DEBUG;8784;0000000000000000;BaslerControl::openCamera@30;"正在连接Basler相机... ..."
2025/06/18;10:26:22.621;DEBUG;8784;0000000000000000;BaslerControl::openCamera@45;"尝试连接第1台相机..."
2025/06/18;10:26:22.834;DEBUG;8784;0000000000000000;BaslerControl::openCamera@51;"尝试打开第1台Basler相机..."
2025/06/18;10:26:22.920;DEBUG;8784;0000000000000000;BaslerControl::openCamera@54;"已经打开第1台Basler相机"
2025/06/18;10:26:22.937;DEBUG;8784;0000000000000000;BaslerControl::openCamera@69;"第1台Basler相机连接成功"
2025/06/18;10:26:22.937;DEBUG;8784;0000000000000000;BaslerControl::openCamera@45;"尝试连接第2台相机..."
2025/06/18;10:26:23.074;DEBUG;8784;0000000000000000;BaslerControl::openCamera@51;"尝试打开第2台Basler相机..."
2025/06/18;10:26:23.200;DEBUG;8784;0000000000000000;BaslerControl::openCamera@54;"已经打开第2台Basler相机"
2025/06/18;10:26:23.224;DEBUG;8784;0000000000000000;BaslerControl::openCamera@69;"第2台Basler相机连接成功"
2025/06/18;10:26:23.224;DEBUG;8784;0000000000000000;BaslerControl::openCamera@45;"尝试连接第3台相机..."
2025/06/18;10:26:23.371;DEBUG;8784;0000000000000000;BaslerControl::openCamera@51;"尝试打开第3台Basler相机..."
2025/06/18;10:26:23.497;DEBUG;8784;0000000000000000;BaslerControl::openCamera@54;"已经打开第3台Basler相机"
2025/06/18;10:26:23.520;DEBUG;8784;0000000000000000;BaslerControl::openCamera@69;"第3台Basler相机连接成功"
2025/06/18;10:26:26.942;ERROR;8784;0000000000000000;BaslerControl::openCamera@180;"图片保存成功"
2025/06/18;10:26:35.793;ERROR;8784;0000000000000000;BaslerControl::openCamera@180;"图片保存成功"
2025/06/18;10:26:47.713;ERROR;8784;0000000000000000;BaslerControl::openCamera@180;"图片保存成功"
2025/06/18;10:30:18.576;DEBUG;25972;0000000000000000;BaslerControl::openCamera@30;"正在连接Basler相机... ..."
2025/06/18;10:30:18.849;DEBUG;25972;0000000000000000;BaslerControl::openCamera@45;"尝试连接第1台相机..."
2025/06/18;10:30:19.059;DEBUG;25972;0000000000000000;BaslerControl::openCamera@51;"尝试打开第1台Basler相机..."
2025/06/18;10:30:19.144;DEBUG;25972;0000000000000000;BaslerControl::openCamera@54;"已经打开第1台Basler相机"
2025/06/18;10:30:19.160;DEBUG;25972;0000000000000000;BaslerControl::openCamera@69;"第1台Basler相机连接成功"
2025/06/18;10:30:19.161;DEBUG;25972;0000000000000000;BaslerControl::openCamera@45;"尝试连接第2台相机..."
2025/06/18;10:30:19.299;DEBUG;25972;0000000000000000;BaslerControl::openCamera@51;"尝试打开第2台Basler相机..."
2025/06/18;10:30:19.418;DEBUG;25972;0000000000000000;BaslerControl::openCamera@54;"已经打开第2台Basler相机"
2025/06/18;10:30:19.440;DEBUG;25972;0000000000000000;BaslerControl::openCamera@69;"第2台Basler相机连接成功"
2025/06/18;10:30:19.440;DEBUG;25972;0000000000000000;BaslerControl::openCamera@45;"尝试连接第3台相机..."
2025/06/18;10:30:19.583;DEBUG;25972;0000000000000000;BaslerControl::openCamera@51;"尝试打开第3台Basler相机..."
2025/06/18;10:30:19.705;DEBUG;25972;0000000000000000;BaslerControl::openCamera@54;"已经打开第3台Basler相机"
2025/06/18;10:30:19.728;DEBUG;25972;0000000000000000;BaslerControl::openCamera@69;"第3台Basler相机连接成功"
2025/06/18;10:30:28.587;ERROR;25972;0000000000000000;BaslerControl::openCamera@180;"图片保存成功"
2025/06/18;10:30:36.786;ERROR;25972;0000000000000000;BaslerControl::openCamera@180;"图片保存成功"
2025/06/18;10:30:46.131;ERROR;25972;0000000000000000;BaslerControl::openCamera@180;"图片保存成功"
2025/06/18;10:43:48.348;DEBUG;43800;0000000000000000;BaslerControl::openCamera@30;"正在连接Basler相机... ..."
2025/06/18;10:43:48.631;DEBUG;43800;0000000000000000;BaslerControl::openCamera@45;"尝试连接第1台相机..."
2025/06/18;10:43:48.776;DEBUG;43800;0000000000000000;BaslerControl::openCamera@51;"尝试打开第1台Basler相机..."
2025/06/18;10:43:48.872;DEBUG;43800;0000000000000000;BaslerControl::openCamera@54;"已经打开第1台Basler相机"
2025/06/18;10:43:48.889;DEBUG;43800;0000000000000000;BaslerControl::openCamera@69;"第1台Basler相机连接成功"
2025/06/18;10:43:48.889;DEBUG;43800;0000000000000000;BaslerControl::openCamera@45;"尝试连接第2台相机..."
2025/06/18;10:43:49.032;DEBUG;43800;0000000000000000;BaslerControl::openCamera@51;"尝试打开第2台Basler相机..."
2025/06/18;10:43:49.158;DEBUG;43800;0000000000000000;BaslerControl::openCamera@54;"已经打开第2台Basler相机"
2025/06/18;10:43:49.180;DEBUG;43800;0000000000000000;BaslerControl::openCamera@69;"第2台Basler相机连接成功"
2025/06/18;10:43:49.180;DEBUG;43800;0000000000000000;BaslerControl::openCamera@45;"尝试连接第3台相机..."
2025/06/18;10:43:49.329;DEBUG;43800;0000000000000000;BaslerControl::openCamera@51;"尝试打开第3台Basler相机..."
2025/06/18;10:43:49.455;DEBUG;43800;0000000000000000;BaslerControl::openCamera@54;"已经打开第3台Basler相机"
2025/06/18;10:43:49.478;DEBUG;43800;0000000000000000;BaslerControl::openCamera@69;"第3台Basler相机连接成功"
2025/06/18;10:51:39.254;ERROR;43800;0000000000000000;BaslerControl::openCamera@184;"图片保存成功"
2025/06/18;10:54:19.646;ERROR;43800;0000000000000000;BaslerControl::openCamera@184;"图片保存成功"
2025/06/18;10:55:18.090;ERROR;43800;0000000000000000;BaslerControl::openCamera@184;"图片保存成功"
2025/06/18;10:56:33.727;ERROR;43800;0000000000000000;BaslerControl::openCamera@184;"图片保存成功"
2025/06/18;10:57:15.229;ERROR;43800;0000000000000000;BaslerControl::openCamera@184;"图片保存成功"
2025/06/18;10:58:08.517;ERROR;43800;0000000000000000;BaslerControl::openCamera@184;"图片保存成功"
2025/06/18;10:58:48.584;ERROR;43800;0000000000000000;BaslerControl::openCamera@184;"图片保存成功"
2025/06/18;10:59:28.622;ERROR;43800;0000000000000000;BaslerControl::openCamera@184;"图片保存成功"
2025/06/18;11:00:07.573;ERROR;43800;0000000000000000;BaslerControl::openCamera@184;"图片保存成功"
2025/06/18;11:00:50.483;ERROR;43800;0000000000000000;BaslerControl::openCamera@184;"图片保存成功"
2025/06/18;11:01:28.105;ERROR;43800;0000000000000000;BaslerControl::openCamera@184;"图片保存成功"
2025/06/18;11:02:18.231;ERROR;43800;0000000000000000;BaslerControl::openCamera@184;"图片保存成功"
2025/06/18;11:02:54.822;ERROR;43800;0000000000000000;BaslerControl::openCamera@184;"图片保存成功"
2025/06/18;11:04:00.016;ERROR;43800;0000000000000000;BaslerControl::openCamera@184;"图片保存成功"
2025/06/18;11:04:41.105;ERROR;43800;0000000000000000;BaslerControl::openCamera@184;"图片保存成功"
2025/06/18;11:05:23.736;ERROR;43800;0000000000000000;BaslerControl::openCamera@184;"图片保存成功"
2025/06/18;11:06:09.596;ERROR;43800;0000000000000000;BaslerControl::openCamera@184;"图片保存成功"
2025/06/18;11:06:54.385;ERROR;43800;0000000000000000;BaslerControl::openCamera@184;"图片保存成功"
2025/06/18;11:07:40.186;ERROR;43800;0000000000000000;BaslerControl::openCamera@184;"图片保存成功"
2025/06/18;11:08:25.486;ERROR;43800;0000000000000000;BaslerControl::openCamera@184;"图片保存成功"
2025/06/18;11:10:08.297;DEBUG;18320;0000000000000000;BaslerControl::openCamera@30;"正在连接Basler相机... ..."
2025/06/18;11:10:08.575;DEBUG;18320;0000000000000000;BaslerControl::openCamera@45;"尝试连接第1台相机..."
2025/06/18;11:10:08.817;DEBUG;18320;0000000000000000;BaslerControl::openCamera@51;"尝试打开第1台Basler相机..."
2025/06/18;11:10:08.903;DEBUG;18320;0000000000000000;BaslerControl::openCamera@54;"已经打开第1台Basler相机"
2025/06/18;11:10:08.920;DEBUG;18320;0000000000000000;BaslerControl::openCamera@69;"第1台Basler相机连接成功"
2025/06/18;11:10:08.920;DEBUG;18320;0000000000000000;BaslerControl::openCamera@45;"尝试连接第2台相机..."
2025/06/18;11:10:09.060;DEBUG;18320;0000000000000000;BaslerControl::openCamera@51;"尝试打开第2台Basler相机..."
2025/06/18;11:10:09.183;DEBUG;18320;0000000000000000;BaslerControl::openCamera@54;"已经打开第2台Basler相机"
2025/06/18;11:10:09.207;DEBUG;18320;0000000000000000;BaslerControl::openCamera@69;"第2台Basler相机连接成功"
2025/06/18;11:10:09.207;DEBUG;18320;0000000000000000;BaslerControl::openCamera@45;"尝试连接第3台相机..."
2025/06/18;11:10:09.342;DEBUG;18320;0000000000000000;BaslerControl::openCamera@51;"尝试打开第3台Basler相机..."
2025/06/18;11:10:09.462;DEBUG;18320;0000000000000000;BaslerControl::openCamera@54;"已经打开第3台Basler相机"
2025/06/18;11:10:09.484;DEBUG;18320;0000000000000000;BaslerControl::openCamera@69;"第3台Basler相机连接成功"
2025/06/18;11:11:17.220;ERROR;18320;0000000000000000;BaslerControl::openCamera@184;"图片保存成功"
2025/06/18;11:12:06.084;ERROR;18320;0000000000000000;BaslerControl::openCamera@184;"图片保存成功"
2025/06/18;11:12:28.119;ERROR;18320;0000000000000000;BaslerControl::openCamera@184;"图片保存成功"
2025/06/18;11:12:41.210;ERROR;18320;0000000000000000;BaslerControl::openCamera@184;"图片保存成功"
2025/06/18;11:12:52.675;ERROR;18320;0000000000000000;BaslerControl::openCamera@184;"图片保存成功"
2025/06/18;11:14:38.615;DEBUG;27964;0000000000000000;BaslerControl::openCamera@30;"正在连接Basler相机... ..."
2025/06/18;11:14:38.888;DEBUG;27964;0000000000000000;BaslerControl::openCamera@45;"尝试连接第1台相机..."
2025/06/18;11:14:39.174;DEBUG;27964;0000000000000000;BaslerControl::openCamera@51;"尝试打开第1台Basler相机..."
2025/06/18;11:14:39.271;DEBUG;27964;0000000000000000;BaslerControl::openCamera@54;"已经打开第1台Basler相机"
2025/06/18;11:14:39.291;DEBUG;27964;0000000000000000;BaslerControl::openCamera@69;"第1台Basler相机连接成功"
2025/06/18;11:14:39.291;DEBUG;27964;0000000000000000;BaslerControl::openCamera@45;"尝试连接第2台相机..."
2025/06/18;11:14:39.445;DEBUG;27964;0000000000000000;BaslerControl::openCamera@51;"尝试打开第2台Basler相机..."
2025/06/18;11:14:39.569;DEBUG;27964;0000000000000000;BaslerControl::openCamera@54;"已经打开第2台Basler相机"
2025/06/18;11:14:39.592;DEBUG;27964;0000000000000000;BaslerControl::openCamera@69;"第2台Basler相机连接成功"
2025/06/18;11:14:39.592;DEBUG;27964;0000000000000000;BaslerControl::openCamera@45;"尝试连接第3台相机..."
2025/06/18;11:14:39.739;DEBUG;27964;0000000000000000;BaslerControl::openCamera@51;"尝试打开第3台Basler相机..."
2025/06/18;11:14:39.860;DEBUG;27964;0000000000000000;BaslerControl::openCamera@54;"已经打开第3台Basler相机"
2025/06/18;11:14:39.884;DEBUG;27964;0000000000000000;BaslerControl::openCamera@69;"第3台Basler相机连接成功"
2025/06/18;12:47:16.601;DEBUG;43844;0000000000000000;BaslerControl::openCamera@30;"正在连接Basler相机... ..."
2025/06/18;12:47:16.873;DEBUG;43844;0000000000000000;BaslerControl::openCamera@45;"尝试连接第1台相机..."
2025/06/18;12:47:17.157;DEBUG;43844;0000000000000000;BaslerControl::openCamera@51;"尝试打开第1台Basler相机..."
2025/06/18;12:47:17.306;DEBUG;43844;0000000000000000;BaslerControl::openCamera@54;"已经打开第1台Basler相机"
2025/06/18;12:47:17.342;DEBUG;43844;0000000000000000;BaslerControl::openCamera@69;"第1台Basler相机连接成功"
2025/06/18;12:47:17.342;DEBUG;43844;0000000000000000;BaslerControl::openCamera@45;"尝试连接第2台相机..."
2025/06/18;12:47:17.512;DEBUG;43844;0000000000000000;BaslerControl::openCamera@51;"尝试打开第2台Basler相机..."
2025/06/18;12:47:17.634;DEBUG;43844;0000000000000000;BaslerControl::openCamera@54;"已经打开第2台Basler相机"
2025/06/18;12:47:17.657;DEBUG;43844;0000000000000000;BaslerControl::openCamera@69;"第2台Basler相机连接成功"
2025/06/18;12:47:17.657;DEBUG;43844;0000000000000000;BaslerControl::openCamera@45;"尝试连接第3台相机..."
2025/06/18;12:47:17.807;DEBUG;43844;0000000000000000;BaslerControl::openCamera@51;"尝试打开第3台Basler相机..."
2025/06/18;12:47:17.930;DEBUG;43844;0000000000000000;BaslerControl::openCamera@54;"已经打开第3台Basler相机"
2025/06/18;12:47:17.953;DEBUG;43844;0000000000000000;BaslerControl::openCamera@69;"第3台Basler相机连接成功"
2025/06/18;12:50:03.015;DEBUG;15616;0000000000000000;BaslerControl::openCamera@30;"正在连接Basler相机... ..."
2025/06/18;12:50:03.287;DEBUG;15616;0000000000000000;BaslerControl::openCamera@45;"尝试连接第1台相机..."
2025/06/18;12:50:03.571;DEBUG;15616;0000000000000000;BaslerControl::openCamera@51;"尝试打开第1台Basler相机..."
2025/06/18;12:50:03.665;DEBUG;15616;0000000000000000;BaslerControl::openCamera@54;"已经打开第1台Basler相机"
2025/06/18;12:50:03.681;DEBUG;15616;0000000000000000;BaslerControl::openCamera@69;"第1台Basler相机连接成功"
2025/06/18;12:50:03.681;DEBUG;15616;0000000000000000;BaslerControl::openCamera@45;"尝试连接第2台相机..."
2025/06/18;12:50:03.825;DEBUG;15616;0000000000000000;BaslerControl::openCamera@51;"尝试打开第2台Basler相机..."
2025/06/18;12:50:03.948;DEBUG;15616;0000000000000000;BaslerControl::openCamera@54;"已经打开第2台Basler相机"
2025/06/18;12:50:03.970;DEBUG;15616;0000000000000000;BaslerControl::openCamera@69;"第2台Basler相机连接成功"
2025/06/18;12:50:03.971;DEBUG;15616;0000000000000000;BaslerControl::openCamera@45;"尝试连接第3台相机..."
2025/06/18;12:50:04.121;DEBUG;15616;0000000000000000;BaslerControl::openCamera@51;"尝试打开第3台Basler相机..."
2025/06/18;12:50:04.244;DEBUG;15616;0000000000000000;BaslerControl::openCamera@54;"已经打开第3台Basler相机"
2025/06/18;12:50:04.268;DEBUG;15616;0000000000000000;BaslerControl::openCamera@69;"第3台Basler相机连接成功"
2025/06/18;12:51:06.841;DEBUG;33280;0000000000000000;BaslerControl::openCamera@30;"正在连接Basler相机... ..."
2025/06/18;12:51:07.112;DEBUG;33280;0000000000000000;BaslerControl::openCamera@45;"尝试连接第1台相机..."
2025/06/18;12:51:07.401;DEBUG;33280;0000000000000000;BaslerControl::openCamera@51;"尝试打开第1台Basler相机..."
2025/06/18;12:51:07.552;DEBUG;33280;0000000000000000;BaslerControl::openCamera@54;"已经打开第1台Basler相机"
2025/06/18;12:51:07.584;DEBUG;33280;0000000000000000;BaslerControl::openCamera@69;"第1台Basler相机连接成功"
2025/06/18;12:51:07.585;DEBUG;33280;0000000000000000;BaslerControl::openCamera@45;"尝试连接第2台相机..."
2025/06/18;12:51:07.739;DEBUG;33280;0000000000000000;BaslerControl::openCamera@51;"尝试打开第2台Basler相机..."
2025/06/18;12:51:08.380;DEBUG;33280;0000000000000000;BaslerControl::openCamera@54;"已经打开第2台Basler相机"
2025/06/18;12:51:08.404;DEBUG;33280;0000000000000000;BaslerControl::openCamera@69;"第2台Basler相机连接成功"
2025/06/18;12:51:08.404;DEBUG;33280;0000000000000000;BaslerControl::openCamera@45;"尝试连接第3台相机..."
2025/06/18;12:51:08.538;DEBUG;33280;0000000000000000;BaslerControl::openCamera@51;"尝试打开第3台Basler相机..."
2025/06/18;12:51:08.665;DEBUG;33280;0000000000000000;BaslerControl::openCamera@54;"已经打开第3台Basler相机"
2025/06/18;12:51:08.687;DEBUG;33280;0000000000000000;BaslerControl::openCamera@69;"第3台Basler相机连接成功"
2025/06/18;12:56:18.084;DEBUG;24276;0000000000000000;BaslerControl::openCamera@30;"正在连接Basler相机... ..."
2025/06/18;12:56:18.362;DEBUG;24276;0000000000000000;BaslerControl::openCamera@45;"尝试连接第1台相机..."
2025/06/18;12:56:18.523;DEBUG;24276;0000000000000000;BaslerControl::openCamera@51;"尝试打开第1台Basler相机..."
2025/06/18;12:56:18.616;DEBUG;24276;0000000000000000;BaslerControl::openCamera@54;"已经打开第1台Basler相机"
2025/06/18;12:56:18.633;DEBUG;24276;0000000000000000;BaslerControl::openCamera@69;"第1台Basler相机连接成功"
2025/06/18;12:56:18.633;DEBUG;24276;0000000000000000;BaslerControl::openCamera@45;"尝试连接第2台相机..."
2025/06/18;12:56:18.774;DEBUG;24276;0000000000000000;BaslerControl::openCamera@51;"尝试打开第2台Basler相机..."
2025/06/18;12:56:18.904;DEBUG;24276;0000000000000000;BaslerControl::openCamera@54;"已经打开第2台Basler相机"
2025/06/18;12:56:18.927;DEBUG;24276;0000000000000000;BaslerControl::openCamera@69;"第2台Basler相机连接成功"
2025/06/18;12:56:18.928;DEBUG;24276;0000000000000000;BaslerControl::openCamera@45;"尝试连接第3台相机..."
2025/06/18;12:56:19.065;DEBUG;24276;0000000000000000;BaslerControl::openCamera@51;"尝试打开第3台Basler相机..."
2025/06/18;12:56:19.186;DEBUG;24276;0000000000000000;BaslerControl::openCamera@54;"已经打开第3台Basler相机"
2025/06/18;12:56:19.209;DEBUG;24276;0000000000000000;BaslerControl::openCamera@69;"第3台Basler相机连接成功"
2025/06/18;12:59:30.221;DEBUG;42896;0000000000000000;BaslerControl::openCamera@30;"正在连接Basler相机... ..."
2025/06/18;12:59:30.496;DEBUG;42896;0000000000000000;BaslerControl::openCamera@45;"尝试连接第1台相机..."
2025/06/18;12:59:30.769;DEBUG;42896;0000000000000000;BaslerControl::openCamera@51;"尝试打开第1台Basler相机..."
2025/06/18;12:59:30.864;DEBUG;42896;0000000000000000;BaslerControl::openCamera@54;"已经打开第1台Basler相机"
2025/06/18;12:59:30.881;DEBUG;42896;0000000000000000;BaslerControl::openCamera@69;"第1台Basler相机连接成功"
2025/06/18;12:59:30.881;DEBUG;42896;0000000000000000;BaslerControl::openCamera@45;"尝试连接第2台相机..."
2025/06/18;12:59:31.025;DEBUG;42896;0000000000000000;BaslerControl::openCamera@51;"尝试打开第2台Basler相机..."
2025/06/18;12:59:31.149;DEBUG;42896;0000000000000000;BaslerControl::openCamera@54;"已经打开第2台Basler相机"
2025/06/18;12:59:31.171;DEBUG;42896;0000000000000000;BaslerControl::openCamera@69;"第2台Basler相机连接成功"
2025/06/18;12:59:31.171;DEBUG;42896;0000000000000000;BaslerControl::openCamera@45;"尝试连接第3台相机..."
2025/06/18;12:59:31.321;DEBUG;42896;0000000000000000;BaslerControl::openCamera@51;"尝试打开第3台Basler相机..."
2025/06/18;12:59:31.445;DEBUG;42896;0000000000000000;BaslerControl::openCamera@54;"已经打开第3台Basler相机"
2025/06/18;12:59:31.469;DEBUG;42896;0000000000000000;BaslerControl::openCamera@69;"第3台Basler相机连接成功"
2025/06/18;13:04:46.330;DEBUG;2076;0000000000000000;BaslerControl::openCamera@30;"正在连接Basler相机... ..."
2025/06/18;13:04:46.634;DEBUG;2076;0000000000000000;BaslerControl::openCamera@45;"尝试连接第1台相机..."
2025/06/18;13:04:46.922;DEBUG;2076;0000000000000000;BaslerControl::openCamera@51;"尝试打开第1台Basler相机..."
2025/06/18;13:04:47.081;DEBUG;2076;0000000000000000;BaslerControl::openCamera@54;"已经打开第1台Basler相机"
2025/06/18;13:04:47.099;DEBUG;2076;0000000000000000;BaslerControl::openCamera@69;"第1台Basler相机连接成功"
2025/06/18;13:04:47.099;DEBUG;2076;0000000000000000;BaslerControl::openCamera@45;"尝试连接第2台相机..."
2025/06/18;13:04:47.248;DEBUG;2076;0000000000000000;BaslerControl::openCamera@51;"尝试打开第2台Basler相机..."
2025/06/18;13:04:47.372;DEBUG;2076;0000000000000000;BaslerControl::openCamera@54;"已经打开第2台Basler相机"
2025/06/18;13:04:47.396;DEBUG;2076;0000000000000000;BaslerControl::openCamera@69;"第2台Basler相机连接成功"
2025/06/18;13:04:47.396;DEBUG;2076;0000000000000000;BaslerControl::openCamera@45;"尝试连接第3台相机..."
2025/06/18;13:04:47.532;DEBUG;2076;0000000000000000;BaslerControl::openCamera@51;"尝试打开第3台Basler相机..."
2025/06/18;13:04:47.652;DEBUG;2076;0000000000000000;BaslerControl::openCamera@54;"已经打开第3台Basler相机"
2025/06/18;13:04:47.675;DEBUG;2076;0000000000000000;BaslerControl::openCamera@69;"第3台Basler相机连接成功"
2025/06/18;13:07:20.665;DEBUG;3176;0000000000000000;BaslerControl::openCamera@30;"正在连接Basler相机... ..."
2025/06/18;13:07:20.939;DEBUG;3176;0000000000000000;BaslerControl::openCamera@45;"尝试连接第1台相机..."
2025/06/18;13:07:21.227;DEBUG;3176;0000000000000000;BaslerControl::openCamera@51;"尝试打开第1台Basler相机..."
2025/06/18;13:07:21.358;DEBUG;3176;0000000000000000;BaslerControl::openCamera@54;"已经打开第1台Basler相机"
2025/06/18;13:07:21.376;DEBUG;3176;0000000000000000;BaslerControl::openCamera@69;"第1台Basler相机连接成功"
2025/06/18;13:07:21.376;DEBUG;3176;0000000000000000;BaslerControl::openCamera@45;"尝试连接第2台相机..."
2025/06/18;13:07:21.532;DEBUG;3176;0000000000000000;BaslerControl::openCamera@51;"尝试打开第2台Basler相机..."
2025/06/18;13:07:21.657;DEBUG;3176;0000000000000000;BaslerControl::openCamera@54;"已经打开第2台Basler相机"
2025/06/18;13:07:21.679;DEBUG;3176;0000000000000000;BaslerControl::openCamera@69;"第2台Basler相机连接成功"
2025/06/18;13:07:21.679;DEBUG;3176;0000000000000000;BaslerControl::openCamera@45;"尝试连接第3台相机..."
2025/06/18;13:07:21.830;DEBUG;3176;0000000000000000;BaslerControl::openCamera@51;"尝试打开第3台Basler相机..."
2025/06/18;13:07:21.951;DEBUG;3176;0000000000000000;BaslerControl::openCamera@54;"已经打开第3台Basler相机"
2025/06/18;13:07:21.976;DEBUG;3176;0000000000000000;BaslerControl::openCamera@69;"第3台Basler相机连接成功"
2025/06/18;13:08:40.305;DEBUG;36228;0000000000000000;BaslerControl::openCamera@30;"正在连接Basler相机... ..."
2025/06/18;13:08:40.577;DEBUG;36228;0000000000000000;BaslerControl::openCamera@45;"尝试连接第1台相机..."
2025/06/18;13:08:40.871;DEBUG;36228;0000000000000000;BaslerControl::openCamera@51;"尝试打开第1台Basler相机..."
2025/06/18;13:08:40.969;DEBUG;36228;0000000000000000;BaslerControl::openCamera@54;"已经打开第1台Basler相机"
2025/06/18;13:08:40.986;DEBUG;36228;0000000000000000;BaslerControl::openCamera@69;"第1台Basler相机连接成功"
2025/06/18;13:08:40.986;DEBUG;36228;0000000000000000;BaslerControl::openCamera@45;"尝试连接第2台相机..."
2025/06/18;13:08:41.129;DEBUG;36228;0000000000000000;BaslerControl::openCamera@51;"尝试打开第2台Basler相机..."
2025/06/18;13:08:41.253;DEBUG;36228;0000000000000000;BaslerControl::openCamera@54;"已经打开第2台Basler相机"
2025/06/18;13:08:41.277;DEBUG;36228;0000000000000000;BaslerControl::openCamera@69;"第2台Basler相机连接成功"
2025/06/18;13:08:41.277;DEBUG;36228;0000000000000000;BaslerControl::openCamera@45;"尝试连接第3台相机..."
2025/06/18;13:08:41.425;DEBUG;36228;0000000000000000;BaslerControl::openCamera@51;"尝试打开第3台Basler相机..."
2025/06/18;13:08:41.548;DEBUG;36228;0000000000000000;BaslerControl::openCamera@54;"已经打开第3台Basler相机"
2025/06/18;13:08:41.571;DEBUG;36228;0000000000000000;BaslerControl::openCamera@69;"第3台Basler相机连接成功"
2025/06/18;13:11:49.129;DEBUG;37800;0000000000000000;BaslerControl::openCamera@30;"正在连接Basler相机... ..."
2025/06/18;13:11:49.401;DEBUG;37800;0000000000000000;BaslerControl::openCamera@45;"尝试连接第1台相机..."
2025/06/18;13:11:49.706;DEBUG;37800;0000000000000000;BaslerControl::openCamera@51;"尝试打开第1台Basler相机..."
2025/06/18;13:11:49.848;DEBUG;37800;0000000000000000;BaslerControl::openCamera@54;"已经打开第1台Basler相机"
2025/06/18;13:11:49.866;DEBUG;37800;0000000000000000;BaslerControl::openCamera@69;"第1台Basler相机连接成功"
2025/06/18;13:11:49.866;DEBUG;37800;0000000000000000;BaslerControl::openCamera@45;"尝试连接第2台相机..."
2025/06/18;13:11:50.007;DEBUG;37800;0000000000000000;BaslerControl::openCamera@51;"尝试打开第2台Basler相机..."
2025/06/18;13:11:50.129;DEBUG;37800;0000000000000000;BaslerControl::openCamera@54;"已经打开第2台Basler相机"
2025/06/18;13:11:50.152;DEBUG;37800;0000000000000000;BaslerControl::openCamera@69;"第2台Basler相机连接成功"
2025/06/18;13:11:50.152;DEBUG;37800;0000000000000000;BaslerControl::openCamera@45;"尝试连接第3台相机..."
2025/06/18;13:11:50.302;DEBUG;37800;0000000000000000;BaslerControl::openCamera@51;"尝试打开第3台Basler相机..."
2025/06/18;13:11:50.426;DEBUG;37800;0000000000000000;BaslerControl::openCamera@54;"已经打开第3台Basler相机"
2025/06/18;13:11:50.450;DEBUG;37800;0000000000000000;BaslerControl::openCamera@69;"第3台Basler相机连接成功"
2025/06/18;13:16:00.131;DEBUG;25372;0000000000000000;BaslerControl::openCamera@30;"正在连接Basler相机... ..."
2025/06/18;13:16:00.403;DEBUG;25372;0000000000000000;BaslerControl::openCamera@45;"尝试连接第1台相机..."
2025/06/18;13:16:00.706;DEBUG;25372;0000000000000000;BaslerControl::openCamera@51;"尝试打开第1台Basler相机..."
2025/06/18;13:16:00.846;DEBUG;25372;0000000000000000;BaslerControl::openCamera@54;"已经打开第1台Basler相机"
2025/06/18;13:16:00.862;DEBUG;25372;0000000000000000;BaslerControl::openCamera@69;"第1台Basler相机连接成功"
2025/06/18;13:16:00.862;DEBUG;25372;0000000000000000;BaslerControl::openCamera@45;"尝试连接第2台相机..."
2025/06/18;13:16:01.003;DEBUG;25372;0000000000000000;BaslerControl::openCamera@51;"尝试打开第2台Basler相机..."
2025/06/18;13:16:01.120;DEBUG;25372;0000000000000000;BaslerControl::openCamera@54;"已经打开第2台Basler相机"
2025/06/18;13:16:01.142;DEBUG;25372;0000000000000000;BaslerControl::openCamera@69;"第2台Basler相机连接成功"
2025/06/18;13:16:01.143;DEBUG;25372;0000000000000000;BaslerControl::openCamera@45;"尝试连接第3台相机..."
2025/06/18;13:16:01.277;DEBUG;25372;0000000000000000;BaslerControl::openCamera@51;"尝试打开第3台Basler相机..."
2025/06/18;13:16:01.397;DEBUG;25372;0000000000000000;BaslerControl::openCamera@54;"已经打开第3台Basler相机"
2025/06/18;13:16:01.420;DEBUG;25372;0000000000000000;BaslerControl::openCamera@69;"第3台Basler相机连接成功"
2025/06/18;13:17:54.005;DEBUG;29264;0000000000000000;BaslerControl::openCamera@30;"正在连接Basler相机... ..."
2025/06/18;13:17:54.277;DEBUG;29264;0000000000000000;BaslerControl::openCamera@45;"尝试连接第1台相机..."
2025/06/18;13:17:54.584;DEBUG;29264;0000000000000000;BaslerControl::openCamera@51;"尝试打开第1台Basler相机..."
2025/06/18;13:17:54.680;DEBUG;29264;0000000000000000;BaslerControl::openCamera@54;"已经打开第1台Basler相机"
2025/06/18;13:17:54.699;DEBUG;29264;0000000000000000;BaslerControl::openCamera@69;"第1台Basler相机连接成功"
2025/06/18;13:17:54.699;DEBUG;29264;0000000000000000;BaslerControl::openCamera@45;"尝试连接第2台相机..."
2025/06/18;13:17:54.842;DEBUG;29264;0000000000000000;BaslerControl::openCamera@51;"尝试打开第2台Basler相机..."
2025/06/18;13:17:54.967;DEBUG;29264;0000000000000000;BaslerControl::openCamera@54;"已经打开第2台Basler相机"
2025/06/18;13:17:54.990;DEBUG;29264;0000000000000000;BaslerControl::openCamera@69;"第2台Basler相机连接成功"
2025/06/18;13:17:54.990;DEBUG;29264;0000000000000000;BaslerControl::openCamera@45;"尝试连接第3台相机..."
2025/06/18;13:17:55.132;DEBUG;29264;0000000000000000;BaslerControl::openCamera@51;"尝试打开第3台Basler相机..."
2025/06/18;13:17:55.253;DEBUG;29264;0000000000000000;BaslerControl::openCamera@54;"已经打开第3台Basler相机"
2025/06/18;13:17:55.277;DEBUG;29264;0000000000000000;BaslerControl::openCamera@69;"第3台Basler相机连接成功"
2025/06/18;13:23:51.139;DEBUG;33348;0000000000000000;BaslerControl::openCamera@30;"正在连接Basler相机... ..."
2025/06/18;13:23:51.411;DEBUG;33348;0000000000000000;BaslerControl::openCamera@45;"尝试连接第1台相机..."
2025/06/18;13:23:51.708;DEBUG;33348;0000000000000000;BaslerControl::openCamera@51;"尝试打开第1台Basler相机..."
2025/06/18;13:23:51.822;DEBUG;33348;0000000000000000;BaslerControl::openCamera@54;"已经打开第1台Basler相机"
2025/06/18;13:23:51.840;DEBUG;33348;0000000000000000;BaslerControl::openCamera@69;"第1台Basler相机连接成功"
2025/06/18;13:23:51.840;DEBUG;33348;0000000000000000;BaslerControl::openCamera@45;"尝试连接第2台相机..."
2025/06/18;13:23:51.981;DEBUG;33348;0000000000000000;BaslerControl::openCamera@51;"尝试打开第2台Basler相机..."
2025/06/18;13:23:52.104;DEBUG;33348;0000000000000000;BaslerControl::openCamera@54;"已经打开第2台Basler相机"
2025/06/18;13:23:52.127;DEBUG;33348;0000000000000000;BaslerControl::openCamera@69;"第2台Basler相机连接成功"
2025/06/18;13:23:52.127;DEBUG;33348;0000000000000000;BaslerControl::openCamera@45;"尝试连接第3台相机..."
2025/06/18;13:23:52.276;DEBUG;33348;0000000000000000;BaslerControl::openCamera@51;"尝试打开第3台Basler相机..."
2025/06/18;13:23:52.398;DEBUG;33348;0000000000000000;BaslerControl::openCamera@54;"已经打开第3台Basler相机"
2025/06/18;13:23:52.422;DEBUG;33348;0000000000000000;BaslerControl::openCamera@69;"第3台Basler相机连接成功"
2025/06/18;13:31:00.296;DEBUG;33892;0000000000000000;BaslerControl::openCamera@30;"正在连接Basler相机... ..."
2025/06/18;13:31:00.578;DEBUG;33892;0000000000000000;BaslerControl::openCamera@45;"尝试连接第1台相机..."
2025/06/18;13:31:00.725;DEBUG;33892;0000000000000000;BaslerControl::openCamera@51;"尝试打开第1台Basler相机..."
2025/06/18;13:31:00.819;DEBUG;33892;0000000000000000;BaslerControl::openCamera@54;"已经打开第1台Basler相机"
2025/06/18;13:31:00.835;DEBUG;33892;0000000000000000;BaslerControl::openCamera@69;"第1台Basler相机连接成功"
2025/06/18;13:31:00.835;DEBUG;33892;0000000000000000;BaslerControl::openCamera@45;"尝试连接第2台相机..."
2025/06/18;13:31:00.980;DEBUG;33892;0000000000000000;BaslerControl::openCamera@51;"尝试打开第2台Basler相机..."
2025/06/18;13:31:01.104;DEBUG;33892;0000000000000000;BaslerControl::openCamera@54;"已经打开第2台Basler相机"
2025/06/18;13:31:01.127;DEBUG;33892;0000000000000000;BaslerControl::openCamera@69;"第2台Basler相机连接成功"
2025/06/18;13:31:01.127;DEBUG;33892;0000000000000000;BaslerControl::openCamera@45;"尝试连接第3台相机..."
2025/06/18;13:31:01.276;DEBUG;33892;0000000000000000;BaslerControl::openCamera@51;"尝试打开第3台Basler相机..."
2025/06/18;13:31:01.399;DEBUG;33892;0000000000000000;BaslerControl::openCamera@54;"已经打开第3台Basler相机"
2025/06/18;13:31:01.423;DEBUG;33892;0000000000000000;BaslerControl::openCamera@69;"第3台Basler相机连接成功"
2025/06/18;13:34:29.804;DEBUG;35644;0000000000000000;BaslerControl::openCamera@30;"正在连接Basler相机... ..."
2025/06/18;13:34:30.077;DEBUG;35644;0000000000000000;BaslerControl::openCamera@45;"尝试连接第1台相机..."
2025/06/18;13:34:30.378;DEBUG;35644;0000000000000000;BaslerControl::openCamera@51;"尝试打开第1台Basler相机..."
2025/06/18;13:34:30.476;DEBUG;35644;0000000000000000;BaslerControl::openCamera@54;"已经打开第1台Basler相机"
2025/06/18;13:34:30.493;DEBUG;35644;0000000000000000;BaslerControl::openCamera@69;"第1台Basler相机连接成功"
2025/06/18;13:34:30.493;DEBUG;35644;0000000000000000;BaslerControl::openCamera@45;"尝试连接第2台相机..."
2025/06/18;13:34:30.635;DEBUG;35644;0000000000000000;BaslerControl::openCamera@51;"尝试打开第2台Basler相机..."
2025/06/18;13:34:30.762;DEBUG;35644;0000000000000000;BaslerControl::openCamera@54;"已经打开第2台Basler相机"
2025/06/18;13:34:30.784;DEBUG;35644;0000000000000000;BaslerControl::openCamera@69;"第2台Basler相机连接成功"
2025/06/18;13:34:30.785;DEBUG;35644;0000000000000000;BaslerControl::openCamera@45;"尝试连接第3台相机..."
2025/06/18;13:34:30.934;DEBUG;35644;0000000000000000;BaslerControl::openCamera@51;"尝试打开第3台Basler相机..."
2025/06/18;13:34:31.056;DEBUG;35644;0000000000000000;BaslerControl::openCamera@54;"已经打开第3台Basler相机"
2025/06/18;13:34:31.079;DEBUG;35644;0000000000000000;BaslerControl::openCamera@69;"第3台Basler相机连接成功"
2025/06/18;13:35:11.574;ERROR;35644;0000000000000000;BaslerControl::openCamera@184;"图片保存成功"
2025/06/18;13:36:00.039;ERROR;35644;0000000000000000;BaslerControl::openCamera@184;"图片保存成功"
2025/06/18;13:37:02.927;ERROR;35644;0000000000000000;BaslerControl::openCamera@184;"图片保存成功"
2025/06/18;13:38:30.259;ERROR;35644;0000000000000000;BaslerControl::openCamera@184;"图片保存成功"
2025/06/18;13:39:33.585;ERROR;35644;0000000000000000;BaslerControl::openCamera@184;"图片保存成功"
2025/06/18;13:40:41.897;ERROR;35644;0000000000000000;BaslerControl::openCamera@184;"图片保存成功"
2025/06/18;13:42:08.788;ERROR;35644;0000000000000000;BaslerControl::openCamera@184;"图片保存成功"
2025/06/18;13:43:55.954;ERROR;35644;0000000000000000;BaslerControl::openCamera@184;"图片保存成功"
2025/06/18;13:44:59.140;ERROR;35644;0000000000000000;BaslerControl::openCamera@184;"图片保存成功"
2025/06/18;13:46:09.598;ERROR;35644;0000000000000000;BaslerControl::openCamera@184;"图片保存成功"
2025/06/18;13:47:37.812;ERROR;35644;0000000000000000;BaslerControl::openCamera@184;"图片保存成功"
2025/06/18;13:48:58.066;ERROR;35644;0000000000000000;BaslerControl::openCamera@184;"图片保存成功"
2025/06/18;13:50:43.579;ERROR;35644;0000000000000000;BaslerControl::openCamera@184;"图片保存成功"
2025/06/18;13:51:38.156;ERROR;35644;0000000000000000;BaslerControl::openCamera@184;"图片保存成功"
2025/06/18;13:52:52.815;ERROR;35644;0000000000000000;BaslerControl::openCamera@184;"图片保存成功"
2025/06/18;13:54:01.783;ERROR;35644;0000000000000000;BaslerControl::openCamera@184;"图片保存成功"
2025/06/18;13:55:29.080;ERROR;35644;0000000000000000;BaslerControl::openCamera@184;"图片保存成功"
2025/06/18;13:57:31.356;ERROR;35644;0000000000000000;BaslerControl::openCamera@184;"图片保存成功"
2025/06/18;13:58:35.314;ERROR;35644;0000000000000000;BaslerControl::openCamera@184;"图片保存成功"
2025/06/18;14:00:10.089;ERROR;35644;0000000000000000;BaslerControl::openCamera@184;"图片保存成功"
2025/06/18;14:02:12.382;ERROR;35644;0000000000000000;BaslerControl::openCamera@184;"图片保存成功"
2025/06/18;14:04:25.694;ERROR;35644;0000000000000000;BaslerControl::openCamera@184;"图片保存成功"
2025/06/18;14:07:42.795;DEBUG;29992;0000000000000000;BaslerControl::openCamera@30;"正在连接Basler相机... ..."
2025/06/18;14:07:43.075;DEBUG;29992;0000000000000000;BaslerControl::openCamera@45;"尝试连接第1台相机..."
2025/06/18;14:07:43.360;DEBUG;29992;0000000000000000;BaslerControl::openCamera@51;"尝试打开第1台Basler相机..."
2025/06/18;14:07:43.514;DEBUG;29992;0000000000000000;BaslerControl::openCamera@54;"已经打开第1台Basler相机"
2025/06/18;14:07:43.549;DEBUG;29992;0000000000000000;BaslerControl::openCamera@69;"第1台Basler相机连接成功"
2025/06/18;14:07:43.549;DEBUG;29992;0000000000000000;BaslerControl::openCamera@45;"尝试连接第2台相机..."
2025/06/18;14:07:43.702;DEBUG;29992;0000000000000000;BaslerControl::openCamera@51;"尝试打开第2台Basler相机..."
2025/06/18;14:07:43.828;DEBUG;29992;0000000000000000;BaslerControl::openCamera@54;"已经打开第2台Basler相机"
2025/06/18;14:07:43.851;DEBUG;29992;0000000000000000;BaslerControl::openCamera@69;"第2台Basler相机连接成功"
2025/06/18;14:07:43.851;DEBUG;29992;0000000000000000;BaslerControl::openCamera@45;"尝试连接第3台相机..."
2025/06/18;14:07:43.998;DEBUG;29992;0000000000000000;BaslerControl::openCamera@51;"尝试打开第3台Basler相机..."
2025/06/18;14:07:44.125;DEBUG;29992;0000000000000000;BaslerControl::openCamera@54;"已经打开第3台Basler相机"
2025/06/18;14:07:44.149;DEBUG;29992;0000000000000000;BaslerControl::openCamera@69;"第3台Basler相机连接成功"
2025/06/18;14:08:58.224;ERROR;29992;0000000000000000;BaslerControl::openCamera@184;"图片保存成功"
2025/06/18;14:09:30.945;ERROR;29992;0000000000000000;BaslerControl::openCamera@184;"图片保存成功"
2025/06/18;14:09:51.473;ERROR;29992;0000000000000000;BaslerControl::openCamera@184;"图片保存成功"
2025/06/18;14:10:14.267;ERROR;29992;0000000000000000;BaslerControl::openCamera@184;"图片保存成功"
2025/06/18;14:10:31.097;ERROR;29992;0000000000000000;BaslerControl::openCamera@184;"图片保存成功"
2025/06/18;14:18:44.833;DEBUG;2956;0000000000000000;BaslerControl::openCamera@30;"正在连接Basler相机... ..."
2025/06/18;14:18:45.109;DEBUG;2956;0000000000000000;BaslerControl::openCamera@45;"尝试连接第1台相机..."
2025/06/18;14:18:45.255;DEBUG;2956;0000000000000000;BaslerControl::openCamera@51;"尝试打开第1台Basler相机..."
2025/06/18;14:18:45.352;DEBUG;2956;0000000000000000;BaslerControl::openCamera@54;"已经打开第1台Basler相机"
2025/06/18;14:18:45.369;DEBUG;2956;0000000000000000;BaslerControl::openCamera@69;"第1台Basler相机连接成功"
2025/06/18;14:18:45.369;DEBUG;2956;0000000000000000;BaslerControl::openCamera@45;"尝试连接第2台相机..."
2025/06/18;14:18:45.514;DEBUG;2956;0000000000000000;BaslerControl::openCamera@51;"尝试打开第2台Basler相机..."
2025/06/18;14:18:46.149;DEBUG;2956;0000000000000000;BaslerControl::openCamera@54;"已经打开第2台Basler相机"
2025/06/18;14:18:46.172;DEBUG;2956;0000000000000000;BaslerControl::openCamera@69;"第2台Basler相机连接成功"
2025/06/18;14:18:46.172;DEBUG;2956;0000000000000000;BaslerControl::openCamera@45;"尝试连接第3台相机..."
2025/06/18;14:18:46.320;DEBUG;2956;0000000000000000;BaslerControl::openCamera@51;"尝试打开第3台Basler相机..."
2025/06/18;14:18:46.443;DEBUG;2956;0000000000000000;BaslerControl::openCamera@54;"已经打开第3台Basler相机"
2025/06/18;14:18:46.466;DEBUG;2956;0000000000000000;BaslerControl::openCamera@69;"第3台Basler相机连接成功"
2025/06/18;14:19:42.048;DEBUG;26772;0000000000000000;BaslerControl::openCamera@30;"正在连接Basler相机... ..."
2025/06/18;14:19:42.320;DEBUG;26772;0000000000000000;BaslerControl::openCamera@45;"尝试连接第1台相机..."
2025/06/18;14:19:42.457;DEBUG;26772;0000000000000000;BaslerControl::openCamera@51;"尝试打开第1台Basler相机..."
2025/06/18;14:19:42.551;DEBUG;26772;0000000000000000;BaslerControl::openCamera@54;"已经打开第1台Basler相机"
2025/06/18;14:19:42.567;DEBUG;26772;0000000000000000;BaslerControl::openCamera@69;"第1台Basler相机连接成功"
2025/06/18;14:19:42.568;DEBUG;26772;0000000000000000;BaslerControl::openCamera@45;"尝试连接第2台相机..."
2025/06/18;14:19:42.711;DEBUG;26772;0000000000000000;BaslerControl::openCamera@51;"尝试打开第2台Basler相机..."
2025/06/18;14:19:42.836;DEBUG;26772;0000000000000000;BaslerControl::openCamera@54;"已经打开第2台Basler相机"
2025/06/18;14:19:42.859;DEBUG;26772;0000000000000000;BaslerControl::openCamera@69;"第2台Basler相机连接成功"
2025/06/18;14:19:42.859;DEBUG;26772;0000000000000000;BaslerControl::openCamera@45;"尝试连接第3台相机..."
2025/06/18;14:19:42.997;DEBUG;26772;0000000000000000;BaslerControl::openCamera@51;"尝试打开第3台Basler相机..."
2025/06/18;14:19:43.134;DEBUG;26772;0000000000000000;BaslerControl::openCamera@54;"已经打开第3台Basler相机"
2025/06/18;14:19:43.159;DEBUG;26772;0000000000000000;BaslerControl::openCamera@69;"第3台Basler相机连接成功"
2025/06/18;14:22:23.777;ERROR;26772;0000000000000000;BaslerControl::openCamera@184;"图片保存成功"
2025/06/18;14:23:14.753;ERROR;26772;0000000000000000;BaslerControl::openCamera@184;"图片保存成功"
2025/06/18;14:24:22.713;ERROR;26772;0000000000000000;BaslerControl::openCamera@184;"图片保存成功"
2025/06/18;14:26:01.402;ERROR;26772;0000000000000000;BaslerControl::openCamera@184;"图片保存成功"
2025/06/18;14:27:25.447;ERROR;26772;0000000000000000;BaslerControl::openCamera@184;"图片保存成功"
2025/06/18;14:29:15.332;ERROR;26772;0000000000000000;BaslerControl::openCamera@184;"图片保存成功"
2025/06/18;14:30:47.876;ERROR;26772;0000000000000000;BaslerControl::openCamera@184;"图片保存成功"
2025/06/18;14:31:37.948;ERROR;26772;0000000000000000;BaslerControl::openCamera@184;"图片保存成功"
2025/06/18;14:32:33.971;ERROR;26772;0000000000000000;BaslerControl::openCamera@184;"图片保存成功"
2025/06/18;14:38:21.493;ERROR;26772;0000000000000000;BaslerControl::openCamera@184;"图片保存成功"
2025/06/18;14:39:28.038;ERROR;26772;0000000000000000;BaslerControl::openCamera@184;"图片保存成功"
2025/06/18;14:40:23.855;ERROR;26772;0000000000000000;BaslerControl::openCamera@184;"图片保存成功"
2025/06/18;14:41:42.672;ERROR;26772;0000000000000000;BaslerControl::openCamera@184;"图片保存成功"
2025/06/18;14:43:02.745;ERROR;26772;0000000000000000;BaslerControl::openCamera@184;"图片保存成功"
2025/06/18;14:44:10.862;ERROR;26772;0000000000000000;BaslerControl::openCamera@184;"图片保存成功"
2025/06/18;14:46:05.659;ERROR;26772;0000000000000000;BaslerControl::openCamera@184;"图片保存成功"
2025/06/18;14:47:24.637;ERROR;26772;0000000000000000;BaslerControl::openCamera@184;"图片保存成功"
2025/06/18;14:50:09.288;ERROR;26772;0000000000000000;BaslerControl::openCamera@184;"图片保存成功"
2025/06/18;14:51:25.592;ERROR;26772;0000000000000000;BaslerControl::openCamera@184;"图片保存成功"
2025/06/18;14:52:29.367;ERROR;26772;0000000000000000;BaslerControl::openCamera@184;"图片保存成功"
2025/06/18;14:53:46.176;ERROR;26772;0000000000000000;BaslerControl::openCamera@184;"图片保存成功"
2025/06/18;14:54:25.582;ERROR;26772;0000000000000000;BaslerControl::openCamera@184;"图片保存成功"
2025/06/18;14:54:52.861;ERROR;26772;0000000000000000;BaslerControl::openCamera@184;"图片保存成功"
2025/06/18;14:55:14.738;ERROR;26772;0000000000000000;BaslerControl::openCamera@184;"图片保存成功"
2025/06/18;14:55:42.024;ERROR;26772;0000000000000000;BaslerControl::openCamera@184;"图片保存成功"
2025/06/18;15:09:05.556;ERROR;26772;0000000000000000;BaslerControl::openCamera@184;"图片保存成功"
2025/06/18;15:09:14.997;ERROR;26772;0000000000000000;BaslerControl::openCamera@184;"图片保存成功"
2025/06/18;16:05:48.672;DEBUG;17944;0000000000000000;BaslerControl::openCamera@30;"正在连接Basler相机... ..."
2025/06/18;16:05:48.952;DEBUG;17944;0000000000000000;BaslerControl::openCamera@45;"尝试连接第1台相机..."
2025/06/18;16:05:49.238;DEBUG;17944;0000000000000000;BaslerControl::openCamera@51;"尝试打开第1台Basler相机..."
2025/06/18;16:05:49.391;DEBUG;17944;0000000000000000;BaslerControl::openCamera@54;"已经打开第1台Basler相机"
2025/06/18;16:05:49.424;DEBUG;17944;0000000000000000;BaslerControl::openCamera@69;"第1台Basler相机连接成功"
2025/06/18;16:05:49.425;DEBUG;17944;0000000000000000;BaslerControl::openCamera@45;"尝试连接第2台相机..."
2025/06/18;16:05:49.577;DEBUG;17944;0000000000000000;BaslerControl::openCamera@51;"尝试打开第2台Basler相机..."
2025/06/18;16:05:50.212;DEBUG;17944;0000000000000000;BaslerControl::openCamera@54;"已经打开第2台Basler相机"
2025/06/18;16:05:50.235;DEBUG;17944;0000000000000000;BaslerControl::openCamera@69;"第2台Basler相机连接成功"
2025/06/18;16:05:50.235;DEBUG;17944;0000000000000000;BaslerControl::openCamera@45;"尝试连接第3台相机..."
2025/06/18;16:05:50.370;DEBUG;17944;0000000000000000;BaslerControl::openCamera@51;"尝试打开第3台Basler相机..."
2025/06/18;16:05:50.494;DEBUG;17944;0000000000000000;BaslerControl::openCamera@54;"已经打开第3台Basler相机"
2025/06/18;16:05:50.517;DEBUG;17944;0000000000000000;BaslerControl::openCamera@69;"第3台Basler相机连接成功"
2025/06/18;16:05:55.959;ERROR;17944;0000000000000000;BaslerControl::openCamera@184;"图片保存成功"
2025/06/18;16:06:02.104;ERROR;17944;0000000000000000;BaslerControl::openCamera@184;"图片保存成功"
2025/06/18;16:06:11.998;ERROR;17944;0000000000000000;BaslerControl::openCamera@184;"图片保存成功"
